k,Equity months (%),Timing terminal wealth,Difference from passive
0,0.0,2482101.9371663914,-1677049421.382824
1,0.08389261744966443,3444443.3575602793,-1676087079.96243
2,0.16778523489932887,4722637.273711811,-1674808886.0462785
3,0.2516778523489933,6309598.269207273,-1673221925.0507832
4,0.33557046979865773,7816961.295720883,-1671714562.0242696
5,0.41946308724832215,9491466.299392382,-1670040057.020598
6,0.5033557046979866,11094414.66252344,-1668437108.657467
7,0.587248322147651,12872655.834677983,-1666658867.4853125
8,0.6711409395973155,14736430.02212061,-1664795093.2978697
9,0.7550335570469798,16739283.456226707,-1662792239.8637638
10,0.8389261744966443,19069201.707078394,-1660462321.612912
11,0.9228187919463087,21662613.139241062,-1657868910.1807494
12,1.0067114093959733,24499848.013506822,-1655031675.3064835
13,1.0906040268456376,27537321.701697987,-1651994201.6182923
14,1.174496644295302,31005290.25183688,-1648526233.0681536
15,1.2583892617449663,34754810.27333405,-1644776713.0466564
16,1.342281879194631,39081351.49824167,-1640450171.8217487
17,1.4261744966442953,43683279.91734121,-1635848243.4026492
18,1.5100671140939597,48941169.452528454,-1630590353.867462
19,1.5939597315436242,54395807.5326386,-1625135715.7873518
20,1.6778523489932886,60506480.8114816,-1619025042.5085087
21,1.761744966442953,67361865.0874224,-1612169658.232568
22,1.8456375838926173,74642959.2914326,-1604888564.0285578
23,1.929530201342282,82245688.5577522,-1597285834.7622383
24,2.0134228187919465,91184366.68543603,-1588347156.6345544
25,2.097315436241611,101101259.0238759,-1578430264.2961144
26,2.1812080536912752,110714690.94373742,-1568816832.376253
27,2.2651006711409396,121687908.89149645,-1557843614.428494
28,2.348993288590604,133430574.1943969,-1546100949.1255934
29,2.4328859060402683,147067178.87706393,-1532464344.4429264
30,2.5167785234899327,162022415.44520423,-1517509107.8747861
31,2.6006711409395975,178172820.18414333,-1501358703.135847
32,2.684563758389262,195210329.06865826,-1484321194.251332
33,2.7684563758389262,213851051.4224798,-1465680471.8975105
34,2.8523489932885906,233962368.57104614,-1445569154.7489443
35,2.936241610738255,254975418.10316628,-1424556105.216824
36,3.0201342281879193,277518047.6606743,-1402013475.659316
37,3.1040268456375837,300754809.10067743,-1378776714.219313
38,3.1879194630872485,327114713.0990321,-1352416810.2209582
39,3.271812080536913,355501373.9647544,-1324030149.355236
40,3.3557046979865772,387706577.9255661,-1291824945.3944244
41,3.4395973154362416,422631955.5211403,-1256899567.79885
42,3.523489932885906,460277169.19397163,-1219254354.1260188
43,3.6073825503355703,496724352.88474137,-1182807170.435249
44,3.6912751677852347,537034055.9217886,-1142497467.398202
45,3.7751677852348995,581889609.739425,-1097641913.5805655
46,3.859060402684564,629066715.5489769,-1050464807.7710135
47,3.942953020134228,678308361.1762961,-1001223162.1436943
48,4.026845637583893,734805797.9186043,-944725725.4013861
49,4.110738255033557,792849527.149547,-886681996.1704434
50,4.194630872483222,857639828.1693606,-821891695.1506298
51,4.278523489932886,927131875.3913962,-752399647.9285942
52,4.3624161073825505,997839065.4102933,-681692457.909697
53,4.446308724832215,1077486759.0429428,-602044764.2770476
54,4.530201342281879,1161875375.809252,-517656147.5107384
55,4.614093959731544,1252839056.1202624,-426692467.199728
56,4.697986577181208,1342167600.5387676,-337363922.7812228
57,4.781879194630872,1446825276.078131,-232706247.24185944
58,4.865771812080537,1559666363.5034814,-119865159.81650901
59,4.949664429530201,1680372469.4280586,840946.1080682278
60,5.033557046979865,1810601335.8087337,131069812.4887433
61,5.117449664429531,1942389603.9035459,262858080.58355546
62,5.201342281879195,2088403317.763919,408871794.4439287
63,5.285234899328859,2236729187.5424356,557197664.2224452
64,5.369127516778524,2396781763.760889,717250240.4408987
65,5.453020134228188,2579398272.508595,899866749.1886046
66,5.5369127516778525,2766102474.4867797,1086570951.1667893
67,5.620805369127517,2974645746.735857,1295114223.4158666
68,5.704697986577181,3182722956.6816587,1503191433.3616683
69,5.7885906040268456,3407590976.2419286,1728059452.9219382
70,5.87248322147651,3642176427.451577,1962644904.1315868
71,5.956375838926174,3897226734.105467,2217695210.7854767
72,6.040268456375839,4182275691.875778,2502744168.555788
73,6.124161073825503,4458851564.260778,2779320040.9407883
74,6.208053691275167,4785718070.57172,3106186547.25173
75,6.291946308724833,5118695663.59994,3439164140.27995
76,6.375838926174497,5461504120.322276,3781972597.002286
77,6.459731543624161,5845341486.869816,4165809963.5498257
78,6.543624161073826,6242445072.291206,4562913548.971216
79,6.62751677852349,6678007969.62915,4998476446.30916
80,6.7114093959731544,7154007138.113177,5474475614.793187
81,6.795302013422819,7661840078.331153,5982308555.011163
82,6.879194630872483,8193646615.277183,6514115091.957192
83,6.9630872483221475,8719746974.43322,7040215451.11323
84,7.046979865771812,9332683893.044033,7653152369.724043
85,7.130872483221476,9937038534.879461,8257507011.559471
86,7.214765100671141,10599705877.36693,8920174354.04694
87,7.298657718120805,11336238129.393518,9656706606.073528
88,7.382550335570469,12082949978.275335,10403418454.955345
89,7.466442953020135,12919006511.118711,11239474987.798721
90,7.550335570469799,13734713892.500862,12055182369.180872
91,7.634228187919463,14680941056.97776,13001409533.65777
92,7.718120805369128,15629938143.230608,13950406619.910618
93,7.802013422818792,16635609462.008188,14956077938.688198
94,7.885906040268456,17769817764.82626,16090286241.50627
95,7.969798657718121,18981598158.348057,17302066635.028065
96,8.053691275167786,20274115741.1733,18594584217.85331
97,8.13758389261745,21618300748.875637,19938769225.555645
98,8.221476510067115,23024860182.89095,21345328659.570957
99,8.305369127516778,24562767052.42105,22883235529.10106
100,8.389261744966444,26206016168.228073,24526484644.90808
101,8.473154362416107,27837204307.37175,26157672784.051758
102,8.557046979865772,29658719674.137894,27979188150.8179
103,8.640939597315436,31486188067.35822,29806656544.038227
104,8.724832214765101,33573722336.224094,31894190812.904102
105,8.808724832214764,35600500004.85538,33920968481.535385
106,8.89261744966443,37826640775.08014,36147109251.76015
107,8.976510067114093,40112204278.014015,38432672754.69402
108,9.060402684563758,42569766106.16491,40890234582.84492
109,9.144295302013424,45291781323.26415,43612249799.94416
110,9.228187919463087,47839191303.45358,46159659780.13359
111,9.312080536912752,50741279908.27518,49061748384.955185
112,9.395973154362416,53804561002.55839,52125029479.238396
113,9.479865771812081,57162309442.55843,55482777919.23844
114,9.563758389261745,60802456509.92915,59122924986.60916
115,9.64765100671141,64565059867.16603,62885528343.84604
116,9.731543624161073,68472047339.93753,66792515816.61754
117,9.815436241610739,72236413145.86424,70556881622.54425
118,9.899328859060402,76786852130.1553,75107320606.83531
119,9.983221476510067,80976610926.9395,79297079403.6195
120,10.06711409395973,86028036021.25224,84348504497.93225
121,10.151006711409396,91386510970.38622,89706979447.06622
122,10.234899328859061,97069047191.87805,95389515668.55806
123,10.318791946308725,102086379861.86092,100406848338.54092
124,10.40268456375839,108373014870.849,106693483347.529
125,10.486577181208053,114567608630.6447,112888077107.3247
126,10.570469798657719,121528446648.77516,119848915125.45517
127,10.654362416107382,128874306397.2524,127194774873.9324
128,10.738255033557047,135139118050.98706,133459586527.66707
129,10.822147651006711,143423145987.51257,141743614464.1926
130,10.906040268456376,151960920159.3619,150281388636.04193
131,10.98993288590604,159889840306.55228,158210308783.2323
132,11.073825503355705,169528306137.28857,167848774613.9686
133,11.157718120805368,179622099389.8185,177942567866.49854
134,11.241610738255034,189730315142.3332,188050783619.0132
135,11.325503355704697,201033720562.64737,199354189039.3274
136,11.409395973154362,213011736903.2798,211332205379.9598
137,11.493288590604028,224804480676.8752,223124949153.55524
138,11.577181208053691,238134053423.73926,236454521900.41928
139,11.661073825503356,252132136340.17944,250452604816.85947
140,11.74496644295302,266927854028.04288,265248322504.7229
141,11.828859060402685,281049335565.72327,279369804042.40326
142,11.912751677852349,297490721696.31805,295811190172.99805
143,11.996644295302014,313576905910.7277,311897374387.4077
144,12.080536912751677,331856611554.7588,330177080031.4388
145,12.164429530201343,351203852008.4013,349524320485.0813
146,12.248322147651006,371196481154.98944,369516949631.66943
147,12.332214765100671,390931538994.17365,389252007470.85364
148,12.416107382550335,413405607672.6032,411726076149.2832
149,12.5,434523723588.29755,432844192064.97754
150,12.583892617449665,458134434391.4508,456454902868.1308
151,12.667785234899329,483799844586.5369,482120313063.2169
152,12.751677852348994,508167669065.51373,506488137542.1937
153,12.835570469798657,536492267940.607,534812736417.287
154,12.919463087248323,565664001556.0533,563984470032.7334
155,13.003355704697986,597136866291.5181,595457334768.1981
156,13.087248322147651,627041176765.5763,625361645242.2563
157,13.171140939597315,658966900960.4812,657287369437.1613
158,13.25503355704698,693138470125.4482,691458938602.1283
159,13.338926174496644,728002094964.7596,726322563441.4397
160,13.422818791946309,769134213330.2688,767454681806.9489
161,13.506711409395972,808953985426.2203,807274453902.9004
162,13.590604026845638,853729738041.4808,852050206518.1609
163,13.674496644295303,901794722293.2156,900115190769.8956
164,13.758389261744966,952109836285.7787,950430304762.4587
165,13.842281879194632,1005137051445.3802,1003457519922.0603
166,13.926174496644295,1060274965238.6945,1058595433715.3745
167,14.01006711409396,1119332280802.4912,1117652749279.1711
168,14.093959731543624,1180988992461.2102,1179309460937.8901
169,14.177852348993289,1238629707699.623,1236950176176.303
170,14.261744966442953,1301165583202.8801,1299486051679.56
171,14.345637583892618,1366068406498.8425,1364388874975.5225
172,14.429530201342281,1439821349861.11,1438141818337.79
173,14.513422818791947,1507607933078.651,1505928401555.3308
174,14.59731543624161,1582050295926.534,1580370764403.2139
175,14.681208053691275,1663504891086.9897,1661825359563.6697
176,14.765100671140939,1751644208519.3723,1749964676996.0522
177,14.848993288590604,1840405830257.8066,1838726298734.4866
178,14.93288590604027,1925997594996.0203,1924318063472.7002
179,15.016778523489933,2019410684206.561,2017731152683.241
180,15.100671140939598,2116932757475.5232,2115253225952.2031
181,15.184563758389261,2217628733002.7686,2215949201479.4487
182,15.268456375838927,2331268083720.025,2329588552196.705
183,15.35234899328859,2450987515734.421,2449307984211.101
184,15.436241610738255,2567364287086.734,2565684755563.414
185,15.520134228187919,2700583849674.0205,2698904318150.7007
186,15.604026845637584,2830528260850.803,2828848729327.4834
187,15.687919463087248,2940942902667.5127,2939263371144.193
188,15.771812080536913,3078159597986.961,3076480066463.641
189,15.855704697986576,3238531713042.0825,3236852181518.7627
190,15.939597315436242,3395391032609.4004,3393711501086.0806
191,16.023489932885905,3562705064540.481,3561025533017.161
192,16.107382550335572,3728964634219.039,3727285102695.719
193,16.191275167785236,3920575933028.251,3918896401504.931
194,16.2751677852349,4106842339408.1704,4105162807884.8506
195,16.359060402684563,4301568602338.5747,4299889070815.255
196,16.44295302013423,4503793739819.048,4502114208295.728
197,16.526845637583893,4732517844570.415,4730838313047.095
198,16.610738255033556,4950094045604.5,4948414514081.18
199,16.69463087248322,5178726699114.404,5177047167591.084
200,16.778523489932887,5416888329115.488,5415208797592.168
201,16.86241610738255,5669388701428.839,5667709169905.519
202,16.946308724832214,5943184763242.011,5941505231718.69
203,17.030201342281877,6240195496037.7,6238515964514.38
204,17.114093959731544,6555325368587.6045,6553645837064.284
205,17.197986577181208,6848759807647.051,6847080276123.73
206,17.28187919463087,7144698072902.473,7143018541379.152
207,17.36577181208054,7476512832915.679,7474833301392.358
208,17.449664429530202,7847984079337.668,7846304547814.348
209,17.533557046979865,8228900913708.787,8227221382185.467
210,17.61744966442953,8573507064903.107,8571827533379.787
211,17.701342281879196,8981606343414.092,8979926811890.771
212,17.78523489932886,9393237201037.959,9391557669514.639
213,17.869127516778523,9849292473735.73,9847612942212.41
214,17.953020134228186,10336832451185.645,10335152919662.324
215,18.036912751677853,10816105268994.13,10814425737470.81
216,18.120805369127517,11317649839205.762,11315970307682.441
217,18.20469798657718,11862615595698.975,11860936064175.654
218,18.288590604026847,12404190350765.783,12402510819242.463
219,18.37248322147651,13008153628192.582,13006474096669.262
220,18.456375838926174,13622456410354.617,13620776878831.297
221,18.540268456375838,14116423558126.623,14114744026603.303
222,18.624161073825505,14802413144092.986,14800733612569.666
223,18.70805369127517,15490897476376.363,15489217944853.043
224,18.79194630872483,16216477314229.25,16214797782705.93
225,18.875838926174495,16940585939443.398,16938906407920.078
226,18.959731543624162,17679406674430.58,17677727142907.258
227,19.043624161073826,18522461456366.344,18520781924843.023
228,19.12751677852349,19374812697271.23,19373133165747.91
229,19.211409395973153,20210066968270.684,20208387436747.363
230,19.29530201342282,21119267985995.43,21117588454472.11
231,19.379194630872483,22089493020805.92,22087813489282.6
232,19.463087248322147,23021520589800.008,23019841058276.688
233,19.546979865771814,23978651642767.613,23976972111244.293
234,19.630872483221477,25015488826484.008,25013809294960.688
235,19.71476510067114,26146993213742.81,26145313682219.49
236,19.798657718120804,27245562621966.6,27243883090443.28
237,19.88255033557047,28515205840150.242,28513526308626.92
238,19.966442953020135,29601391639437.766,29599712107914.445
239,20.050335570469798,30777800646469.61,30776121114946.29
240,20.13422818791946,32202670329432.875,32200990797909.555
241,20.21812080536913,33633542850311.26,33631863318787.94
242,20.302013422818792,35163716032682.234,35162036501158.914
243,20.385906040268456,36723269515702.06,36721589984178.74
244,20.469798657718123,38138930576019.25,38137251044495.93
245,20.553691275167786,39759597351618.58,39757917820095.26
246,20.63758389261745,41342068888001.47,41340389356478.15
247,20.721476510067113,43077537130283.71,43075857598760.39
248,20.80536912751678,44818996860931.43,44817317329408.11
249,20.889261744966444,46626394424276.82,46624714892753.5
250,20.973154362416107,48603666189425.055,48601986657901.734
251,21.05704697986577,50238696020671.28,50237016489147.96
252,21.140939597315437,52259649241058.74,52257969709535.42
253,21.2248322147651,54394396295839.43,54392716764316.11
254,21.308724832214764,56780639922688.14,56778960391164.82
255,21.392617449664428,59142252414984.2,59140572883460.88
256,21.476510067114095,61756078589109.125,61754399057585.805
257,21.56040268456376,64421275986760.76,64419596455237.44
258,21.644295302013422,67181360616573.95,67179681085050.63
259,21.72818791946309,69940953894144.25,69939274362620.93
260,21.812080536912752,73032344056265.52,73030664524742.2
261,21.895973154362416,75874267476448.47,75872587944925.16
262,21.97986577181208,78913169093020.52,78911489561497.2
263,22.063758389261746,82049572566286.2,82047893034762.89
264,22.14765100671141,85285146230521.27,85283466698997.95
265,22.231543624161073,88017509266088.31,88015829734565.0
266,22.315436241610737,91653072354600.98,91651392823077.67
267,22.399328859060404,95534117264053.72,95532437732530.4
268,22.483221476510067,99629254784665.03,99627575253141.72
269,22.56711409395973,103879598654487.55,103877919122964.23
270,22.651006711409394,107784380704149.11,107782701172625.8
271,22.73489932885906,112216233483601.06,112214553952077.75
272,22.818791946308725,116528375457186.77,116526695925663.45
273,22.90268456375839,120982575753380.23,120980896221856.92
274,22.986577181208055,125296086995357.2,125294407463833.89
275,23.07046979865772,130594521944775.77,130592842413252.45
276,23.154362416107382,135520900347987.44,135519220816464.12
277,23.238255033557046,141266986522742.2,141265306991218.88
278,23.322147651006713,146744743476225.97,146743063944702.66
279,23.406040268456376,152558301320758.6,152556621789235.28
280,23.48993288590604,158919982485834.25,158918302954310.94
281,23.573825503355703,165531053757245.16,165529374225721.84
282,23.65771812080537,172365435962757.66,172363756431234.34
283,23.741610738255034,178731546141172.88,178729866609649.56
284,23.825503355704697,185721047945576.2,185719368414052.88
285,23.909395973154364,193235236199118.97,193233556667595.66
286,23.993288590604028,200274561017360.62,200272881485837.3
287,24.07718120805369,207821543777261.2,207819864245737.88
288,24.161073825503355,216299814936257.3,216298135404734.0
289,24.24496644295302,223338840563710.12,223337161032186.8
290,24.328859060402685,232359925505496.12,232358245973972.8
291,24.41275167785235,241747266495918.12,241745586964394.8
292,24.496644295302012,251263544145971.88,251261864614448.56
293,24.58053691275168,260348072684317.78,260346393152794.47
294,24.664429530201343,270330465086791.12,270328785555267.8
295,24.748322147651006,279801583202701.66,279799903671178.34
296,24.83221476510067,290616926061216.2,290615246529692.9
297,24.916107382550337,302063798886180.3,302062119354657.0
298,25.0,313460157402895.5,313458477871372.2
299,25.083892617449663,325091796161387.4,325090116629864.06
300,25.16778523489933,337897851719034.1,337896172187510.8
301,25.251677852348994,349013354493731.5,349011674962208.2
302,25.335570469798657,361140560857562.1,361138881326038.8
303,25.41946308724832,375184715428550.75,375183035897027.44
304,25.503355704697988,388687026491226.4,388685346959703.06
305,25.58724832214765,402155420917089.75,402153741385566.44
306,25.671140939597315,416798949312414.7,416797269780891.4
307,25.75503355704698,433012428440667.75,433010748909144.44
308,25.838926174496645,449768333830782.6,449766654299259.3
309,25.92281879194631,466196997521608.2,466195317990084.9
310,26.006711409395972,482364068287678.8,482362388756155.5
311,26.090604026845636,499392077878208.8,499390398346685.5
312,26.174496644295303,516099808453443.7,516098128921920.4
313,26.258389261744966,532782963192589.75,532781283661066.44
314,26.34228187919463,550885692412265.9,550884012880742.56
315,26.426174496644297,571654083016208.0,571652403484684.6
316,26.51006711409396,592559897802771.5,592558218271248.1
317,26.593959731543624,610630414205418.2,610628734673894.9
318,26.677852348993287,632900608168744.5,632898928637221.1
319,26.761744966442954,654742181121707.8,654740501590184.4
320,26.845637583892618,676864935970731.9,676863256439208.5
321,26.92953020134228,700995231770766.6,700993552239243.2
322,27.013422818791945,725271214348056.2,725269534816532.9
323,27.09731543624161,748448124234141.5,748446444702618.1
324,27.181208053691275,772524286382098.2,772522606850574.9
325,27.26510067114094,797297996193375.2,797296316661851.9
326,27.348993288590606,824760836517528.5,824759156986005.1
327,27.43288590604027,850963277195657.4,850961597664134.0
328,27.516778523489933,880013930100520.1,880012250568996.8
329,27.600671140939596,906079346179435.1,906077666647911.8
330,27.684563758389263,938232301786561.8,938230622255038.4
331,27.768456375838927,970268588449003.0,970266908917479.6
332,27.85234899328859,1001904626780127.1,1001902947248603.8
333,27.936241610738254,1037060932288454.6,1037059252756931.2
334,28.02013422818792,1070347776406962.8,1070346096875439.4
335,28.104026845637584,1107913226813804.6,1107911547282281.2
336,28.187919463087248,1146464751954410.2,1146463072422887.0
337,28.27181208053691,1186128466000629.5,1186126786469106.2
338,28.355704697986578,1225579203034007.2,1225577523502484.0
339,28.43959731543624,1259802372670555.8,1259800693139032.5
340,28.523489932885905,1296140416043785.0,1296138736512261.8
341,28.607382550335572,1337254895076397.2,1337253215544874.0
342,28.691275167785236,1379260807715915.8,1379259128184392.5
343,28.7751677852349,1422023255248527.2,1422021575717004.0
344,28.859060402684563,1465965361421474.8,1465963681889951.5
345,28.94295302013423,1505416862210474.5,1505415182678951.2
346,29.026845637583893,1552874137595401.5,1552872458063878.2
347,29.110738255033556,1601193348818077.0,1601191669286553.8
348,29.19463087248322,1655473803343013.5,1655472123811490.2
349,29.278523489932887,1705799678955457.8,1705797999423934.5
350,29.36241610738255,1754158667168157.2,1754156987636634.0
351,29.446308724832214,1806404253529675.8,1806402573998152.5
352,29.530201342281877,1860947401394098.8,1860945721862575.5
353,29.614093959731544,1923282905790360.8,1923281226258837.5
354,29.697986577181208,1986117705489975.2,1986116025958452.0
355,29.78187919463087,2049571945281987.8,2049570265750464.5
356,29.86577181208054,2117815866667741.5,2117814187136218.2
357,29.949664429530202,2185497987643835.0,2185496308112311.8
358,30.033557046979865,2252656860256262.0,2252655180724738.5
359,30.11744966442953,2326064111000323.0,2326062431468799.5
360,30.201342281879196,2401886218808143.0,2401884539276619.5
361,30.28523489932886,2469807724945901.0,2469806045414377.5
362,30.369127516778523,2549574537780369.5,2549572858248846.0
363,30.453020134228186,2629559192077815.0,2629557512546291.5
364,30.536912751677853,2711256785358154.5,2711255105826631.0
365,30.620805369127517,2781045645168109.5,2781043965636586.0
366,30.70469798657718,2858596962830401.0,2858595283298877.5
367,30.788590604026847,2947713894525353.0,2947712214993829.5
368,30.87248322147651,3027516639554808.0,3027514960023284.5
369,30.956375838926174,3123479320760573.0,3123477641229049.5
370,31.040268456375838,3219908045919434.5,3219906366387911.0
371,31.124161073825505,3308735307020882.5,3308733627489359.0
372,31.20805369127517,3410893501452293.5,3410891821920770.0
373,31.29194630872483,3513046646149869.0,3513044966618345.5
374,31.375838926174495,3613209276076976.0,3613207596545452.5
375,31.459731543624162,3727748010128618.5,3727746330597095.0
376,31.543624161073826,3831740183371220.5,3831738503839697.0
377,31.62751677852349,3950464766764042.5,3950463087232519.0
378,31.711409395973153,4063537808357863.5,4063536128826340.0
379,31.79530201342282,4185715900488075.5,4185714220956552.0
380,31.879194630872483,4296546124411020.0,4296544444879496.5
381,31.963087248322147,4419549489768222.0,4419547810236698.5
382,32.04697986577181,4546074248228409.0,4546072568696886.0
383,32.130872483221474,4687911764773134.0,4687910085241611.0
384,32.214765100671144,4829359397200104.0,4829357717668581.0
385,32.29865771812081,4968621507137335.0,4968619827605812.0
386,32.38255033557047,5123145636009303.0,5123143956477780.0
387,32.466442953020135,5279851210241502.0,5279849530709979.0
388,32.5503355704698,5419680005733753.0,5419678326202230.0
389,32.63422818791946,5572088238842739.0,5572086559311216.0
390,32.718120805369125,5739674026202024.0,5739672346670501.0
391,32.80201342281879,5907577829085134.0,5907576149553611.0
392,32.88590604026846,6077966051900059.0,6077964372368536.0
393,32.96979865771812,6265167406298578.0,6265165726767055.0
394,33.053691275167786,6431140370154321.0,6431138690622798.0
395,33.13758389261745,6606133026493612.0,6606131346962089.0
396,33.22147651006711,6780480726127187.0,6780479046595664.0
397,33.30536912751678,6946285722014589.0,6946284042483066.0
398,33.38926174496644,7156758179391641.0,7156756499860118.0
399,33.47315436241611,7358930525645171.0,7358928846113648.0
400,33.557046979865774,7556333029773466.0,7556331350241943.0
401,33.64093959731544,7777667187298558.0,7777665507767035.0
402,33.7248322147651,7946730126655229.0,7946728447123706.0
403,33.808724832214764,8180363992378894.0,8180362312847371.0
404,33.89261744966443,8420048657355600.0,8420046977824077.0
405,33.97651006711409,8658986888639465.0,8658985209107942.0
406,34.060402684563755,8883424790249098.0,8883423110717575.0
407,34.144295302013425,9129151639350260.0,9129149959818736.0
408,34.22818791946309,9393897036891408.0,9393895357359884.0
409,34.31208053691275,9623997472127428.0,9623995792595904.0
410,34.395973154362416,9831386494118654.0,9831384814587130.0
411,34.47986577181208,1.0100470491660224e+16,1.01004688121287e+16
412,34.56375838926174,1.0350063624574906e+16,1.0350061945043382e+16
413,34.647651006711406,1.0612195059477876e+16,1.0612193379946352e+16
414,34.73154362416108,1.0909306809968212e+16,1.0909305130436688e+16
415,34.81543624161074,1.121585833132831e+16,1.1215856651796786e+16
416,34.899328859060404,1.153102395043863e+16,1.1531022270907106e+16
417,34.98322147651007,1.181843730912356e+16,1.1818435629592036e+16
418,35.06711409395973,1.210818572232311e+16,1.2108184042791586e+16
419,35.151006711409394,1.2447214922548132e+16,1.2447213243016608e+16
420,35.23489932885906,1.2777847953244952e+16,1.2777846273713428e+16
421,35.31879194630873,1.3072936617902826e+16,1.3072934938371302e+16
422,35.40268456375839,1.3380167552161458e+16,1.3380165872629934e+16
423,35.486577181208055,1.3724721223032546e+16,1.3724719543501022e+16
424,35.57046979865772,1.4062741578211438e+16,1.4062739898679914e+16
425,35.65436241610738,1.444661603585086e+16,1.4446614356319336e+16
426,35.738255033557046,1.4842453315233158e+16,1.4842451635701634e+16
427,35.82214765100671,1.5179345237171774e+16,1.517934355764025e+16
428,35.90604026845637,1.5446994910496824e+16,1.54469932309653e+16
429,35.98993288590604,1.5865566615400834e+16,1.586556493586931e+16
430,36.07382550335571,1.6232181302131176e+16,1.6232179622599652e+16
431,36.15771812080537,1.6642117603732254e+16,1.664211592420073e+16
432,36.241610738255034,1.7069222079881536e+16,1.7069220400350012e+16
433,36.3255033557047,1.752658575888652e+16,1.7526584079354996e+16
434,36.40939597315436,1.796029093432096e+16,1.7960289254789436e+16
435,36.493288590604024,1.83937596095086e+16,1.8393757929977076e+16
436,36.577181208053695,1.8807678724489052e+16,1.880767704495753e+16
437,36.66107382550336,1.929435959067375e+16,1.9294357911142228e+16
438,36.74496644295302,1.9805608994886172e+16,1.980560731535465e+16
439,36.828859060402685,2.032436032515312e+16,2.0324358645621596e+16
440,36.91275167785235,2.0767425715478436e+16,2.076742403594691e+16
441,36.99664429530201,2.131147786400918e+16,2.1311476184477656e+16
442,37.080536912751676,2.1865576288473436e+16,2.186557460894191e+16
443,37.16442953020134,2.2369260784149268e+16,2.2369259104617744e+16
444,37.24832214765101,2.290515842721133e+16,2.2905156747679804e+16
445,37.33221476510067,2.347498402900728e+16,2.3474982349475756e+16
446,37.41610738255034,2.4018245504790812e+16,2.401824382525929e+16
447,37.5,2.44497395431399e+16,2.4449737863608376e+16
448,37.58389261744966,2.5075652875444276e+16,2.507565119591275e+16
449,37.66778523489933,2.567656717300854e+16,2.5676565493477016e+16
450,37.75167785234899,2.621596937068922e+16,2.6215967691157696e+16
451,37.83557046979866,2.688178841080074e+16,2.6881786731269216e+16
452,37.919463087248324,2.748213941818062e+16,2.7482137738649096e+16
453,38.00335570469799,2.8160541220728016e+16,2.8160539541196492e+16
454,38.08724832214765,2.8737992095849492e+16,2.873799041631797e+16
455,38.171140939597315,2.9459315697455348e+16,2.9459314017923824e+16
456,38.25503355704698,3.019277931196056e+16,3.0192777632429036e+16
457,38.33892617449664,3.0812025880883716e+16,3.081202420135219e+16
458,38.422818791946305,3.1569850152699004e+16,3.156984847316748e+16
459,38.506711409395976,3.2147041371706988e+16,3.2147039692175464e+16
460,38.59060402684564,3.2829453152868404e+16,3.282945147333688e+16
461,38.6744966442953,3.3426411611431136e+16,3.3426409931899612e+16
462,38.758389261744966,3.424527680939141e+16,3.4245275129859884e+16
463,38.84228187919463,3.4937548387991944e+16,3.493754670846042e+16
464,38.92617449664429,3.577579807439774e+16,3.5775796394866216e+16
465,39.01006711409396,3.663415971968968e+16,3.663415804015816e+16
466,39.09395973154363,3.748313834869463e+16,3.748313666916311e+16
467,39.17785234899329,3.835588454987841e+16,3.835588287034689e+16
468,39.261744966442954,3.924895151301635e+16,3.924894983348483e+16
469,39.34563758389262,4.0187001454177384e+16,4.0186999774645864e+16
470,39.42953020134228,4.0885801658319016e+16,4.0885799978787496e+16
471,39.513422818791945,4.175467083453592e+16,4.17546691550044e+16
472,39.59731543624161,4.264200445598227e+16,4.264200277645075e+16
473,39.68120805369127,4.360484719821946e+16,4.360484551868794e+16
474,39.76510067114094,4.445635163688151e+16,4.445634995734999e+16
475,39.848993288590606,4.53788298033291e+16,4.537882812379758e+16
476,39.93288590604027,4.627428608208724e+16,4.627428440255572e+16
477,40.01677852348993,4.72392956401751e+16,4.723929396064358e+16
478,40.100671140939596,4.817673279936894e+16,4.817673111983742e+16
479,40.18456375838926,4.9020340895348264e+16,4.9020339215816744e+16
480,40.26845637583892,4.991863217358198e+16,4.991863049405046e+16
481,40.352348993288594,5.069713870494713e+16,5.069713702541561e+16
482,40.43624161073826,5.160587052797945e+16,5.160586884844793e+16
483,40.52013422818792,5.271462061926708e+16,5.271461893973556e+16
484,40.604026845637584,5.380417892862185e+16,5.380417724909033e+16
485,40.68791946308725,5.4790428074155464e+16,5.4790426394623944e+16
486,40.77181208053691,5.600141763355007e+16,5.600141595401855e+16
487,40.855704697986575,5.679635536648612e+16,5.67963536869546e+16
488,40.939597315436245,5.783272320296698e+16,5.783272152343546e+16
489,41.02348993288591,5.88117675113223e+16,5.881176583179078e+16
490,41.10738255033557,5.981929978342864e+16,5.981929810389712e+16
491,41.191275167785236,6.069908278729903e+16,6.069908110776751e+16
492,41.2751677852349,6.178213061613934e+16,6.178212893660782e+16
493,41.35906040268456,6.278446835779657e+16,6.278446667826505e+16
494,41.442953020134226,6.3784221038653176e+16,6.3784219359121656e+16
495,41.52684563758389,6.5091797569945816e+16,6.5091795890414296e+16
496,41.61073825503356,6.630682713129334e+16,6.630682545176182e+16
497,41.69463087248322,6.766611708748486e+16,6.766611540795334e+16
498,41.77852348993289,6.902579813662878e+16,6.902579645709726e+16
499,41.86241610738255,7.022325465465195e+16,7.022325297512043e+16
500,41.946308724832214,7.15413429009653e+16,7.154134122143378e+16
501,42.03020134228188,7.28336565801144e+16,7.283365490058288e+16
502,42.11409395973154,7.411245980817725e+16,7.411245812864573e+16
503,42.19798657718121,7.55871502893118e+16,7.558714860978029e+16
504,42.281879194630875,7.701432025980939e+16,7.701431858027787e+16
505,42.36577181208054,7.81328013856356e+16,7.813279970610408e+16
506,42.4496644295302,7.893773564458613e+16,7.893773396505461e+16
507,42.533557046979865,8.050054652926053e+16,8.050054484972901e+16
508,42.61744966442953,8.206163269746096e+16,8.206163101792944e+16
509,42.70134228187919,8.347818253348766e+16,8.347818085395614e+16
510,42.785234899328856,8.504647456069822e+16,8.50464728811667e+16
511,42.869127516778526,8.666171148258278e+16,8.666170980305126e+16
512,42.95302013422819,8.82636715769352e+16,8.826366989740368e+16
513,43.03691275167785,8.985996699614202e+16,8.98599653166105e+16
514,43.12080536912752,9.139381151164814e+16,9.139380983211662e+16
515,43.20469798657718,9.289834896544669e+16,9.289834728591517e+16
516,43.288590604026844,9.438086799940546e+16,9.438086631987394e+16
517,43.37248322147651,9.609808463200486e+16,9.609808295247334e+16
518,43.45637583892618,9.755411621733838e+16,9.755411453780686e+16
519,43.54026845637584,9.932924610651621e+16,9.932924442698469e+16
520,43.624161073825505,1.0078400342221373e+17,1.007840017426822e+17
521,43.70805369127517,1.0260764679114509e+17,1.0260764511161357e+17
522,43.79194630872483,1.0411056868017438e+17,1.0411056700064286e+17
523,43.875838926174495,1.059839968879552e+17,1.0598399520842368e+17
524,43.95973154362416,1.0736534238515182e+17,1.073653407056203e+17
525,44.04362416107382,1.0872142378574003e+17,1.0872142210620851e+17
526,44.12751677852349,1.1021520678877005e+17,1.1021520510923853e+17
527,44.211409395973156,1.1191911233956382e+17,1.119191106600323e+17
528,44.29530201342282,1.1362669353102302e+17,1.136266918514915e+17
529,44.37919463087248,1.1513070927939349e+17,1.1513070759986197e+17
530,44.46308724832215,1.1652720426170466e+17,1.1652720258217314e+17
531,44.54697986577181,1.1850638547106536e+17,1.1850638379153384e+17
532,44.630872483221474,1.1989628244806424e+17,1.1989628076853272e+17
533,44.714765100671144,1.2203022288159646e+17,1.2203022120206494e+17
534,44.79865771812081,1.2370753072598448e+17,1.2370752904645296e+17
535,44.88255033557047,1.2585939620097422e+17,1.258593945214427e+17
536,44.966442953020135,1.2804869290585992e+17,1.280486912263284e+17
537,45.0503355704698,1.2977012026518021e+17,1.2977011858564869e+17
538,45.13422818791946,1.3126632680039133e+17,1.312663251208598e+17
539,45.218120805369125,1.3358974078475813e+17,1.3358973910522661e+17
540,45.30201342281879,1.3573731425119304e+17,1.3573731257166152e+17
541,45.38590604026846,1.3768589098852448e+17,1.3768588930899296e+17
542,45.46979865771812,1.400396136076427e+17,1.4003961192811118e+17
543,45.553691275167786,1.4237663923694966e+17,1.4237663755741814e+17
544,45.63758389261745,1.4437754685505072e+17,1.443775451755192e+17
545,45.72147651006711,1.4586878380737248e+17,1.4586878212784096e+17
546,45.80536912751678,1.47830557648177e+17,1.4783055596864547e+17
547,45.88926174496644,1.4975923039510547e+17,1.4975922871557395e+17
548,45.97315436241611,1.5186430979752915e+17,1.5186430811799763e+17
549,46.057046979865774,1.538762585178272e+17,1.5387625683829568e+17
550,46.14093959731544,1.5585296010603648e+17,1.5585295842650496e+17
551,46.2248322147651,1.5834386746963302e+17,1.583438657901015e+17
552,46.308724832214764,1.6010726740565792e+17,1.601072657261264e+17
553,46.39261744966443,1.610735821688662e+17,1.610735804893347e+17
554,46.47651006711409,1.6254428180756544e+17,1.6254428012803392e+17
555,46.560402684563755,1.6445276193227133e+17,1.644527602527398e+17
556,46.644295302013425,1.6689870538684362e+17,1.668987037073121e+17
557,46.72818791946309,1.692458744931221e+17,1.692458728135906e+17
558,46.81208053691275,1.7130142418830986e+17,1.7130142250877834e+17
559,46.895973154362416,1.73918933216654e+17,1.739189315371225e+17
560,46.97986577181208,1.7613688912496662e+17,1.761368874454351e+17
561,47.06375838926174,1.7765741992015126e+17,1.7765741824061974e+17
562,47.147651006711406,1.8017461744845542e+17,1.801746157689239e+17
563,47.23154362416108,1.8278323647292125e+17,1.8278323479338973e+17
564,47.31543624161074,1.8428874492059866e+17,1.8428874324106714e+17
565,47.399328859060404,1.8716278712869818e+17,1.8716278544916666e+17
566,47.48322147651007,1.8956996554740218e+17,1.8956996386787066e+17
567,47.56711409395973,1.922380994206487e+17,1.922380977411172e+17
568,47.651006711409394,1.946913872298051e+17,1.9469138555027357e+17
569,47.73489932885906,1.967444400597254e+17,1.967444383801939e+17
570,47.81879194630873,1.996536394931198e+17,1.996536378135883e+17
571,47.90268456375839,2.0218165666317194e+17,2.0218165498364042e+17
572,47.986577181208055,2.0535590867278387e+17,2.0535590699325235e+17
573,48.07046979865772,2.0774923881669398e+17,2.0774923713716246e+17
574,48.15436241610738,2.1099012694223418e+17,2.1099012526270266e+17
575,48.238255033557046,2.1317372463374528e+17,2.1317372295421376e+17
576,48.32214765100671,2.161974654086922e+17,2.1619746372916067e+17
577,48.40604026845637,2.1926440248042416e+17,2.1926440080089264e+17
578,48.48993288590604,2.2233103748015043e+17,2.223310358006189e+17
579,48.57382550335571,2.2537392980130717e+17,2.2537392812177565e+17
580,48.65771812080537,2.285272728127186e+17,2.2852727113318707e+17
581,48.741610738255034,2.3117052374962858e+17,2.3117052207009706e+17
582,48.8255033557047,2.3391431911430048e+17,2.3391431743476896e+17
583,48.90939597315436,2.3728268530954726e+17,2.3728268363001574e+17
584,48.993288590604024,2.4048376080837725e+17,2.4048375912884573e+17
585,49.077181208053695,2.434361016187805e+17,2.43436099939249e+17
586,49.16107382550336,2.460810911598933e+17,2.460810894803618e+17
587,49.24496644295302,2.4766902632572256e+17,2.4766902464619104e+17
588,49.328859060402685,2.5106209198638486e+17,2.5106209030685334e+17
589,49.41275167785235,2.5450164264659853e+17,2.54501640967067e+17
590,49.49664429530201,2.577051598267648e+17,2.5770515814723328e+17
591,49.580536912751676,2.604806043083458e+17,2.6048060262881427e+17
592,49.66442953020134,2.629188812257906e+17,2.6291887954625907e+17
593,49.74832214765101,2.655656276629289e+17,2.6556562598339738e+17
594,49.83221476510067,2.6912420707361226e+17,2.6912420539408074e+17
595,49.91610738255034,2.726217724959428e+17,2.7262177081641126e+17
596,50.0,2.754213779363299e+17,2.7542137625679837e+17
597,50.08389261744966,2.7777962549731386e+17,2.7777962381778234e+17
598,50.16778523489933,2.8018620062361046e+17,2.8018619894407894e+17
599,50.25167785234899,2.8326240404397152e+17,2.8326240236444e+17
600,50.33557046979866,2.8680212217907997e+17,2.8680212049954845e+17
601,50.419463087248324,2.8717072599404074e+17,2.8717072431450922e+17
602,50.50335570469799,2.908465112867643e+17,2.908465096072328e+17
603,50.58724832214765,2.9445264741310803e+17,2.944526457335765e+17
604,50.671140939597315,2.9744917240923117e+17,2.9744917072969965e+17
605,50.75503355704698,2.9996741739476755e+17,2.9996741571523603e+17
606,50.83892617449664,3.0299013605752896e+17,3.0299013437799744e+17
607,50.922818791946305,3.065632757791751e+17,3.065632740996436e+17
608,51.006711409395976,3.083604968911554e+17,3.083604952116239e+17
609,51.09060402684564,3.100758229888916e+17,3.1007582130936006e+17
610,51.1744966442953,3.137646186437627e+17,3.137646169642312e+17
611,51.258389261744966,3.157927312344397e+17,3.1579272955490816e+17
612,51.34228187919463,3.173922375700199e+17,3.173922358904884e+17
613,51.42617449664429,3.196983621189013e+17,3.196983604393698e+17
614,51.51006711409396,3.2317959303508186e+17,3.2317959135555034e+17
615,51.59395973154363,3.269927309191072e+17,3.269927292395757e+17
616,51.67785234899329,3.294021167687549e+17,3.2940211508922336e+17
617,51.761744966442954,3.324585267118355e+17,3.32458525032304e+17
618,51.84563758389262,3.359794182925583e+17,3.3597941661302675e+17
619,51.92953020134228,3.396058201689906e+17,3.396058184894591e+17
620,52.013422818791945,3.428259572002368e+17,3.428259555207053e+17
621,52.09731543624161,3.452495998330376e+17,3.4524959815350605e+17
622,52.18120805369127,3.4789848576240736e+17,3.4789848408287584e+17
623,52.26510067114094,3.5032334825402963e+17,3.503233465744981e+17
624,52.348993288590606,3.5290566997639245e+17,3.529056682968609e+17
625,52.43288590604027,3.5671514647388883e+17,3.567151447943573e+17
626,52.51677852348993,3.6052970980316224e+17,3.605297081236307e+17
627,52.600671140939596,3.644226520805809e+17,3.644226504010494e+17
628,52.68456375838926,3.67036562316664e+17,3.670365606371325e+17
629,52.76845637583892,3.697063181007532e+17,3.697063164212217e+17
630,52.852348993288594,3.731766989577003e+17,3.7317669727816877e+17
631,52.93624161073826,3.765675206856231e+17,3.765675190060916e+17
632,53.02013422818792,3.7870412716373184e+17,3.787041254842003e+17
633,53.104026845637584,3.807772561568654e+17,3.807772544773339e+17
634,53.18791946308725,3.845461972046076e+17,3.845461955250761e+17
635,53.27181208053691,3.87152770311656e+17,3.871527686321245e+17
636,53.355704697986575,3.895442689426543e+17,3.8954426726312275e+17
637,53.439597315436245,3.932831461490627e+17,3.932831444695312e+17
638,53.52348993288591,3.970976112202012e+17,3.970976095406697e+17
639,53.60738255033557,3.995510294459762e+17,3.995510277664447e+17
640,53.691275167785236,4.021801787922815e+17,4.0218017711274995e+17
641,53.7751677852349,4.047058318289547e+17,4.0470583014942317e+17
642,53.85906040268456,4.0745042109437485e+17,4.074504194148433e+17
643,53.942953020134226,4.11198590151538e+17,4.1119858847200646e+17
644,54.02684563758389,4.1411198201869235e+17,4.141119803391608e+17
645,54.11073825503356,4.1625678511281395e+17,4.162567834332824e+17
646,54.19463087248322,4.186633733840002e+17,4.186633717044687e+17
647,54.27852348993289,4.2116808994627405e+17,4.211680882667425e+17
648,54.36241610738255,4.2377230073481146e+17,4.2377229905527994e+17
649,54.446308724832214,4.255865389796934e+17,4.2558653730016186e+17
650,54.53020134228188,4.2911820092083654e+17,4.29118199241305e+17
651,54.61409395973154,4.327224333853257e+17,4.327224317057942e+17
652,54.69798657718121,4.361388907346598e+17,4.3613888905512826e+17
653,54.781879194630875,4.3967055624995584e+17,4.396705545704243e+17
654,54.86577181208054,4.427445613375991e+17,4.427445596580676e+17
655,54.9496644295302,4.462415439756388e+17,4.4624154229610726e+17
656,55.033557046979865,4.488238057286659e+17,4.488238040491344e+17
657,55.11744966442953,4.523695137939227e+17,4.523695121143912e+17
658,55.20134228187919,4.558976431885756e+17,4.558976415090441e+17
659,55.285234899328856,4.582623990435198e+17,4.582623973639883e+17
660,55.369127516778526,4.604556979919781e+17,4.604556963124466e+17
661,55.45302013422819,4.621067343592796e+17,4.621067326797481e+17
662,55.53691275167785,4.633483386808748e+17,4.633483370013433e+17
663,55.62080536912752,4.668234512209814e+17,4.6682344954144986e+17
664,55.70469798657718,4.6887133076771194e+17,4.688713290881804e+17
665,55.788590604026844,4.705999317280955e+17,4.70599930048564e+17
666,55.87248322147651,4.702731262199503e+17,4.7027312454041875e+17
667,55.95637583892618,4.72477897983775e+17,4.7247789630424346e+17
668,56.04026845637584,4.74078560452034e+17,4.7407855877250246e+17
669,56.124161073825505,4.773497025191538e+17,4.773497008396223e+17
670,56.20805369127517,4.8011528864902234e+17,4.801152869694908e+17
671,56.29194630872483,4.825597210859896e+17,4.825597194064581e+17
672,56.375838926174495,4.854527649773927e+17,4.854527632978612e+17
673,56.45973154362416,4.869525692144165e+17,4.86952567534885e+17
674,56.54362416107382,4.8938392815796736e+17,4.8938392647843584e+17
675,56.62751677852349,4.9177855692566624e+17,4.917785552461347e+17
676,56.711409395973156,4.946797602911919e+17,4.9467975861166035e+17
677,56.79530201342282,4.957146551871983e+17,4.9571465350766675e+17
678,56.87919463087248,4.9863937165280256e+17,4.9863936997327104e+17
679,56.96308724832215,5.000812443996295e+17,5.00081242720098e+17
680,57.04697986577181,5.015772991794452e+17,5.0157729749991366e+17
681,57.130872483221474,5.0232644380631955e+17,5.0232644212678803e+17
682,57.214765100671144,5.05189704536016e+17,5.051897028564845e+17
683,57.29865771812081,5.069543392324988e+17,5.069543375529673e+17
684,57.38255033557047,5.08471409574342e+17,5.084714078948105e+17
685,57.466442953020135,5.091297888895276e+17,5.091297872099961e+17
686,57.5503355704698,5.0989059251906854e+17,5.09890590839537e+17
687,57.63422818791946,5.123885568295502e+17,5.123885551500187e+17
688,57.718120805369125,5.1382009540381056e+17,5.1382009372427904e+17
689,57.80201342281879,5.143831578713772e+17,5.143831561918457e+17
690,57.88590604026846,5.1685219702915974e+17,5.168521953496282e+17
691,57.96979865771812,5.182966387415873e+17,5.182966370620558e+17
692,58.053691275167786,5.174725558418698e+17,5.174725541623383e+17
693,58.13758389261745,5.195412048758161e+17,5.195412031962846e+17
694,58.22147651006711,5.210453173787025e+17,5.21045315699171e+17
695,58.30536912751678,5.233897868599584e+17,5.233897851804269e+17
696,58.38926174496644,5.241203408994419e+17,5.241203392199104e+17
697,58.47315436241611,5.262161935072578e+17,5.262161918277263e+17
698,58.557046979865774,5.2842608053128634e+17,5.284260788517548e+17
699,58.64093959731544,5.306983126775711e+17,5.3069831099803955e+17
700,58.7248322147651,5.3276762223510214e+17,5.327676205555706e+17
701,58.808724832214764,5.342040837689894e+17,5.3420408208945786e+17
702,58.89261744966443,5.361800460902378e+17,5.361800444107063e+17
703,58.97651006711409,5.377871398441302e+17,5.3778713816459866e+17
704,59.060402684563755,5.383233719109791e+17,5.3832337023144755e+17
705,59.144295302013425,5.378411953238776e+17,5.378411936443461e+17
706,59.22818791946309,5.390225557768665e+17,5.39022554097335e+17
707,59.31208053691275,5.4096284294894656e+17,5.4096284126941504e+17
708,59.395973154362416,5.4209705018755744e+17,5.420970485080259e+17
709,59.47986577181208,5.4231321888467155e+17,5.4231321720514003e+17
710,59.56375838926174,5.429625661832751e+17,5.4296256450374355e+17
711,59.647651006711406,5.442645045975411e+17,5.442645029180096e+17
712,59.73154362416108,5.4551506240031315e+17,5.4551506072078163e+17
713,59.81543624161074,5.453519786746331e+17,5.453519769951016e+17
714,59.899328859060404,5.425930310590791e+17,5.425930293795476e+17
715,59.98322147651007,5.442208101522565e+17,5.44220808472725e+17
716,60.06711409395973,5.456899125191943e+17,5.456899108396628e+17
717,60.151006711409394,5.456355013204178e+17,5.456354996408863e+17
718,60.23489932885906,5.4514623963745734e+17,5.451462379579258e+17
719,60.31879194630873,5.4612662052600506e+17,5.4612661884647354e+17
720,60.40268456375839,5.434165837032289e+17,5.434165820236974e+17
721,60.486577181208055,5.41903039055493e+17,5.419030373759615e+17
722,60.57046979865772,5.4044732499176736e+17,5.4044732331223584e+17
723,60.65436241610738,5.416363091067497e+17,5.416363074272182e+17
724,60.738255033557046,5.413661932534137e+17,5.413661915738822e+17
725,60.82214765100671,5.416905264695414e+17,5.4169052479000986e+17
726,60.90604026845637,5.414203566309053e+17,5.4142035495137376e+17
727,60.98993288590604,5.425031973441665e+17,5.42503195664635e+17
728,61.07382550335571,5.430451585802744e+17,5.430451569007429e+17
729,61.15771812080537,5.4396805847989094e+17,5.439680568003594e+17
730,61.241610738255034,5.4483814634709677e+17,5.4483814466756525e+17
731,61.3255033557047,5.4521911398513914e+17,5.452191123056076e+17
732,61.40939597315436,5.4451244913151936e+17,5.4451244745198784e+17
733,61.493288590604024,5.4522010301922566e+17,5.4522010133969414e+17
734,61.577181208053695,5.437543116439874e+17,5.437543099644559e+17
735,61.66107382550336,5.3923199855704666e+17,5.3923199687751514e+17
736,61.74496644295302,5.3933970493846144e+17,5.393397032589299e+17
737,61.828859060402685,5.3869417566863674e+17,5.386941739891052e+17
738,61.91275167785235,5.362304719421758e+17,5.362304702626443e+17
739,61.99664429530201,5.367129828647361e+17,5.367129811852046e+17
740,62.080536912751676,5.3542898051338554e+17,5.35428978833854e+17
741,62.16442953020134,5.311820720817913e+17,5.311820704022598e+17
742,62.24832214765101,5.293303417508289e+17,5.293303400712974e+17
743,62.33221476510067,5.294361866502004e+17,5.2943618497066886e+17
744,62.41610738255034,5.278532600407216e+17,5.278532583611901e+17
745,62.5,5.260649967045931e+17,5.2606499502506157e+17
746,62.58389261744966,5.25172382177797e+17,5.251723804982655e+17
747,62.66778523489933,5.2459544257888e+17,5.245954408993485e+17
748,62.75167785234899,5.244905549566497e+17,5.244905532771182e+17
749,62.83557046979866,5.2323479145715354e+17,5.23234789777622e+17
750,62.919463087248324,5.18927691616734e+17,5.189276899372025e+17
751,63.00335570469799,5.187720444386845e+17,5.1877204275915296e+17
752,63.08724832214765,5.1820190831231584e+17,5.182019066327843e+17
753,63.171140939597315,5.163427027413328e+17,5.163427010618013e+17
754,63.25503355704698,5.1603295906842304e+17,5.160329573888915e+17
755,63.33892617449664,5.152596829059832e+17,5.152596812264517e+17
756,63.422818791946305,5.1500205306453037e+17,5.1500205138499885e+17
757,63.506711409395976,5.140247219610316e+17,5.140247202815001e+17
758,63.59060402684564,5.13664904655659e+17,5.136649029761275e+17
759,63.6744966442953,5.1131075644263066e+17,5.1131075476309914e+17
760,63.758389261744966,5.08865999364312e+17,5.088659976847805e+17
761,63.84228187919463,5.052247399770893e+17,5.0522473829755776e+17
762,63.92617449664429,5.035110886244135e+17,5.03511086944882e+17
763,64.01006711409396,4.997091171653527e+17,4.997091154858212e+17
764,64.09395973154362,4.977654993764372e+17,4.9776549769690566e+17
765,64.17785234899328,4.964234114512164e+17,4.9642340977168486e+17
766,64.26174496644295,4.9360563267679744e+17,4.936056309972659e+17
767,64.34563758389261,4.927665870058117e+17,4.927665853262802e+17
768,64.42953020134229,4.91879607149202e+17,4.9187960546967046e+17
769,64.51342281879195,4.9020988803547814e+17,4.902098863559466e+17
770,64.59731543624162,4.8616742199405286e+17,4.8616742031452134e+17
771,64.68120805369128,4.8529232063446336e+17,4.8529231895493184e+17
772,64.76510067114094,4.8349960738930643e+17,4.834996057097749e+17
773,64.8489932885906,4.795112882267831e+17,4.795112865472516e+17
774,64.93288590604027,4.783605762062416e+17,4.783605745267101e+17
775,65.01677852348993,4.738011425966507e+17,4.7380114091711917e+17
776,65.1006711409396,4.7256938280188045e+17,4.725693811223489e+17
777,65.18456375838926,4.6979067106325946e+17,4.6979066938372794e+17
778,65.26845637583892,4.6852223625138886e+17,4.6852223457185734e+17
779,65.35234899328859,4.613490886201204e+17,4.6134908694058886e+17
780,65.43624161073825,4.597809721537519e+17,4.5978097047422035e+17
781,65.52013422818791,4.5716675615247834e+17,4.571667544729468e+17
782,65.60402684563758,4.5159320961597805e+17,4.515932079364465e+17
783,65.68791946308725,4.481297955581658e+17,4.481297938786343e+17
784,65.77181208053692,4.436284420672267e+17,4.4362844038769517e+17
785,65.85570469798658,4.388231652923762e+17,4.388231636128447e+17
786,65.93959731543625,4.354109225555799e+17,4.354109208760484e+17
787,66.02348993288591,4.3306111345923744e+17,4.330611117797059e+17
788,66.10738255033557,4.3012217576310714e+17,4.301221740835756e+17
789,66.19127516778524,4.270750120753031e+17,4.270750103957716e+17
790,66.2751677852349,4.225736745710779e+17,4.225736728915464e+17
791,66.35906040268456,4.1895293769620486e+17,4.1895293601667334e+17
792,66.44295302013423,4.156116721179261e+17,4.1561167043839456e+17
793,66.52684563758389,4.121327104380152e+17,4.121327087584837e+17
794,66.61073825503355,4.0864145267568576e+17,4.0864145099615424e+17
795,66.69463087248322,4.0558397971572166e+17,4.0558397803619014e+17
796,66.77852348993288,4.029108678062696e+17,4.0291086612673805e+17
797,66.86241610738254,4.00775440206897e+17,4.007754385273655e+17
798,66.94630872483222,3.973380523682823e+17,3.973380506887508e+17
799,67.03020134228188,3.937730613690654e+17,3.937730596895339e+17
800,67.11409395973155,3.896185929202621e+17,3.8961859124073056e+17
801,67.19798657718121,3.86238038658363e+17,3.862380369788315e+17
802,67.28187919463087,3.8334559203835514e+17,3.833455903588236e+17
803,67.36577181208054,3.795270285157098e+17,3.795270268361783e+17
804,67.4496644295302,3.766090473678612e+17,3.7660904568832966e+17
805,67.53355704697987,3.7163545951164755e+17,3.7163545783211603e+17
806,67.61744966442953,3.67711818206047e+17,3.6771181652651546e+17
807,67.70134228187919,3.6313965295430624e+17,3.631396512747747e+17
808,67.78523489932886,3.5905252339416314e+17,3.590525217146316e+17
809,67.86912751677852,3.545871403054886e+17,3.5458713862595706e+17
810,67.95302013422818,3.518573652801406e+17,3.518573636006091e+17
811,68.03691275167785,3.473768894787224e+17,3.473768877991909e+17
812,68.12080536912751,3.444953901956186e+17,3.444953885160871e+17
813,68.20469798657719,3.412626292214363e+17,3.412626275419048e+17
814,68.28859060402685,3.373854177672553e+17,3.373854160877238e+17
815,68.37248322147651,3.3255700391727654e+17,3.32557002237745e+17
816,68.45637583892618,3.282535587142862e+17,3.282535570347547e+17
817,68.54026845637584,3.2233732305514534e+17,3.223373213756138e+17
818,68.6241610738255,3.195974558091765e+17,3.19597454129645e+17
819,68.70805369127517,3.1574381433903104e+17,3.157438126594995e+17
820,68.79194630872483,3.129655465996214e+17,3.1296554492008986e+17
821,68.8758389261745,3.093140738281659e+17,3.093140721486344e+17
822,68.95973154362416,3.0561340694288435e+17,3.056134052633528e+17
823,69.04362416107382,3.0268039813887386e+17,3.0268039645934234e+17
824,69.12751677852349,2.984924053714734e+17,2.984924036919419e+17
825,69.21140939597315,2.945073518375707e+17,2.945073501580392e+17
826,69.29530201342281,2.905465536209863e+17,2.905465519414548e+17
827,69.37919463087249,2.866671954917313e+17,2.8666719381219978e+17
828,69.46308724832215,2.827551120389599e+17,2.8275511035942838e+17
829,69.54697986577182,2.7622677496771005e+17,2.7622677328817853e+17
830,69.63087248322148,2.713729936543686e+17,2.713729919748371e+17
831,69.71476510067114,2.6660450165825795e+17,2.6660449997872643e+17
832,69.79865771812081,2.6259760609237837e+17,2.6259760441284685e+17
833,69.88255033557047,2.5973615062261216e+17,2.5973614894308064e+17
834,69.96644295302013,2.5601010901176778e+17,2.5601010733223626e+17
835,70.0503355704698,2.5201114501665802e+17,2.520111433371265e+17
836,70.13422818791946,2.4827188385279834e+17,2.482718821732668e+17
837,70.21812080536913,2.4296650920774384e+17,2.4296650752821232e+17
838,70.30201342281879,2.394080677557627e+17,2.3940806607623117e+17
839,70.38590604026845,2.367506382036739e+17,2.3675063652414237e+17
840,70.46979865771812,2.3402882240906973e+17,2.340288207295382e+17
841,70.55369127516778,2.3030224880383066e+17,2.3030224712429914e+17
842,70.63758389261746,2.2665721022531046e+17,2.2665720854577894e+17
843,70.72147651006712,2.2284727701185552e+17,2.22847275332324e+17
844,70.80536912751678,2.19647236336775e+17,2.196472346572435e+17
845,70.88926174496645,2.154618185741048e+17,2.1546181689457328e+17
846,70.97315436241611,2.127922276964879e+17,2.1279222601695638e+17
847,71.05704697986577,2.098612637857072e+17,2.0986126210617568e+17
848,71.14093959731544,2.0734292862027885e+17,2.0734292694074733e+17
849,71.2248322147651,2.0343002075001168e+17,2.0343001907048016e+17
850,71.30872483221476,2.006672403603567e+17,2.0066723868082518e+17
851,71.39261744966443,1.980208145708108e+17,1.980208128912793e+17
852,71.47651006711409,1.942444939115344e+17,1.9424449223200288e+17
853,71.56040268456375,1.9095745788077987e+17,1.9095745620124835e+17
854,71.64429530201342,1.8821261121130112e+17,1.882126095317696e+17
855,71.72818791946308,1.8504512153845616e+17,1.8504511985892464e+17
856,71.81208053691275,1.826950484949177e+17,1.8269504681538618e+17
857,71.89597315436242,1.7972750560456714e+17,1.7972750392503562e+17
858,71.97986577181209,1.768081649554845e+17,1.76808163275953e+17
859,72.06375838926175,1.7403975148206134e+17,1.7403974980252982e+17
860,72.14765100671141,1.7153708279687862e+17,1.715370811173471e+17
861,72.23154362416108,1.6853125577853446e+17,1.6853125409900294e+17
862,72.31543624161074,1.6589138676155066e+17,1.6589138508201914e+17
863,72.3993288590604,1.6309704365752394e+17,1.6309704197799242e+17
864,72.48322147651007,1.5953809209983142e+17,1.595380904202999e+17
865,72.56711409395973,1.5689662757872925e+17,1.5689662589919773e+17
866,72.6510067114094,1.546379937317493e+17,1.546379920522178e+17
867,72.73489932885906,1.5227486817831808e+17,1.5227486649878656e+17
868,72.81879194630872,1.500971197885289e+17,1.5009711810899738e+17
869,72.90268456375838,1.4786134343658512e+17,1.478613417570536e+17
870,72.98657718120805,1.4533770936854896e+17,1.4533770768901744e+17
871,73.07046979865771,1.4312857618614709e+17,1.4312857450661557e+17
872,73.15436241610739,1.403344326669754e+17,1.4033443098744387e+17
873,73.23825503355705,1.3759429032759216e+17,1.3759428864806064e+17
874,73.32214765100672,1.3542030054041621e+17,1.3542029886088469e+17
875,73.40604026845638,1.3280230967795102e+17,1.328023079984195e+17
876,73.48993288590604,1.3058606247936811e+17,1.3058606079983659e+17
877,73.5738255033557,1.2769164920703938e+17,1.2769164752750786e+17
878,73.65771812080537,1.2530977006472371e+17,1.253097683851922e+17
879,73.74161073825503,1.2322983587506829e+17,1.2322983419553677e+17
880,73.8255033557047,1.2119654358312915e+17,1.2119654190359763e+17
881,73.90939597315436,1.1916105229831851e+17,1.1916105061878699e+17
882,73.99328859060402,1.1668149635144982e+17,1.166814946719183e+17
883,74.07718120805369,1.1471017046087754e+17,1.1471016878134602e+17
884,74.16107382550335,1.1249100681215298e+17,1.1249100513262146e+17
885,74.24496644295301,1.0995193367440234e+17,1.0995193199487082e+17
886,74.32885906040268,1.0803934380542803e+17,1.0803934212589651e+17
887,74.41275167785236,1.060010691019717e+17,1.0600106742244018e+17
888,74.49664429530202,1.0408398341977192e+17,1.040839817402404e+17
889,74.58053691275168,1.0206898563677246e+17,1.0206898395724094e+17
890,74.66442953020135,1.0029298528669282e+17,1.002929836071613e+17
891,74.74832214765101,9.852800524365128e+16,9.852800356411976e+16
892,74.83221476510067,9.656196702667706e+16,9.656196534714554e+16
893,74.91610738255034,9.459740721083557e+16,9.459740553130405e+16
894,75.0,9.290428293418949e+16,9.290428125465797e+16
895,75.08389261744966,9.116853501644629e+16,9.116853333691477e+16
896,75.16778523489933,8.945610774268352e+16,8.9456106063152e+16
897,75.25167785234899,8.78986369855063e+16,8.789863530597478e+16
898,75.33557046979865,8.591247427440638e+16,8.591247259487486e+16
899,75.41946308724832,8.397935806711674e+16,8.397935638758522e+16
900,75.50335570469798,8.224514746058323e+16,8.224514578105171e+16
901,75.58724832214764,8.049856556535842e+16,8.04985638858269e+16
902,75.67114093959732,7.885180317229405e+16,7.885180149276253e+16
903,75.75503355704699,7.724579599905656e+16,7.724579431952504e+16
904,75.83892617449665,7.516179912227182e+16,7.51617974427403e+16
905,75.92281879194631,7.345442737773877e+16,7.345442569820725e+16
906,76.00671140939598,7.172866880520062e+16,7.17286671256691e+16
907,76.09060402684564,7.030212422272651e+16,7.030212254319499e+16
908,76.1744966442953,6.892447811718213e+16,6.892447643765061e+16
909,76.25838926174497,6.758045079389718e+16,6.758044911436566e+16
910,76.34228187919463,6.6255873958336744e+16,6.6255872278805224e+16
911,76.4261744966443,6.483379021060381e+16,6.483378853107229e+16
912,76.51006711409396,6.313950495370903e+16,6.313950327417751e+16
913,76.59395973154362,6.187065467419527e+16,6.187065299466375e+16
914,76.67785234899328,6.034359233749148e+16,6.034359065795996e+16
915,76.76174496644295,5.888924024649728e+16,5.888923856696576e+16
916,76.84563758389261,5.752149772482322e+16,5.75214960452917e+16
917,76.92953020134229,5.6135023377272696e+16,5.6135021697741176e+16
918,77.01342281879195,5.499548240271412e+16,5.49954807231826e+16
919,77.09731543624162,5.3808885239694776e+16,5.3808883560163256e+16
920,77.18120805369128,5.268977233799931e+16,5.268977065846779e+16
921,77.26510067114094,5.140837051895498e+16,5.140836883942346e+16
922,77.3489932885906,5.018802420103045e+16,5.018802252149893e+16
923,77.43288590604027,4.865693154513524e+16,4.865692986560372e+16
924,77.51677852348993,4.7501899657269496e+16,4.7501897977737976e+16
925,77.6006711409396,4.633731252196069e+16,4.633731084242917e+16
926,77.68456375838926,4.517864889942509e+16,4.517864721989357e+16
927,77.76845637583892,4.401826150111232e+16,4.40182598215808e+16
928,77.85234899328859,4.3063351699478696e+16,4.3063350019947176e+16
929,77.93624161073825,4.201993815246768e+16,4.201993647293616e+16
930,78.02013422818791,4.111659981602331e+16,4.111659813649179e+16
931,78.10402684563758,3.98145402473814e+16,3.981453856784988e+16
932,78.18791946308725,3.886118400081128e+16,3.886118232127976e+16
933,78.27181208053692,3.796853720962118e+16,3.796853553008966e+16
934,78.35570469798658,3.695206263663263e+16,3.695206095710111e+16
935,78.43959731543625,3.593051595674164e+16,3.5930514277210116e+16
936,78.52348993288591,3.508716085787685e+16,3.5087159178345324e+16
937,78.60738255033557,3.4188476351152284e+16,3.418847467162076e+16
938,78.69127516778524,3.338259536644673e+16,3.3382593686915204e+16
939,78.7751677852349,3.2592455038688124e+16,3.25924533591566e+16
940,78.85906040268456,3.167234994614458e+16,3.1672348266613056e+16
941,78.94295302013423,3.0784163521640556e+16,3.078416184210903e+16
942,79.02684563758389,3.0082284593347144e+16,3.008228291381562e+16
943,79.11073825503355,2.9375704195602308e+16,2.9375702516070784e+16
944,79.19463087248322,2.859988581690641e+16,2.8599884137374884e+16
945,79.27852348993288,2.7872117043000464e+16,2.787211536346894e+16
946,79.36241610738254,2.704941591382427e+16,2.7049414234292748e+16
947,79.44630872483222,2.641375463984944e+16,2.6413752960317916e+16
948,79.53020134228188,2.5667187530204012e+16,2.566718585067249e+16
949,79.61409395973155,2.501884503368429e+16,2.5018843354152764e+16
950,79.69798657718121,2.432851531216517e+16,2.4328513632633644e+16
951,79.78187919463087,2.370912918950122e+16,2.3709127509969696e+16
952,79.86577181208054,2.3091617691800416e+16,2.3091616012268892e+16
953,79.9496644295302,2.2535109705428024e+16,2.25351080258965e+16
954,80.03355704697987,2.181300251943066e+16,2.1813000839899136e+16
955,80.11744966442953,2.127645631207339e+16,2.1276454632541868e+16
956,80.20134228187919,2.0647751951842044e+16,2.064775027231052e+16
957,80.28523489932886,2.0117634843787744e+16,2.011763316425622e+16
958,80.36912751677852,1.9612783179541524e+16,1.961278150001e+16
959,80.45302013422818,1.9090062765393236e+16,1.909006108586171e+16
960,80.53691275167785,1.858859587493191e+16,1.8588594195400388e+16
961,80.62080536912751,1.8098445124733924e+16,1.80984434452024e+16
962,80.70469798657719,1.764055446307815e+16,1.7640552783546626e+16
963,80.78859060402685,1.715621415982868e+16,1.7156212480297156e+16
964,80.87248322147651,1.6694850408054904e+16,1.669484872852338e+16
965,80.95637583892618,1.6223140876756998e+16,1.6223139197225474e+16
966,81.04026845637584,1.567088429470781e+16,1.5670882615176286e+16
967,81.1241610738255,1.5147950823357944e+16,1.514794914382642e+16
968,81.20805369127517,1.4684761490412644e+16,1.468475981088112e+16
969,81.29194630872483,1.429120988246958e+16,1.4291208202938056e+16
970,81.3758389261745,1.3843142686990536e+16,1.3843141007459012e+16
971,81.45973154362416,1.3418430270654948e+16,1.3418428591123424e+16
972,81.54362416107382,1.3054790810320192e+16,1.3054789130788668e+16
973,81.62751677852349,1.262521175094889e+16,1.2625210071417366e+16
974,81.71140939597315,1.2242591436694242e+16,1.2242589757162718e+16
975,81.79530201342281,1.1824373814626442e+16,1.1824372135094918e+16
976,81.87919463087249,1.139885109283505e+16,1.1398849413303526e+16
977,81.96308724832215,1.102906052101057e+16,1.1029058841479046e+16
978,82.04697986577182,1.068072813233264e+16,1.0680726452801116e+16
979,82.13087248322148,1.0357812484348542e+16,1.0357810804817018e+16
980,82.21476510067114,1.0042655580145994e+16,1.004265390061447e+16
981,82.29865771812081,9715699350087490.0,9715697670555966.0
982,82.38255033557047,9372327070862716.0,9372325391331192.0
983,82.46644295302013,9097964813717872.0,9097963134186348.0
984,82.5503355704698,8744165073782053.0,8744163394250530.0
985,82.63422818791946,8483849270386745.0,8483847590855222.0
986,82.71812080536913,8223068274849934.0,8223066595318411.0
987,82.80201342281879,7973411553032831.0,7973409873501308.0
988,82.88590604026845,7739063557772269.0,7739061878240746.0
989,82.96979865771812,7507758079586122.0,7507756400054599.0
990,83.05369127516778,7276069550015355.0,7276067870483832.0
991,83.13758389261746,7012286734584731.0,7012285055053208.0
992,83.22147651006712,6788974418688512.0,6788972739156989.0
993,83.30536912751678,6581231801476640.0,6581230121945117.0
994,83.38926174496645,6377213615630867.0,6377211936099344.0
995,83.47315436241611,6155491404846329.0,6155489725314806.0
996,83.55704697986577,5921986169826339.0,5921984490294816.0
997,83.64093959731544,5712066118401653.0,5712064438870130.0
998,83.7248322147651,5460602147539233.0,5460600468007710.0
999,83.80872483221476,5254172699064808.0,5254171019533285.0
1000,83.89261744966443,5067103819682528.0,5067102140151005.0
1001,83.97651006711409,4862890582558132.0,4862888903026609.0
1002,84.06040268456375,4682711768144626.0,4682710088613103.0
1003,84.14429530201342,4527245737442223.0,4527244057910700.0
1004,84.22818791946308,4358584525588118.0,4358582846056594.5
1005,84.31208053691275,4212571943980915.0,4212570264449391.5
1006,84.39597315436242,4053163724630909.0,4053162045099385.5
1007,84.47986577181209,3912938282302916.5,3912936602771393.0
1008,84.56375838926175,3759818224058851.0,3759816544527327.5
1009,84.64765100671141,3623111218409324.5,3623109538877801.0
1010,84.73154362416108,3486778956772402.0,3486777277240878.5
1011,84.81543624161074,3352163687790875.0,3352162008259351.5
1012,84.8993288590604,3217609707095682.5,3217608027564159.0
1013,84.98322147651007,3100500424685641.0,3100498745154117.5
1014,85.06711409395973,2987332159184610.5,2987330479653087.0
1015,85.1510067114094,2871105149798935.5,2871103470267412.0
1016,85.23489932885906,2755826144581346.5,2755824465049823.0
1017,85.31879194630872,2645164732039864.5,2645163052508341.0
1018,85.40268456375838,2537155814587788.0,2537154135056264.5
1019,85.48657718120805,2443036745773460.5,2443035066241937.0
1020,85.57046979865771,2345841445986482.5,2345839766454959.0
1021,85.65436241610739,2246435452154763.5,2246433772623240.2
1022,85.73825503355705,2155100557836961.0,2155098878305437.8
1023,85.82214765100672,2064937968506199.2,2064936288974676.0
1024,85.90604026845638,1985231362921857.8,1985229683390334.5
1025,85.98993288590604,1908029023605994.8,1908027344074471.5
1026,86.0738255033557,1833095936139508.0,1833094256607984.8
1027,86.15771812080537,1761436216980283.8,1761434537448760.5
1028,86.24161073825503,1684493878746020.2,1684492199214497.0
1029,86.3255033557047,1610905182082719.8,1610903502551196.5
1030,86.40939597315436,1538686669446606.0,1538684989915082.8
1031,86.49328859060402,1476585828841568.2,1476584149310045.0
1032,86.57718120805369,1407702916726875.8,1407701237195352.5
1033,86.66107382550335,1347090172779297.0,1347088493247773.8
1034,86.74496644295301,1286394743271738.2,1286393063740215.0
1035,86.82885906040268,1221973153792770.0,1221971474261246.8
1036,86.91275167785236,1169336559671873.0,1169334880140349.8
1037,86.99664429530202,1119297119861478.0,1119295440329954.6
1038,87.08053691275168,1070006562226848.0,1070004882695324.6
1039,87.16442953020135,1019327073578033.5,1019325394046510.1
1040,87.24832214765101,973741629749693.5,973739950218170.1
1041,87.33221476510067,928674459665727.4,928672780134204.0
1042,87.41610738255034,889851985004233.0,889850305472709.6
1043,87.5,852222534873592.0,852220855342068.6
1044,87.58389261744966,815662188127516.8,815660508595993.4
1045,87.66778523489933,779961174996725.8,779959495465202.4
1046,87.75167785234899,743141974025861.8,743140294494338.4
1047,87.83557046979865,710669916966634.9,710668237435111.5
1048,87.91946308724832,678318366388938.8,678316686857415.4
1049,88.00335570469798,648472358267825.6,648470678736302.2
1050,88.08724832214764,617152990237562.1,617151310706038.8
1051,88.17114093959732,587630024788685.0,587628345257161.6
1052,88.25503355704699,559452371322095.94,559450691790572.6
1053,88.33892617449665,531931013880042.6,531929334348519.3
1054,88.42281879194631,506520127707852.6,506518448176329.3
1055,88.50671140939598,479974953769415.06,479973274237891.75
1056,88.59060402684564,456528863913268.9,456527184381745.56
1057,88.6744966442953,433709239330528.06,433707559799004.75
1058,88.75838926174497,412984155215763.5,412982475684240.2
1059,88.84228187919463,393166860953685.3,393165181422162.0
1060,88.9261744966443,374375364149779.44,374373684618256.1
1061,89.01006711409396,354879365399372.7,354877685867849.4
1062,89.09395973154362,337263000576811.4,337261321045288.06
1063,89.17785234899328,320807857177342.94,320806177645819.6
1064,89.26174496644295,305153999132893.4,305152319601370.06
1065,89.34563758389261,289569076683412.6,289567397151889.3
1066,89.42953020134229,274612771795387.2,274611092263863.88
1067,89.51342281879195,259749638987040.72,259747959455517.4
1068,89.59731543624162,244667069779112.62,244665390247589.3
1069,89.68120805369128,232113778317098.1,232112098785574.78
1070,89.76510067114094,220025242720816.56,220023563189293.25
1071,89.8489932885906,208856895068721.78,208855215537198.47
1072,89.93288590604027,197977412060451.72,197975732528928.4
1073,90.01677852348993,187678237653712.3,187676558122189.0
1074,90.1006711409396,177485448463749.56,177483768932226.25
1075,90.18456375838926,167740108941723.6,167738429410200.28
1076,90.26845637583892,158261758177806.44,158260078646283.12
1077,90.35234899328859,148870953316690.22,148869273785166.9
1078,90.43624161073825,140286229422905.73,140284549891382.42
1079,90.52013422818791,132907173755261.75,132905494223738.44
1080,90.60402684563758,125402107773861.64,125400428242338.33
1081,90.68791946308725,118718843755916.55,118717164224393.23
1082,90.77181208053692,111793774828884.39,111792095297361.08
1083,90.85570469798658,105689224268171.2,105687544736647.89
1084,90.93959731543625,99378791930535.45,99377112399012.14
1085,91.02348993288591,93342962718849.95,93341283187326.64
1086,91.10738255033557,87804644572465.34,87802965040942.03
1087,91.19127516778524,82923194479245.64,82921514947722.33
1088,91.2751677852349,78152066717778.53,78150387186255.22
1089,91.35906040268456,73482897760671.97,73481218229148.66
1090,91.44295302013423,69265401178867.6,69263721647344.28
1091,91.52684563758389,64464422542654.6,64462743011131.28
1092,91.61073825503355,60700829344123.22,60699149812599.9
1093,91.69463087248322,57064597554339.43,57062918022816.11
1094,91.77852348993288,53709870163622.32,53708190632099.0
1095,91.86241610738254,50511959812221.88,50510280280698.56
1096,91.94630872483222,47517498933620.734,47515819402097.414
1097,92.03020134228188,44477929513175.21,44476249981651.89
1098,92.11409395973155,41648803795584.26,41647124264060.94
1099,92.19798657718121,39003250547716.45,39001571016193.13
1100,92.28187919463087,36233264658363.7,36231585126840.38
1101,92.36577181208054,34073978013389.72,34072298481866.4
1102,92.4496644295302,32039558083997.43,32037878552474.11
1103,92.53355704697987,30110776687340.81,30109097155817.49
1104,92.61744966442953,28196027805996.895,28194348274473.574
1105,92.70134228187919,26400406740815.305,26398727209291.984
1106,92.78523489932886,24716002362974.37,24714322831451.05
1107,92.86912751677852,23092538831966.977,23090859300443.656
1108,92.95302013422818,21633844382247.902,21632164850724.582
1109,93.03691275167785,20299169651336.26,20297490119812.94
1110,93.12080536912751,19048740800813.95,19047061269290.63
1111,93.20469798657719,17840716191953.742,17839036660430.42
1112,93.28859060402685,16667593864025.46,16665914332502.14
1113,93.37248322147651,15523593091502.014,15521913559978.693
1114,93.45637583892618,14521069734798.035,14519390203274.715
1115,93.54026845637584,13509953767986.312,13508274236462.992
1116,93.6241610738255,12614780936867.488,12613101405344.168
1117,93.70805369127517,11782288644263.473,11780609112740.152
1118,93.79194630872483,10962589902740.924,10960910371217.604
1119,93.8758389261745,10178379163503.977,10176699631980.656
1120,93.95973154362416,9498395437009.229,9496715905485.908
1121,94.04362416107382,8842483887023.15,8840804355499.83
1122,94.12751677852349,8204085080202.636,8202405548679.315
1123,94.21140939597315,7611699829729.592,7610020298206.271
1124,94.29530201342281,7000469844393.935,6998790312870.614
1125,94.37919463087249,6457527965242.359,6455848433719.039
1126,94.46308724832215,5988758311931.086,5987078780407.766
1127,94.54697986577182,5548117892298.861,5546438360775.541
1128,94.63087248322148,5104048078873.545,5102368547350.225
1129,94.71476510067114,4709355372425.519,4707675840902.198
1130,94.79865771812081,4349772893145.602,4348093361622.282
1131,94.88255033557047,3999542670138.8433,3997863138615.5234
1132,94.96644295302013,3683275676802.502,3681596145279.182
1133,95.0503355704698,3404083380500.876,3402403848977.556
1134,95.13422818791946,3140686345960.471,3139006814437.1514
1135,95.21812080536913,2894173517128.3423,2892493985605.0225
1136,95.30201342281879,2665556670959.822,2663877139436.502
1137,95.38590604026845,2448574181264.231,2446894649740.911
1138,95.46979865771812,2248336312621.6514,2246656781098.3315
1139,95.55369127516778,2066445904930.5605,2064766373407.2405
1140,95.63758389261746,1898270843281.5474,1896591311758.2273
1141,95.72147651006712,1735939867235.867,1734260335712.5469
1142,95.80536912751678,1589848491766.1794,1588168960242.8594
1143,95.88926174496645,1454981104740.1077,1453301573216.7876
1144,95.97315436241611,1333805413853.4333,1332125882330.1133
1145,96.05704697986577,1221832942572.513,1220153411049.1929
1146,96.14093959731544,1119697922075.4988,1118018390552.1787
1147,96.2248322147651,1022964242853.8918,1021284711330.5719
1148,96.30872483221476,933228744280.0416,931549212756.7217
1149,96.39261744966443,846121210395.4524,844441678872.1324
1150,96.47651006711409,768157907802.173,766478376278.853
1151,96.56040268456375,698067428843.284,696387897319.9641
1152,96.64429530201342,632991575111.4117,631312043588.0918
1153,96.72818791946308,573895506940.7498,572215975417.4298
1154,96.81208053691275,520315098755.7575,518635567232.4375
1155,96.89597315436242,470719238958.19775,469039707434.87775
1156,96.97986577181209,426424558572.23126,424745027048.91125
1157,97.06375838926175,383553343265.74493,381873811742.4249
1158,97.14765100671141,346777932728.66815,345098401205.34814
1159,97.23154362416108,313355224555.2589,311675693031.9389
1160,97.31543624161074,282044675618.3267,280365144095.0067
1161,97.3993288590604,253862753594.11362,252183222070.79364
1162,97.48322147651007,228123644290.6007,226444112767.28073
1163,97.56711409395973,204907622108.472,203228090585.152
1164,97.6510067114094,183093757253.62518,181414225730.3052
1165,97.73489932885906,164188330351.26364,162508798827.94366
1166,97.81879194630872,146233805470.06573,144554273946.74576
1167,97.90268456375838,130663019344.72884,128983487821.40884
1168,97.98657718120805,116369914338.91614,114690382815.59615
1169,98.07046979865771,102760140605.59755,101080609082.27756
1170,98.15436241610739,91166794071.61957,89487262548.29958
1171,98.23825503355705,80391219484.29051,78711687960.97052
1172,98.32214765100672,70144734637.46378,68465203114.14378
1173,98.40604026845638,61705479135.02653,60025947611.706535
1174,98.48993288590604,53863434352.35312,52183902829.03313
1175,98.5738255033557,46956765027.70654,45277233504.38655
1176,98.65771812080537,40954807733.70425,39275276210.384254
1177,98.74161073825503,35570327412.78632,33890795889.46633
1178,98.8255033557047,30847281640.821724,29167750117.50173
1179,98.90939597315436,26727943291.463074,25048411768.14308
1180,98.99328859060402,23118656502.60393,21439124979.28394
1181,99.07718120805369,19971154487.755245,18291622964.435253
1182,99.16107382550335,16916648614.815521,15237117091.495531
1183,99.24496644295301,14213151549.518414,12533620026.198423
1184,99.32885906040268,11933830945.985394,10254299422.665403
1185,99.41275167785236,9882852805.788057,8203321282.468067
1186,99.49664429530202,8111817151.649217,6432285628.3292265
1187,99.58053691275168,6491230149.523025,4811698626.203034
1188,99.66442953020135,5160677177.638986,3481145654.3189955
1189,99.74832214765101,4025101083.339553,2345569560.0195627
1190,99.83221476510067,3097247265.023003,1417715741.7030127
1191,99.91610738255034,2356621381.3676515,677089858.0476611
1192,100.0,1679531523.3199904,0.0
