Month,Rank,Market total (%),RF (%),Mkt-RF (%)
1933-04,1,38.91,0.1,38.81
1932-08,2,37.15,0.03,37.12
1932-07,3,33.63,0.02,33.61
1938-06,4,23.89,0.0,23.89
1933-05,5,21.47,0.04,21.43
1939-09,6,16.9,0.01,16.89
1974-10,7,16.62,0.51,16.11
1938-04,8,14.49,0.01,14.48
1975-01,9,14.249999999999998,0.58,13.669999999999998
1931-06,10,14.01,0.08,13.930000000000001
2020-04,11,13.600000000000001,0.0,13.600000000000001
1933-06,12,13.119999999999997,0.02,13.100000000000001
1987-01,13,12.869999999999997,0.42,12.45
1934-01,14,12.65,0.05,12.6
1976-01,15,12.619999999999997,0.4699999999999999,12.15
2020-11,16,12.46,0.01,12.45
1928-11,17,12.2,0.38,11.82
1933-08,18,12.07,0.03,12.04
1982-08,19,11.99,0.76,11.23
1982-10,20,11.89,0.59,11.3
2011-10,21,11.33,0.0,11.33
1991-12,22,11.23,0.38,10.85
1984-08,23,11.1,0.83,10.27
1962-11,24,11.09,0.2,10.89
1931-02,25,10.92,0.04,10.88
1980-11,26,10.56,0.96,9.6
2026-04,27,10.23,0.29,9.94
1929-06,28,10.22,0.52,9.7
1939-07,29,10.22,0.0,10.22
2009-04,30,10.18,0.01,10.17
1933-11,31,9.99,0.02,9.97
2022-07,32,9.65,0.08,9.57
2010-09,33,9.56,0.01,9.55
1954-11,34,9.47,0.06,9.41
1968-04,35,9.45,0.43,9.02
2023-11,36,9.32,0.44,8.88
1990-05,37,9.11,0.68,8.43
1928-03,38,9.08,0.29,8.79
1971-12,39,9.08,0.37,8.71
1935-04,40,9.07,0.01,9.06
2009-03,41,9.03,0.02,9.01
1937-07,42,8.94,0.03,8.91
1985-01,43,8.62,0.65,7.969999999999999
1967-01,44,8.58,0.43,8.15
2019-01,45,8.58,0.21,8.37
1929-08,46,8.54,0.4,8.14
1978-04,47,8.41,0.54,7.870000000000001
1934-11,48,8.34,0.01,8.33
2001-04,49,8.32,0.39,7.93
2003-04,50,8.28,0.1,8.18
1948-03,51,8.2,0.09,8.11
1999-12,52,8.1,0.44,7.66
1931-10,53,8.09,0.1,7.99
2022-10,54,8.08,0.22999999999999998,7.85
2002-10,55,7.980000000000001,0.14,7.84
1989-07,56,7.88,0.7,7.180000000000001
1945-04,57,7.829999999999999,0.03,7.8
1938-10,58,7.8100000000000005,0.01,7.8
2009-07,59,7.75,0.01,7.739999999999999
2015-10,60,7.75,0.0,7.75
1997-07,61,7.739999999999999,0.43,7.31
2001-11,62,7.7,0.17,7.53
1986-02,63,7.670000000000001,0.53,7.139999999999999
1991-02,64,7.670000000000001,0.48,7.19
2020-08,65,7.629999999999999,0.01,7.62
1927-07,66,7.5600000000000005,0.3,7.26
1935-07,67,7.55,0.01,7.539999999999999
2000-08,68,7.53,0.5,7.03
1930-03,69,7.44,0.35,7.090000000000001
1970-07,70,7.44,0.52,6.92
1998-02,71,7.42,0.39,7.03
1948-05,72,7.400000000000001,0.08,7.32
1983-04,73,7.37,0.71,6.660000000000001
1938-07,74,7.32,-0.01,7.33
1998-10,75,7.3,0.32,6.98
1997-05,76,7.22,0.49,6.7299999999999995
1955-11,77,7.21,0.17,7.04
1987-12,78,7.21,0.39,6.819999999999999
2019-06,79,7.17,0.18,6.99
1943-01,80,7.16,0.03,7.13
1936-10,81,7.12,0.02,7.1
1951-07,82,7.08,0.13,6.950000000000001
1985-11,83,7.07,0.61,6.460000000000001
1935-10,84,7.04,0.01,7.03
1980-07,85,7.04,0.53,6.509999999999999
1928-08,86,7.01,0.32,6.69
2016-03,87,6.97,0.02,6.950000000000001
2023-01,88,6.959999999999999,0.35,6.61
2010-07,89,6.93,0.01,6.92
1990-11,90,6.92,0.57,6.35
1936-01,91,6.9,0.01,6.890000000000001
2024-11,92,6.890000000000001,0.4,6.49
2023-06,93,6.860000000000001,0.4,6.460000000000001
1942-10,94,6.849999999999999,0.03,6.819999999999999
2010-12,95,6.83,0.01,6.819999999999999
1939-05,96,6.819999999999999,0.01,6.81
1956-03,97,6.79,0.15,6.64
1927-11,98,6.7299999999999995,0.21,6.52
1936-07,99,6.69,0.01,6.68
1940-06,100,6.69,0.0,6.69
1996-11,101,6.660000000000001,0.4099999999999999,6.25
1955-06,102,6.65,0.1,6.550000000000001
1998-09,103,6.65,0.45999999999999996,6.19
2021-10,104,6.63,0.0,6.63
1989-01,105,6.619999999999999,0.55,6.07
1962-07,106,6.54,0.27,6.27
1986-08,107,6.529999999999999,0.45999999999999996,6.07
1998-12,108,6.529999999999999,0.38,6.15
1954-09,109,6.49,0.09,6.4
1979-03,110,6.480000000000001,0.8100000000000002,5.67
1999-10,111,6.480000000000001,0.39,6.09
2025-05,112,6.4399999999999995,0.38,6.06
1931-01,113,6.4,0.15,6.25
1943-12,114,6.4,0.03,6.370000000000001
1961-01,115,6.39,0.19,6.2
1998-11,116,6.38,0.31,6.07
1979-08,117,6.309999999999999,0.77,5.54
2010-03,118,6.309999999999999,0.01,6.3
1980-01,119,6.3,0.8,5.5
1946-01,120,6.27,0.03,6.24
1945-02,121,6.25,0.02,6.23
1945-08,122,6.25,0.03,6.22
1979-11,123,6.21,0.9899999999999999,5.22
1943-02,124,6.19,0.03,6.16
1970-12,125,6.16,0.42,5.74
2003-10,126,6.15,0.07,6.08
2003-05,127,6.14,0.09,6.05
1981-10,128,6.13,1.21,4.92
2015-02,129,6.13,0.0,6.13
2002-11,130,6.08,0.12,5.96
1980-05,131,6.07,0.8100000000000002,5.26
1943-03,132,6.06,0.03,6.03
1952-11,133,6.06,0.1,5.96
1976-12,134,6.05,0.4,5.65
1948-10,135,6.0,0.04,5.96
1942-05,136,5.99,0.03,5.96
1975-02,137,5.99,0.43,5.56
1935-06,138,5.94,0.01,5.93
1946-03,139,5.91,0.03,5.88
1941-07,140,5.9,0.03,5.87
1975-10,141,5.88,0.56,5.32
1938-02,142,5.85,0.0,5.85
1968-11,143,5.85,0.42,5.43
2020-07,144,5.84,0.01,5.83
1941-06,145,5.83,0.0,5.83
1951-01,146,5.83,0.13,5.7
1997-09,147,5.78,0.44,5.34
1943-05,148,5.77,0.02,5.75
1970-02,149,5.76,0.62,5.14
1927-05,150,5.75,0.3,5.45
1930-01,151,5.75,0.14,5.61
1985-05,152,5.73,0.66,5.07
2018-01,153,5.69,0.11,5.58
1932-02,154,5.68,0.22999999999999998,5.45
1950-12,155,5.68,0.11,5.57
1973-07,156,5.68,0.64,5.04
1978-07,157,5.68,0.56,5.12
2000-03,158,5.68,0.4699999999999999,5.21
1969-10,159,5.66,0.6,5.06
2013-07,160,5.65,0.0,5.65
1975-05,161,5.64,0.44,5.2
1949-07,162,5.63,0.09,5.54
2009-11,163,5.63,0.0,5.63
1934-08,164,5.59,0.01,5.58
2020-05,165,5.58,0.01,5.57
1954-12,166,5.57,0.08,5.49
2013-01,167,5.57,0.0,5.57
1944-06,168,5.54,0.03,5.51
1986-03,169,5.51,0.6,4.91
2024-02,170,5.49,0.42,5.07
1996-09,171,5.45,0.44,5.01
1945-11,172,5.42,0.02,5.4
1973-09,173,5.42,0.68,4.74
1997-01,174,5.41,0.45000000000000007,4.96
1958-12,175,5.38,0.22,5.16
1947-06,176,5.33,0.03,5.3
1963-08,177,5.33,0.25,5.08
1982-11,178,5.31,0.63,4.68
1975-06,179,5.28,0.4099999999999999,4.87
2023-12,180,5.28,0.43,4.85
1988-06,181,5.27,0.49,4.78
1954-01,182,5.24,0.11,5.13
1949-12,183,5.23,0.09,5.14
1988-02,184,5.23,0.45999999999999996,4.77
1936-05,185,5.21,0.02,5.19
1971-01,186,5.21,0.38,4.83
1980-04,187,5.21,1.26,3.95
1991-01,188,5.21,0.52,4.69
2009-05,189,5.21,0.0,5.21
2025-06,190,5.2,0.34,4.86
1963-01,191,5.19,0.25,4.94
1969-08,192,5.19,0.5,4.69
1942-12,193,5.17,0.03,5.14
1999-06,194,5.17,0.4,4.77
1998-03,195,5.15,0.39,4.76
1977-06,196,5.12,0.4,4.72
1944-05,197,5.11,0.03,5.08
1986-05,198,5.11,0.49,4.62
1986-10,199,5.1,0.45999999999999996,4.64
1970-11,200,5.08,0.45999999999999996,4.62
2000-06,201,5.08,0.4,4.68
1956-07,202,5.06,0.22,4.84
1954-07,203,5.05,0.05,5.0
2012-01,204,5.05,0.0,5.05
1970-08,205,5.03,0.53,4.5
1989-04,206,5.02,0.67,4.35
1929-01,207,5.0,0.34,4.66
1946-12,208,5.0,0.03,4.97
1951-04,209,4.99,0.13,4.86
1979-01,210,4.99,0.77,4.22
1927-09,211,4.98,0.21,4.77
1972-11,212,4.97,0.37,4.6
1950-08,213,4.96,0.1,4.86
2021-04,214,4.95,0.0,4.95
2022-11,215,4.94,0.29,4.65
1958-01,216,4.93,0.28,4.65
1950-09,217,4.92,0.1,4.82
1967-07,218,4.9,0.32,4.58
1935-11,219,4.89,0.02,4.87
1960-12,220,4.89,0.16,4.73
1981-03,221,4.88,1.21,3.6699999999999995
2016-11,222,4.87,0.01,4.86
1958-09,223,4.85,0.19,4.66
1960-11,224,4.82,0.13,4.69
1929-07,225,4.81,0.33,4.48
1987-02,226,4.81,0.43,4.38
1945-09,227,4.8,0.03,4.77
2008-04,228,4.79,0.18,4.61
2024-05,229,4.77,0.44,4.33
1963-04,230,4.76,0.25,4.51
1953-10,231,4.73,0.13,4.6
1991-07,232,4.73,0.49,4.24
1970-09,233,4.72,0.54,4.18
1999-04,234,4.71,0.37,4.34
2004-11,235,4.68,0.15,4.53
1975-04,236,4.66,0.44,4.22
2014-02,237,4.66,0.0,4.66
1979-06,238,4.65,0.8100000000000002,3.84
1985-10,239,4.65,0.65,4.0
2020-12,240,4.64,0.01,4.63
1961-11,241,4.6,0.15,4.45
1935-12,242,4.56,0.01,4.55
1952-03,243,4.55,0.11,4.44
1985-12,244,4.53,0.65,3.88
1957-04,245,4.51,0.25,4.26
1977-11,246,4.5,0.5,4.0
1988-01,247,4.5,0.29,4.21
1976-06,248,4.49,0.43,4.06
1968-09,249,4.48,0.43,4.05
1928-04,250,4.47,0.22,4.25
1981-11,251,4.47,1.07,3.4000000000000004
1997-04,252,4.47,0.43,4.04
1997-06,253,4.47,0.37,4.1
1958-07,254,4.46,0.07,4.39
1927-02,255,4.43,0.26,4.17
1932-12,256,4.43,0.01,4.42
1950-05,257,4.42,0.1,4.32
1951-08,258,4.42,0.13,4.29
1971-03,259,4.42,0.3,4.12
2012-02,260,4.42,0.0,4.42
1987-06,261,4.39,0.48,3.91
1994-08,262,4.39,0.37,4.02
1967-03,263,4.38,0.39,3.9900000000000007
1995-11,264,4.38,0.42,3.9599999999999995
1982-04,265,4.37,1.13,3.2400000000000007
1992-11,266,4.37,0.22999999999999998,4.14
2002-03,267,4.37,0.13,4.24
2003-12,268,4.37,0.08,4.29
1954-04,269,4.36,0.09,4.27
1978-08,270,4.34,0.56,3.7800000000000002
1930-07,271,4.32,0.2,4.12
1966-10,272,4.31,0.45000000000000007,3.8599999999999994
1987-07,273,4.3,0.45999999999999996,3.84
1983-01,274,4.28,0.69,3.5900000000000003
1946-04,275,4.26,0.03,4.23
1971-08,276,4.26,0.4699999999999999,3.7900000000000005
2014-08,277,4.24,0.0,4.24
1967-04,278,4.21,0.32,3.8900000000000006
2019-04,279,4.18,0.21,3.9699999999999998
2013-10,280,4.17,0.0,4.17
1938-12,281,4.16,0.0,4.16
1947-07,282,4.16,0.03,4.13
1995-07,283,4.16,0.45000000000000007,3.71
2005-07,284,4.16,0.24,3.92
1949-03,285,4.15,0.1,4.05
1991-05,286,4.13,0.4699999999999999,3.66
1992-07,287,4.09,0.31,3.7800000000000002
2009-09,288,4.09,0.01,4.08
1989-05,289,4.07,0.79,3.2799999999999994
1944-12,290,4.06,0.02,4.04
2013-03,291,4.04,0.0,4.04
1950-04,292,4.03,0.09,3.94
1995-02,293,4.03,0.4,3.63
1952-06,294,3.9900000000000007,0.15,3.84
1987-08,295,3.9900000000000007,0.4699999999999999,3.52
2019-11,296,3.9900000000000007,0.12,3.8699999999999997
1946-05,297,3.9699999999999998,0.03,3.94
1956-02,298,3.9699999999999998,0.19,3.7800000000000002
1993-08,299,3.9699999999999998,0.25,3.72
2016-07,300,3.9599999999999995,0.02,3.94
1988-09,301,3.93,0.62,3.3099999999999996
2007-04,302,3.93,0.44,3.49
1945-10,303,3.92,0.03,3.8900000000000006
2005-11,304,3.92,0.31,3.61
1999-03,305,3.91,0.43,3.4799999999999995
2005-05,306,3.8900000000000006,0.24,3.65
2012-06,307,3.8900000000000006,0.0,3.8900000000000006
2010-10,308,3.88,0.01,3.8699999999999997
1959-04,309,3.8599999999999994,0.2,3.66
1999-01,310,3.83,0.35,3.4799999999999995
1965-01,311,3.82,0.28,3.54
1995-09,312,3.7900000000000005,0.43,3.36
2001-01,313,3.7900000000000005,0.54,3.25
1999-11,314,3.7699999999999996,0.36,3.4099999999999997
2013-09,315,3.7699999999999996,0.0,3.7699999999999996
1954-03,316,3.74,0.08,3.66
1983-06,317,3.74,0.67,3.07
1948-04,318,3.73,0.08,3.65
1957-05,319,3.72,0.26,3.46
2025-09,320,3.72,0.33,3.39
1961-02,321,3.71,0.14,3.5699999999999994
1956-06,322,3.6699999999999995,0.2,3.47
2023-07,323,3.66,0.45000000000000007,3.2099999999999995
2007-05,324,3.64,0.4099999999999999,3.2300000000000004
2006-10,325,3.63,0.4099999999999999,3.2199999999999998
2018-08,326,3.61,0.16,3.45
1998-06,327,3.6000000000000005,0.4099999999999999,3.19
2019-02,328,3.6000000000000005,0.18,3.42
1980-06,329,3.5900000000000003,0.61,2.98
2017-02,330,3.5900000000000003,0.04,3.55
2004-12,331,3.58,0.16,3.42
1972-08,332,3.56,0.29,3.27
1942-07,333,3.54,0.03,3.51
2007-09,334,3.54,0.32,3.2199999999999998
1939-02,335,3.52,0.01,3.51
2011-02,336,3.49,0.01,3.4799999999999995
1935-05,337,3.47,0.01,3.46
1951-12,338,3.45,0.12,3.3300000000000005
1983-03,339,3.44,0.63,2.81
1995-05,340,3.44,0.54,2.9
1959-07,341,3.4300000000000006,0.25,3.18
1971-04,342,3.4300000000000006,0.28,3.15
1965-04,343,3.42,0.31,3.11
1967-09,344,3.42,0.32,3.1
1978-11,345,3.4099999999999997,0.7,2.71
1956-12,346,3.4000000000000004,0.24,3.16
1960-05,347,3.39,0.27,3.12
2010-02,348,3.39,0.0,3.39
1967-12,349,3.38,0.33,3.05
1978-03,350,3.38,0.53,2.85
1997-11,351,3.38,0.39,2.99
2006-01,352,3.38,0.35,3.03
1937-01,353,3.36,0.01,3.35
1958-03,354,3.36,0.09,3.27
2018-07,355,3.36,0.16,3.2
2009-08,356,3.34,0.01,3.3300000000000005
1952-05,357,3.3300000000000005,0.13,3.2
1963-03,358,3.3099999999999996,0.22999999999999998,3.08
1948-12,359,3.3000000000000003,0.04,3.26
1936-11,360,3.27,0.01,3.26
2024-03,361,3.27,0.43,2.84
2021-12,362,3.2400000000000007,0.01,3.2300000000000004
1949-10,363,3.2300000000000004,0.09,3.1400000000000006
1955-04,364,3.2099999999999995,0.1,3.11
1983-02,365,3.2099999999999995,0.62,2.59
2024-06,366,3.2099999999999995,0.4099999999999999,2.8
2017-11,367,3.2,0.08,3.12
1995-06,368,3.19,0.4699999999999999,2.72
1940-07,369,3.18,0.01,3.17
1949-09,370,3.18,0.09,3.09
1996-08,371,3.18,0.4099999999999999,2.77
1958-04,372,3.17,0.08,3.09
1960-08,373,3.17,0.17,3.0
1965-09,374,3.17,0.31,2.86
2021-03,375,3.17,0.0,3.17
2025-01,376,3.17,0.37,2.8
1954-05,377,3.15,0.05,3.1
1928-09,378,3.1400000000000006,0.27,2.87
1958-11,379,3.12,0.11,3.01
1969-03,380,3.12,0.45999999999999996,2.66
1972-02,381,3.12,0.25,2.87
1994-01,382,3.12,0.25,2.87
2012-03,383,3.12,0.0,3.12
1955-02,384,3.11,0.09,3.02
1993-05,385,3.11,0.22,2.89
2013-11,386,3.11,0.0,3.11
1933-03,387,3.1,0.04,3.06
1991-03,388,3.1,0.44,2.66
1994-07,389,3.1,0.28,2.82
1947-12,390,3.09,0.08,3.01
1952-12,391,3.09,0.16,2.93
1961-03,392,3.09,0.2,2.89
2022-03,393,3.08,0.0,3.08
1975-03,394,3.07,0.4099999999999999,2.66
1965-08,395,3.06,0.33,2.73
1975-11,396,3.06,0.4099999999999999,2.65
1990-12,397,3.06,0.6,2.46
1940-10,398,3.03,0.0,3.03
1961-07,399,3.01,0.18,2.83
1964-09,400,2.97,0.28,2.69
1958-06,401,2.96,0.03,2.93
1980-09,402,2.94,0.75,2.19
2021-08,403,2.94,0.0,2.94
1939-12,404,2.93,0.0,2.93
1953-11,405,2.92,0.08,2.84
1965-10,406,2.91,0.31,2.6
2019-12,407,2.91,0.14,2.77
2011-04,408,2.9,0.0,2.9
2000-02,409,2.89,0.43,2.46
1983-11,410,2.87,0.7,2.17
1950-11,411,2.85,0.11,2.74
2023-03,412,2.84,0.36,2.48
1963-10,413,2.83,0.29,2.54
2009-12,414,2.81,0.01,2.8
2013-12,415,2.81,0.0,2.81
2021-02,416,2.81,0.0,2.81
1930-02,417,2.8,0.3,2.5
1959-12,418,2.8,0.34,2.46
2013-05,419,2.8,0.0,2.8
2018-05,420,2.8,0.14,2.66
1991-08,421,2.78,0.45999999999999996,2.32
1996-05,422,2.78,0.42,2.36
1961-10,423,2.77,0.19,2.58
1972-01,424,2.76,0.29,2.47
2012-09,425,2.74,0.01,2.73
2021-06,426,2.74,0.0,2.74
1968-05,427,2.73,0.45000000000000007,2.28
1979-12,428,2.73,0.95,1.78
1934-06,429,2.72,0.01,2.71
1976-03,430,2.72,0.4,2.32
1958-10,431,2.71,0.18,2.53
1961-08,432,2.71,0.14,2.57
1942-06,433,2.7,0.02,2.68
2001-10,434,2.7,0.22,2.48
1967-06,435,2.69,0.27,2.42
1996-01,436,2.69,0.43,2.26
1949-08,437,2.68,0.09,2.59
1935-08,438,2.66,0.01,2.65
1942-09,439,2.65,0.03,2.62
1995-03,440,2.65,0.45999999999999996,2.19
1935-09,441,2.63,0.01,2.62
2014-06,442,2.6,0.0,2.6
1957-11,443,2.59,0.28,2.31
1961-05,444,2.58,0.18,2.4
2017-09,445,2.58,0.09,2.49
1993-03,446,2.57,0.25,2.32
1984-06,447,2.56,0.75,1.81
2014-11,448,2.56,0.0,2.56
1953-07,449,2.55,0.15,2.4
1995-04,450,2.55,0.44,2.11
2012-08,451,2.55,0.01,2.54
1964-01,452,2.54,0.3,2.24
1947-10,453,2.53,0.06,2.47
1996-04,454,2.52,0.45999999999999996,2.06
2014-10,455,2.51,0.0,2.51
1936-02,456,2.5,0.01,2.49
1976-09,457,2.5,0.44,2.06
1944-03,458,2.48,0.02,2.46
1984-12,459,2.48,0.64,1.8399999999999999
1966-04,460,2.47,0.34,2.13
1990-03,461,2.47,0.64,1.83
2020-06,462,2.46,0.01,2.45
2006-08,463,2.45,0.42,2.03
1936-06,464,2.43,0.03,2.4
1943-09,465,2.43,0.03,2.4
1958-05,466,2.43,0.11,2.32
2003-07,467,2.4,0.07,2.33
2003-08,468,2.4,0.07,2.33
1940-09,469,2.39,0.0,2.39
1980-08,470,2.39,0.64,1.7500000000000002
1957-03,471,2.36,0.22999999999999998,2.13
1962-08,472,2.36,0.22999999999999998,2.13
2017-10,473,2.35,0.09,2.26
2025-10,474,2.33,0.37,1.96
1960-06,475,2.32,0.24,2.08
2025-07,476,2.32,0.34,1.9799999999999998
1927-12,477,2.31,0.22,2.09
1927-08,478,2.27,0.28,1.9900000000000002
1978-05,479,2.27,0.51,1.76
2006-09,480,2.25,0.4099999999999999,1.8399999999999999
1989-03,481,2.24,0.67,1.5700000000000003
1995-01,482,2.22,0.42,1.8000000000000003
2004-01,483,2.22,0.07,2.15
2019-10,484,2.22,0.15,2.07
2025-08,485,2.22,0.38,1.8399999999999999
1940-08,486,2.2,-0.01,2.21
1989-08,487,2.17,0.74,1.43
1963-12,488,2.12,0.29,1.83
2006-11,489,2.12,0.42,1.7000000000000002
2024-09,490,2.12,0.4,1.72
1988-12,491,2.11,0.63,1.48
2007-10,492,2.11,0.32,1.79
1987-03,493,2.1,0.4699999999999999,1.63
2024-08,494,2.08,0.48,1.6
1940-03,495,2.05,0.0,2.05
2008-05,496,2.05,0.18,1.87
2014-05,497,2.05,0.0,2.05
1945-01,498,2.04,0.03,2.01
1964-07,499,2.04,0.3,1.7399999999999998
2005-02,500,2.04,0.16,1.8799999999999997
1962-02,501,2.01,0.2,1.81
1963-05,502,2.0,0.24,1.76
2010-04,503,2.0,0.01,1.9900000000000002
1955-07,504,1.9900000000000002,0.1,1.8900000000000001
1969-04,505,1.9900000000000002,0.53,1.46
1980-10,506,1.9900000000000002,0.95,1.04
2011-01,507,1.9900000000000002,0.01,1.9799999999999998
2017-01,508,1.9799999999999998,0.04,1.94
1959-05,509,1.95,0.22,1.73
2017-07,510,1.95,0.07,1.8799999999999997
1958-08,511,1.94,0.04,1.9
2004-06,512,1.9299999999999997,0.08,1.8500000000000003
1949-11,513,1.8900000000000001,0.08,1.81
2018-11,514,1.8900000000000001,0.18,1.71
1993-12,515,1.8799999999999997,0.22999999999999998,1.6500000000000001
1959-11,516,1.86,0.26,1.6
1943-06,517,1.8500000000000003,0.03,1.82
1928-05,518,1.8399999999999999,0.32,1.52
1933-12,519,1.8399999999999999,0.02,1.82
2006-03,520,1.8399999999999999,0.37,1.47
2016-12,521,1.8399999999999999,0.03,1.81
1929-04,522,1.83,0.36,1.47
1942-08,523,1.83,0.03,1.8000000000000003
1982-09,524,1.82,0.51,1.31
1985-06,525,1.82,0.55,1.27
2007-01,526,1.82,0.44,1.38
1964-02,527,1.81,0.26,1.55
1992-12,528,1.81,0.28,1.53
1997-12,529,1.81,0.48,1.33
1985-02,530,1.8000000000000003,0.58,1.22
1950-01,531,1.79,0.09,1.7000000000000002
1989-12,532,1.79,0.61,1.18
2016-05,533,1.79,0.01,1.78
1966-11,534,1.78,0.4,1.38
1944-01,535,1.77,0.03,1.7399999999999998
1945-05,536,1.77,0.03,1.7399999999999998
1968-08,537,1.77,0.42,1.35
1988-10,538,1.77,0.61,1.16
2008-12,539,1.77,0.0,1.77
2001-12,540,1.76,0.15,1.6099999999999999
1965-07,541,1.7500000000000002,0.31,1.44
1944-11,542,1.7399999999999998,0.03,1.71
1954-02,543,1.7399999999999998,0.07,1.67
1971-02,544,1.7399999999999998,0.33,1.41
1989-11,545,1.73,0.69,1.04
1994-10,546,1.73,0.38,1.35
1928-10,547,1.72,0.4099999999999999,1.31
1964-03,548,1.72,0.31,1.41
1996-02,549,1.72,0.39,1.33
1991-10,550,1.71,0.42,1.29
2004-09,551,1.71,0.11,1.6
1990-02,552,1.69,0.57,1.12
1981-02,553,1.68,1.07,0.61
1983-09,554,1.68,0.76,0.9199999999999999
2000-12,555,1.68,0.5,1.18
1955-12,556,1.67,0.18,1.49
1964-05,557,1.67,0.26,1.41
2024-07,558,1.67,0.45000000000000007,1.22
2008-08,559,1.66,0.13,1.53
1929-12,560,1.6500000000000001,0.37,1.28
1978-12,561,1.6500000000000001,0.78,0.8699999999999999
1993-10,562,1.6399999999999997,0.22,1.42
1952-01,563,1.6,0.15,1.45
1979-07,564,1.6,0.77,0.83
1944-08,565,1.59,0.03,1.56
1972-05,566,1.59,0.3,1.29
2019-09,567,1.59,0.18,1.41
1959-10,568,1.58,0.3,1.28
1986-06,569,1.58,0.52,1.06
1950-02,570,1.5700000000000003,0.09,1.48
1964-06,571,1.5700000000000003,0.3,1.27
2015-07,572,1.5700000000000003,0.0,1.5700000000000003
1986-11,573,1.56,0.39,1.17
2013-04,574,1.56,0.0,1.56
1995-12,575,1.53,0.49,1.04
2004-10,576,1.53,0.11,1.42
2003-06,577,1.52,0.1,1.42
1951-02,578,1.5,0.1,1.4
1950-07,579,1.47,0.1,1.37
2004-02,580,1.46,0.06,1.4
1960-02,581,1.45,0.29,1.16
1992-09,582,1.45,0.26,1.19
1940-02,583,1.44,0.0,1.44
2003-11,584,1.42,0.07,1.35
2019-07,585,1.42,0.19,1.23
1992-04,586,1.41,0.32,1.09
1984-03,587,1.38,0.73,0.65
1941-05,588,1.37,0.0,1.37
2015-05,589,1.37,0.0,1.37
1950-03,590,1.36,0.1,1.26
1992-02,591,1.36,0.28,1.08
2007-08,592,1.36,0.42,0.9399999999999998
1965-12,593,1.34,0.33,1.01
2021-07,594,1.34,0.0,1.34
1943-08,595,1.33,0.03,1.3
2026-01,596,1.33,0.3,1.03
1994-12,597,1.3,0.44,0.86
1996-10,598,1.29,0.42,0.8699999999999999
2019-03,599,1.29,0.19,1.1
1947-01,600,1.28,0.03,1.25
1981-05,601,1.28,1.15,0.13
2013-02,602,1.28,0.0,1.28
1933-01,603,1.25,0.01,1.24
1992-10,604,1.25,0.22999999999999998,1.02
2006-12,605,1.25,0.4,0.8500000000000001
1962-12,606,1.24,0.22999999999999998,1.01
2004-05,607,1.24,0.06,1.18
1973-12,608,1.23,0.64,0.59
1982-12,609,1.23,0.67,0.56
1945-12,610,1.22,0.03,1.19
1986-01,611,1.21,0.56,0.65
1983-05,612,1.2,0.69,0.51
2024-01,613,1.2,0.4699999999999999,0.73
2003-03,614,1.19,0.1,1.09
2012-12,615,1.19,0.01,1.18
1998-04,616,1.17,0.43,0.74
1993-01,617,1.16,0.22999999999999998,0.93
2017-12,618,1.15,0.09,1.06
1954-06,619,1.14,0.06,1.08
1959-02,620,1.14,0.19,0.95
2007-03,621,1.14,0.43,0.71
1967-02,622,1.13,0.36,0.77
1968-06,623,1.13,0.43,0.7
1996-03,624,1.13,0.39,0.74
2017-04,625,1.13,0.05,1.08
2017-05,626,1.13,0.06,1.07
1937-02,627,1.1,0.02,1.08
1966-01,628,1.1,0.38,0.72
2006-04,629,1.09,0.36,0.73
1955-05,630,1.08,0.14,0.9399999999999998
1952-07,631,1.06,0.15,0.91
1988-04,632,1.03,0.45999999999999996,0.57
1995-08,633,1.02,0.4699999999999999,0.55
1936-08,634,1.01,0.02,0.9899999999999999
2001-05,635,1.0,0.32,0.68
1972-12,636,0.9899999999999999,0.37,0.62
1936-03,637,0.98,0.02,0.96
1936-09,638,0.98,0.01,0.97
2023-04,639,0.97,0.35,0.62
1957-07,640,0.96,0.3,0.66
1928-07,641,0.95,0.32,0.63
1994-04,642,0.95,0.27,0.68
2016-04,643,0.93,0.01,0.9199999999999999
1959-01,644,0.9199999999999999,0.21,0.71
1972-10,645,0.9199999999999999,0.4,0.52
1994-05,646,0.9000000000000001,0.32,0.58
1964-10,647,0.89,0.29,0.6
1972-03,648,0.89,0.27,0.62
1968-10,649,0.8699999999999999,0.44,0.43
1938-09,650,0.8500000000000001,0.02,0.83
1941-03,651,0.8500000000000001,0.01,0.84
2017-06,652,0.8500000000000001,0.06,0.79
1943-04,653,0.84,0.03,0.8100000000000002
1951-09,654,0.8199999999999998,0.12,0.7
1942-01,655,0.8100000000000002,0.02,0.79
2005-06,656,0.8100000000000002,0.22999999999999998,0.58
2012-07,657,0.79,0.0,0.79
2012-11,658,0.79,0.01,0.78
1956-10,659,0.77,0.25,0.52
2005-09,660,0.77,0.29,0.48
1976-11,661,0.76,0.4,0.36
1977-12,662,0.76,0.49,0.27
2011-12,663,0.75,0.0,0.75
1965-02,664,0.74,0.3,0.44
1967-11,665,0.73,0.36,0.37
1979-04,666,0.73,0.8,-0.07
1927-04,667,0.72,0.25,0.4699999999999999
2023-05,668,0.7,0.36,0.34
1940-12,669,0.69,0.0,0.69
1951-11,670,0.69,0.11,0.58
1953-05,671,0.68,0.17,0.51
1955-01,672,0.68,0.08,0.6
1976-02,673,0.65,0.34,0.31
2002-08,674,0.64,0.14,0.5
2018-06,675,0.63,0.14,0.49
2010-11,676,0.6,0.01,0.59
1968-03,677,0.59,0.38,0.21
2015-04,678,0.59,0.0,0.59
1972-04,679,0.58,0.29,0.29
1992-05,680,0.58,0.28,0.3
1998-01,681,0.58,0.43,0.15
2015-11,682,0.57,0.0,0.57
1956-11,683,0.55,0.2,0.35
1993-06,684,0.55,0.25,0.3
1966-12,685,0.53,0.4,0.13
1977-04,686,0.53,0.38,0.15
2016-08,687,0.51,0.02,0.49
1959-03,688,0.5,0.22,0.28
1987-05,689,0.49,0.38,0.11
1938-01,690,0.48,0.0,0.48
1956-04,691,0.4699999999999999,0.19,0.28
1974-01,692,0.4699999999999999,0.63,-0.16
1928-12,693,0.45999999999999996,0.06,0.4
1961-04,694,0.45999999999999996,0.17,0.29
2011-03,695,0.45999999999999996,0.01,0.45000000000000007
1927-03,696,0.44,0.3,0.14
1931-08,697,0.43,0.03,0.4
2009-06,698,0.43,0.01,0.42
2014-03,699,0.43,0.0,0.43
1945-06,700,0.4099999999999999,0.02,0.39
2018-04,701,0.4099999999999999,0.14,0.27
1944-02,702,0.4,0.03,0.37
1930-08,703,0.39,0.09,0.3
1964-04,704,0.39,0.29,0.1
1969-05,705,0.39,0.48,-0.09
1955-08,706,0.38,0.16,0.22
1934-12,707,0.37,0.01,0.36
1953-09,708,0.37,0.16,0.21
1964-12,709,0.35,0.31,0.04
1993-02,710,0.34,0.22,0.12
1948-08,711,0.33,0.09,0.24
1949-01,712,0.33,0.1,0.22999999999999998
1965-11,713,0.32,0.35,-0.03
1984-04,714,0.3,0.8100000000000002,-0.51
2021-05,715,0.3,0.0,0.3
2016-09,716,0.29,0.02,0.27
1964-11,717,0.28,0.29,-0.01
1971-06,718,0.28,0.37,-0.09
2017-08,719,0.27,0.09,0.18
1983-08,720,0.26,0.76,-0.5
1991-04,721,0.25,0.53,-0.28
1988-05,722,0.24,0.51,-0.27
1940-04,723,0.22,0.0,0.22
1962-10,724,0.21,0.26,-0.05
2018-09,725,0.21,0.15,0.06
1927-01,726,0.2,0.25,-0.05
1936-12,727,0.2,0.0,0.2
1949-06,728,0.2,0.1,0.1
2017-03,729,0.2,0.03,0.17
1944-10,730,0.19,0.03,0.16
2004-08,731,0.18,0.11,0.07
2025-11,732,0.17,0.3,-0.13
1942-11,733,0.16,0.03,0.13
1977-09,734,0.16,0.43,-0.27
1984-10,735,0.16,1.0,-0.84
1953-12,736,0.15,0.13,0.02
1993-09,737,0.14,0.26,-0.12
1974-02,738,0.12,0.58,-0.45999999999999996
1934-03,739,0.11,0.02,0.09
2005-12,740,0.08,0.32,-0.24
1984-09,741,0.06,0.86,-0.8
2006-06,742,0.05,0.4,-0.35
1944-09,743,0.04,0.02,0.02
2006-02,744,0.04,0.34,-0.3
1929-02,745,0.02,0.36,-0.34
1961-12,746,0.02,0.19,-0.17
2020-01,747,0.02,0.13,-0.11
1946-11,748,0.01,0.03,-0.02
1959-06,749,0.0,0.24,-0.24
1979-09,750,0.0,0.83,-0.83
2016-06,751,-0.01,0.02,-0.03
1948-06,752,-0.02,0.09,-0.11
2025-12,753,-0.02,0.34,-0.36
2016-02,754,-0.04,0.02,-0.06
1955-03,755,-0.05,0.1,-0.15
2014-12,756,-0.05,0.0,-0.05
1950-10,757,-0.07,0.12,-0.19
2021-01,758,-0.07,0.0,-0.07
1971-11,759,-0.09,0.37,-0.45999999999999996
1997-02,760,-0.09,0.39,-0.48
1985-07,761,-0.1,0.62,-0.72
1993-07,762,-0.1,0.24,-0.34
1989-09,763,-0.11,0.65,-0.76
1963-07,764,-0.12,0.27,-0.39
1953-02,765,-0.13,0.14,-0.27
1976-08,766,-0.15,0.42,-0.57
1941-08,767,-0.16,0.01,-0.17
1939-04,768,-0.18,0.0,-0.18
1953-01,769,-0.18,0.16,-0.34
1973-10,770,-0.18,0.65,-0.83
2014-04,771,-0.18,0.0,-0.18
1955-09,772,-0.21,0.16,-0.37
1985-03,773,-0.21,0.62,-0.83
1934-09,774,-0.22999999999999998,0.01,-0.24
1985-04,775,-0.24,0.72,-0.96
1937-03,776,-0.25,0.01,-0.26
1992-01,777,-0.25,0.34,-0.59
2011-11,778,-0.27,0.0,-0.27
1981-07,779,-0.31,1.24,-1.55
2022-05,780,-0.31,0.03,-0.34
1928-01,781,-0.32,0.25,-0.57
1980-02,782,-0.34,0.89,-1.23
2006-07,783,-0.37,0.4,-0.77
1985-08,784,-0.45999999999999996,0.55,-1.01
1990-06,785,-0.45999999999999996,0.63,-1.09
1965-05,786,-0.4699999999999999,0.31,-0.78
1947-09,787,-0.48,0.06,-0.54
1962-03,788,-0.48,0.2,-0.68
1960-10,789,-0.49,0.22,-0.71
1970-03,790,-0.49,0.57,-1.06
1971-09,791,-0.49,0.37,-0.86
1972-07,792,-0.49,0.31,-0.8
2025-04,793,-0.49,0.35,-0.84
1929-03,794,-0.51,0.34,-0.8500000000000001
1957-06,795,-0.51,0.24,-0.75
1952-10,796,-0.52,0.14,-0.66
1939-10,797,-0.53,0.0,-0.53
1963-11,798,-0.59,0.27,-0.86
1967-08,799,-0.59,0.31,-0.9000000000000001
1976-07,800,-0.59,0.4699999999999999,-1.06
2007-12,801,-0.6,0.27,-0.8699999999999999
2008-07,802,-0.6,0.15,-0.75
2024-10,803,-0.61,0.39,-1.0
1952-08,804,-0.62,0.15,-0.77
1989-06,805,-0.62,0.71,-1.33
1966-09,806,-0.66,0.4,-1.06
1969-01,807,-0.72,0.53,-1.25
1996-06,808,-0.73,0.4,-1.13
1988-07,809,-0.74,0.51,-1.25
1932-06,810,-0.75,0.02,-0.77
1986-04,811,-0.76,0.52,-1.28
1937-05,812,-0.77,0.06,-0.83
2008-03,813,-0.77,0.17,-0.9399999999999998
1972-09,814,-0.8,0.34,-1.14
1978-09,815,-0.8199999999999998,0.62,-1.44
1973-03,816,-0.84,0.45999999999999996,-1.3
1982-03,817,-0.84,0.98,-1.82
2012-04,818,-0.8500000000000001,0.0,-0.8500000000000001
1966-02,819,-0.86,0.35,-1.21
1941-09,820,-0.8699999999999999,0.01,-0.88
2026-02,821,-0.89,0.28,-1.17
2005-08,822,-0.9000000000000001,0.3,-1.2
1947-05,823,-0.93,0.03,-0.96
1978-02,824,-0.93,0.45999999999999996,-1.39
1976-05,825,-0.97,0.37,-1.34
1977-03,826,-0.97,0.38,-1.35
1965-03,827,-0.98,0.36,-1.34
1999-08,828,-0.98,0.39,-1.37
1981-06,829,-0.9899999999999999,1.35,-2.34
1983-12,830,-1.04,0.73,-1.77
1984-11,831,-1.04,0.73,-1.77
1995-10,832,-1.04,0.4699999999999999,-1.51
1947-02,833,-1.06,0.03,-1.09
1966-06,834,-1.06,0.38,-1.44
1973-06,835,-1.06,0.51,-1.5700000000000003
1976-04,836,-1.07,0.42,-1.49
1981-04,837,-1.08,1.08,-2.16
1977-05,838,-1.1,0.37,-1.47
2015-03,839,-1.11,0.0,-1.11
1943-10,840,-1.12,0.03,-1.15
1975-12,841,-1.12,0.48,-1.6
1991-09,842,-1.13,0.45999999999999996,-1.59
1978-06,843,-1.15,0.54,-1.69
1964-08,844,-1.16,0.28,-1.44
1984-01,845,-1.16,0.76,-1.92
2003-09,846,-1.16,0.08,-1.24
1959-08,847,-1.19,0.19,-1.38
2013-06,848,-1.2,0.0,-1.2
1990-07,849,-1.22,0.68,-1.9
2002-05,850,-1.22,0.14,-1.36
2004-03,851,-1.23,0.09,-1.32
1990-10,852,-1.24,0.68,-1.92
1996-12,853,-1.24,0.45999999999999996,-1.7000000000000002
1953-03,854,-1.26,0.18,-1.44
1977-07,855,-1.27,0.42,-1.69
2011-05,856,-1.27,0.0,-1.27
1960-03,857,-1.28,0.35,-1.63
1966-07,858,-1.28,0.35,-1.63
1963-09,859,-1.3,0.27,-1.5700000000000003
2002-01,860,-1.3,0.14,-1.44
1977-08,861,-1.32,0.44,-1.76
1932-01,862,-1.34,0.22999999999999998,-1.5700000000000003
1928-02,863,-1.36,0.33,-1.69
1979-05,864,-1.38,0.8199999999999998,-2.2
1930-05,865,-1.4,0.26,-1.66
1946-10,866,-1.41,0.03,-1.44
1958-02,867,-1.41,0.12,-1.53
1941-02,868,-1.44,-0.01,-1.43
1944-07,869,-1.46,0.03,-1.49
1960-04,870,-1.52,0.19,-1.71
2015-06,871,-1.52,0.0,-1.52
2007-06,872,-1.56,0.4,-1.96
2007-02,873,-1.58,0.38,-1.96
2021-11,874,-1.58,0.0,-1.58
1977-02,875,-1.59,0.35,-1.94
1954-10,876,-1.6,0.07,-1.67
1989-02,877,-1.6200000000000003,0.61,-2.23
1993-11,878,-1.6200000000000003,0.25,-1.87
1934-10,879,-1.6500000000000001,0.01,-1.66
1940-11,880,-1.6500000000000001,0.0,-1.6500000000000001
1947-03,881,-1.6500000000000001,0.03,-1.68
1987-04,882,-1.6500000000000001,0.44,-2.09
1944-04,883,-1.66,0.03,-1.69
2001-06,884,-1.66,0.28,-1.94
1988-11,885,-1.7000000000000002,0.57,-2.27
1947-08,886,-1.71,0.03,-1.7399999999999998
1953-06,887,-1.71,0.18,-1.8900000000000001
2004-04,888,-1.73,0.08,-1.81
2005-03,889,-1.73,0.21,-1.94
2011-06,890,-1.7399999999999998,0.0,-1.7399999999999998
2012-10,891,-1.7500000000000002,0.01,-1.76
1963-06,892,-1.77,0.22999999999999998,-2.0
2005-10,893,-1.77,0.27,-2.04
1934-04,894,-1.78,0.01,-1.79
1949-04,895,-1.78,0.09,-1.87
2003-02,896,-1.79,0.09,-1.8799999999999997
1938-11,897,-1.8000000000000003,-0.06,-1.7399999999999998
1970-10,898,-1.81,0.45999999999999996,-2.27
1988-03,899,-1.82,0.44,-2.26
1957-02,900,-1.83,0.24,-2.07
2001-07,901,-1.83,0.3,-2.13
1930-04,902,-1.8399999999999999,0.21,-2.05
1952-09,903,-1.8799999999999997,0.16,-2.04
1984-07,904,-1.9,0.8199999999999998,-2.72
1994-09,905,-1.91,0.37,-2.28
2023-08,906,-1.91,0.45000000000000007,-2.36
1947-11,907,-1.9299999999999997,0.06,-1.9900000000000002
1935-02,908,-1.94,0.02,-1.96
1941-11,909,-1.95,0.0,-1.95
2014-09,910,-1.96,0.0,-1.96
1961-09,911,-1.9799999999999998,0.17,-2.15
1969-12,912,-1.9900000000000002,0.64,-2.63
2016-10,913,-1.9900000000000002,0.02,-2.01
2000-07,914,-2.0,0.48,-2.48
1976-10,915,-2.01,0.4099999999999999,-2.42
1992-06,916,-2.01,0.32,-2.33
1998-07,917,-2.02,0.4,-2.42
2014-07,918,-2.03,0.0,-2.03
1951-03,919,-2.05,0.11,-2.16
2020-10,920,-2.07,0.01,-2.08
2025-02,921,-2.11,0.33,-2.44
1927-06,922,-2.12,0.26,-2.38
1982-06,923,-2.12,0.96,-3.08
1992-08,924,-2.12,0.26,-2.38
1999-05,925,-2.12,0.34,-2.46
1966-03,926,-2.13,0.38,-2.51
1987-09,927,-2.13,0.45000000000000007,-2.58
1945-07,928,-2.14,0.03,-2.17
1972-06,929,-2.14,0.29,-2.43
2015-12,930,-2.14,0.01,-2.15
1982-07,931,-2.15,1.05,-3.2
1963-02,932,-2.17,0.22999999999999998,-2.4
2002-02,933,-2.17,0.13,-2.3
1968-07,934,-2.21,0.48,-2.69
2000-10,935,-2.22,0.56,-2.78
2018-03,936,-2.23,0.12,-2.35
2023-02,937,-2.23,0.34,-2.57
1951-05,938,-2.24,0.12,-2.36
1960-07,939,-2.24,0.13,-2.37
1974-06,940,-2.24,0.6,-2.84
1974-03,941,-2.26,0.56,-2.82
2022-02,942,-2.28,0.0,-2.28
1954-08,943,-2.3,0.05,-2.35
1992-03,944,-2.31,0.34,-2.65
1994-02,945,-2.34,0.21,-2.55
1969-09,946,-2.35,0.62,-2.97
2011-07,947,-2.35,0.0,-2.35
1975-08,948,-2.36,0.48,-2.84
1951-10,949,-2.37,0.16,-2.53
1999-09,950,-2.38,0.39,-2.77
2019-08,951,-2.39,0.16,-2.55
2005-04,952,-2.4,0.21,-2.61
1940-01,953,-2.41,0.0,-2.41
1982-01,954,-2.43,0.8,-3.2300000000000004
1942-02,955,-2.45,0.01,-2.46
1973-05,956,-2.46,0.51,-2.97
2003-01,957,-2.47,0.1,-2.57
1934-02,958,-2.49,0.02,-2.51
1955-10,959,-2.49,0.18,-2.67
1951-06,960,-2.51,0.12,-2.63
1952-02,961,-2.52,0.12,-2.64
2009-10,962,-2.53,0.0,-2.53
2005-01,963,-2.59,0.16,-2.75
1946-07,964,-2.66,0.03,-2.69
1953-04,965,-2.67,0.16,-2.83
1983-10,966,-2.67,0.76,-3.4300000000000006
1990-04,967,-2.67,0.69,-3.36
1998-05,968,-2.67,0.4,-3.07
1938-08,969,-2.68,0.0,-2.68
2023-10,970,-2.68,0.4699999999999999,-3.15
1967-10,971,-2.69,0.39,-3.08
2013-08,972,-2.71,0.0,-2.71
1988-08,973,-2.72,0.59,-3.3099999999999996
1994-06,974,-2.73,0.31,-3.04
1974-12,975,-2.74,0.7,-3.44
1981-12,976,-2.76,0.8699999999999999,-3.63
1986-12,977,-2.77,0.49,-3.26
2024-12,978,-2.8,0.37,-3.17
1956-01,979,-2.81,0.22,-3.03
1993-04,980,-2.81,0.24,-3.05
1973-01,981,-2.83,0.44,-3.27
1979-02,982,-2.83,0.73,-3.56
1949-02,983,-2.84,0.09,-2.93
1982-05,984,-2.87,1.06,-3.93
1949-05,985,-2.88,0.1,-2.98
1961-06,986,-2.88,0.2,-3.08
1930-11,987,-2.91,0.13,-3.04
1932-09,988,-2.91,0.03,-2.94
1948-09,989,-2.95,0.04,-2.99
2008-02,990,-2.96,0.13,-3.09
1989-10,991,-2.97,0.68,-3.65
1956-08,992,-3.02,0.17,-3.19
2015-09,993,-3.06,0.0,-3.06
2015-01,994,-3.1,0.0,-3.1
1999-07,995,-3.11,0.38,-3.49
1973-08,996,-3.12,0.7,-3.82
2006-05,997,-3.1300000000000003,0.43,-3.56
1980-12,998,-3.15,1.31,-4.46
1969-11,999,-3.2799999999999994,0.52,-3.8
1957-01,1000,-3.3000000000000003,0.27,-3.5699999999999994
1983-07,1001,-3.32,0.74,-4.06
2007-07,1002,-3.32,0.4,-3.72
2014-01,1003,-3.32,0.0,-3.32
1968-02,1004,-3.35,0.39,-3.74
2010-01,1005,-3.35,0.0,-3.35
1997-10,1006,-3.38,0.42,-3.8
1935-01,1007,-3.45,0.01,-3.46
1968-12,1008,-3.5000000000000004,0.43,-3.93
2018-02,1009,-3.53,0.11,-3.64
2022-08,1010,-3.58,0.19,-3.7699999999999996
1962-01,1011,-3.63,0.24,-3.8699999999999997
1968-01,1012,-3.63,0.4,-4.03
2020-09,1013,-3.63,0.01,-3.64
1939-11,1014,-3.65,0.0,-3.65
1957-12,1015,-3.66,0.24,-3.9
1994-11,1016,-3.66,0.37,-4.03
1977-01,1017,-3.6699999999999995,0.36,-4.03
1997-08,1018,-3.6900000000000004,0.4099999999999999,-4.1
1935-03,1019,-3.7000000000000006,0.01,-3.71
1971-05,1020,-3.7000000000000006,0.29,-3.9900000000000007
1975-09,1021,-3.73,0.53,-4.26
1999-02,1022,-3.73,0.35,-4.08
1991-11,1023,-3.81,0.39,-4.2
1938-05,1024,-3.8599999999999994,0.0,-3.8599999999999994
1946-06,1025,-3.8599999999999994,0.03,-3.8900000000000006
1948-01,1026,-3.8599999999999994,0.07,-3.93
1945-03,1027,-3.8900000000000006,0.02,-3.91
2000-05,1028,-3.8900000000000006,0.5,-4.39
1977-10,1029,-3.9,0.49,-4.39
1985-09,1030,-3.91,0.6,-4.51
2004-07,1031,-3.94,0.1,-4.04
1974-05,1032,-3.95,0.75,-4.7
1967-05,1033,-3.9900000000000007,0.33,-4.32
1974-11,1034,-3.9900000000000007,0.54,-4.53
1981-01,1035,-4.02,1.04,-5.06
1957-10,1036,-4.03,0.29,-4.32
1927-10,1037,-4.04,0.25,-4.29
1971-10,1038,-4.05,0.37,-4.42
1984-02,1039,-4.06,0.71,-4.77
1971-07,1040,-4.09,0.4,-4.49
2024-04,1041,-4.18,0.4699999999999999,-4.65
1941-01,1042,-4.19,-0.01,-4.18
1937-06,1043,-4.2,0.03,-4.23
1937-12,1044,-4.29,0.0,-4.29
1948-02,1045,-4.31,0.07,-4.38
2000-01,1046,-4.33,0.4099999999999999,-4.74
1942-04,1047,-4.36,0.01,-4.37
1953-08,1048,-4.39,0.17,-4.56
2021-09,1049,-4.4,0.0,-4.4
1973-02,1050,-4.43,0.42,-4.85
2007-11,1051,-4.46,0.34,-4.8
1959-09,1052,-4.5,0.31,-4.81
1991-06,1053,-4.52,0.42,-4.94
1994-03,1054,-4.52,0.27,-4.79
1974-04,1055,-4.53,0.75,-5.28
1928-06,1056,-4.59,0.31,-4.9
1997-03,1057,-4.59,0.43,-5.02
1943-07,1058,-4.75,0.03,-4.78
1947-04,1059,-4.77,0.03,-4.8
2010-08,1060,-4.77,0.01,-4.78
2023-09,1061,-4.8,0.43,-5.23
1952-04,1062,-4.85,0.12,-4.97
1937-08,1063,-4.86,0.02,-4.88
1941-12,1064,-4.87,0.01,-4.88
1957-08,1065,-4.87,0.25,-5.12
2026-03,1066,-4.89,0.29,-5.18
2000-09,1067,-4.93,0.51,-5.44
1982-02,1068,-4.94,0.9199999999999999,-5.86
1956-09,1069,-4.96,0.18,-5.14
1956-05,1070,-4.99,0.22999999999999998,-5.22
1948-07,1071,-5.0,0.08,-5.08
1962-09,1072,-5.01,0.21,-5.22
2002-04,1073,-5.06,0.15,-5.21
1929-09,1074,-5.1,0.35,-5.45
1965-06,1075,-5.16,0.35,-5.51
1973-04,1076,-5.16,0.52,-5.68
1984-05,1077,-5.2,0.78,-5.98
1970-06,1078,-5.22,0.58,-5.8
1941-10,1079,-5.26,0.0,-5.26
1966-05,1080,-5.26,0.4099999999999999,-5.67
1939-06,1081,-5.32,0.01,-5.33
1969-02,1082,-5.4,0.45999999999999996,-5.86
1941-04,1083,-5.47,-0.01,-5.46
1978-01,1084,-5.51,0.49,-6.0
1990-09,1085,-5.51,0.6,-6.11
1996-07,1086,-5.51,0.45000000000000007,-5.96
2010-06,1087,-5.55,0.01,-5.56
2002-12,1088,-5.65,0.11,-5.76
1957-09,1089,-5.73,0.26,-5.99
2016-01,1090,-5.73,0.01,-5.74
1981-08,1091,-5.74,1.28,-7.02
1946-02,1092,-5.81,0.03,-5.84
1960-09,1093,-5.84,0.16,-6.0
1932-11,1094,-5.86,0.02,-5.88
1950-06,1095,-5.86,0.1,-5.96
1943-11,1096,-5.9,0.03,-5.93
1986-07,1097,-5.91,0.52,-6.43
2000-04,1098,-5.93,0.45999999999999996,-6.39
1929-05,1099,-5.94,0.44,-6.38
1981-09,1100,-5.95,1.24,-7.19
2011-08,1101,-5.95,0.01,-5.96
1939-01,1102,-5.98,-0.01,-5.97
2015-08,1103,-6.02,0.0,-6.02
2022-12,1104,-6.05,0.33,-6.38
2025-03,1105,-6.05,0.34,-6.39
2001-08,1106,-6.09,0.31,-6.4
1975-07,1107,-6.12,0.48,-6.6000000000000005
2008-01,1108,-6.12,0.21,-6.329999999999999
2012-05,1109,-6.16,0.01,-6.17
2022-01,1110,-6.16,0.0,-6.16
1931-03,1111,-6.22,0.13,-6.35
1962-04,1112,-6.370000000000001,0.22,-6.59
1970-05,1113,-6.370000000000001,0.53,-6.9
1946-08,1114,-6.43,0.03,-6.460000000000001
1969-07,1115,-6.47,0.53,-7.000000000000001
1931-07,1116,-6.570000000000001,0.06,-6.63
1942-03,1117,-6.59,0.01,-6.6000000000000005
1960-01,1118,-6.65,0.33,-6.98
1969-06,1119,-6.68,0.51,-7.19
1939-08,1120,-6.69,-0.01,-6.68
2019-05,1121,-6.709999999999999,0.21,-6.92
2001-03,1122,-6.83,0.42,-7.249999999999999
2002-06,1123,-7.1,0.13,-7.23
1979-10,1124,-7.23,0.8699999999999999,-8.1
1990-01,1125,-7.23,0.57,-7.8
1934-05,1126,-7.249999999999999,0.01,-7.26
1937-04,1127,-7.33,0.03,-7.359999999999999
1974-07,1128,-7.359999999999999,0.7,-8.06
1987-11,1129,-7.41,0.35,-7.76
2018-10,1130,-7.46,0.19,-7.6499999999999995
1970-01,1131,-7.5,0.6,-8.1
1966-08,1132,-7.53,0.4099999999999999,-7.9399999999999995
2011-09,1133,-7.580000000000001,0.0,-7.580000000000001
2008-11,1134,-7.71,0.03,-7.739999999999999
1930-12,1135,-7.719999999999999,0.14,-7.86
2010-05,1136,-7.89,0.01,-7.9
2020-02,1137,-8.03,0.12,-8.15
2002-07,1138,-8.04,0.15,-8.19
2009-01,1139,-8.09,0.0,-8.09
1936-04,1140,-8.12,0.02,-8.14
1986-09,1141,-8.14,0.45000000000000007,-8.59
2008-06,1142,-8.26,0.17,-8.43
1962-06,1143,-8.3,0.2,-8.5
1937-11,1144,-8.31,0.02,-8.33
2022-06,1145,-8.34,0.06,-8.4
1933-10,1146,-8.35,0.01,-8.36
1962-05,1147,-8.42,0.24,-8.66
1930-10,1148,-8.69,0.09,-8.78
1974-08,1149,-8.79,0.6,-9.39
2001-09,1150,-8.96,0.28,-9.24
1931-11,1151,-8.97,0.17,-9.14
2022-09,1152,-9.15,0.19,-9.34
2008-09,1153,-9.2,0.15,-9.35
1948-11,1154,-9.3,0.04,-9.34
2018-12,1155,-9.36,0.19,-9.55
2022-04,1156,-9.41,0.0,-9.41
1990-08,1157,-9.46,0.66,-10.12
1937-10,1158,-9.57,0.02,-9.59
1933-07,1159,-9.62,0.02,-9.64
2001-02,1160,-9.65,0.38,-10.03
1931-04,1161,-9.92,0.08,-10.0
2009-02,1162,-10.13,0.01,-10.14
1946-09,1163,-10.15,0.03,-10.18
2000-11,1164,-10.19,0.51,-10.7
2002-09,1165,-10.2,0.14,-10.34
1970-04,1166,-10.49,0.5,-10.99
1933-09,1167,-10.63,0.02,-10.65
1934-07,1168,-10.93,0.01,-10.94
1974-09,1169,-10.98,0.8100000000000002,-11.79
1932-03,1170,-11.14,0.16,-11.3
1978-10,1171,-11.22,0.68,-11.9
1980-03,1172,-11.69,1.21,-12.9
1939-03,1173,-12.04,-0.01,-12.03
1973-11,1174,-12.22,0.56,-12.78
1929-11,1175,-12.5,0.37,-12.869999999999997
1930-09,1176,-12.590000000000002,0.22,-12.809999999999999
1932-10,1177,-13.13,0.02,-13.15
1931-05,1178,-13.200000000000001,0.09,-13.29
2020-03,1179,-13.25,0.12,-13.37
1931-12,1180,-13.4,0.12,-13.52
1937-09,1181,-13.58,0.04,-13.62
1933-02,1182,-15.32,-0.03,-15.289999999999997
1998-08,1183,-15.620000000000001,0.43,-16.05
1930-06,1184,-15.810000000000002,0.27,-16.08
2008-10,1185,-17.12,0.08,-17.2
1932-04,1186,-17.83,0.11,-17.94
1929-10,1187,-19.61,0.45999999999999996,-20.07
1932-05,1188,-20.45,0.06,-20.51
1940-05,1189,-22.02,-0.02,-22.0
1987-10,1190,-22.59,0.6,-23.19
1938-03,1191,-23.92,-0.01,-23.91
1931-09,1192,-28.71,0.03,-28.74
