,Name,Group,(i) Market cap Jan 2004,"(ii) Market cap (shares 2004, prices Jun 2014)","(iii) Equal-weight, names 3M-HD","(iv) Equal-weight, names HON-WMT",(v) Tangency,(vi) Minimum variance,(vii) Inverse volatility,(viii) Most diversified,(ix) Equal group budget,(x) Equal risk contribution
MMM,3M CO,Manufacturing,0.020991124673884996,0.023470302494790846,0.06666666666666667,0.0,0.030939381785799896,0.14113222795940536,0.03851123516669771,7.338810443386913e-17,0.02,0.031132117163490996
AXP,AMERICAN EXPRESS CO,Finance,0.02253010830692477,0.025454665772940418,0.06666666666666667,0.0,-0.11591588359359277,-0.02874976058838746,0.02038816786143337,0.0,0.05,0.016654222403747046
AMGN,AMGEN INC,Manufacturing,0.02809522434492502,0.03175255401611136,0.06666666666666667,0.0,0.003656799020668657,-0.011714133193659286,0.03072590755034084,0.07535624148992838,0.02,0.03915517861104252
AAPL,APPLE COMPUTER INC,Technology,0.0028233001354491666,0.04307897417119665,0.06666666666666667,0.0,0.32242796870087287,-0.007806756916707161,0.020665961454211935,0.08594643008173558,0.028571428571428574,0.02461908234587835
BA,BOEING CO,Energy and Transportation,0.011308290936646655,0.021275032517134012,0.06666666666666667,0.0,0.09849204930947904,0.06559027946999581,0.02995538986045219,1.0083807276235843e-16,0.05,0.02535801276177768
CAT,CATERPILLAR INC,Manufacturing,0.009130029801494953,0.007839786751474193,0.06666666666666667,0.0,0.18686559062773309,-0.017897976136280615,0.022918405443020515,2.4093804421697645e-16,0.02,0.017933800579705558
CVX,CHEVRON CORP NEW,Energy and Transportation,0.031243282299282252,0.05832320676622655,0.06666666666666667,0.0,-0.02297264762326259,0.051597861865063425,0.03865050069456781,0.07887082987509825,0.05,0.03871630818700312
CSCO,CISCO SYSTEMS INC,Technology,0.059889406297141644,0.03573670737786938,0.06666666666666667,0.0,-0.12300826857576899,-0.03133879588204427,0.027564418666253192,0.0,0.028571428571428574,0.023153960523067944
KO,COCA COLA CO,Manufacturing,0.04085877394620544,0.043400371320160704,0.06666666666666667,0.0,-0.26112210037374867,-0.04727924279583893,0.04869246105109801,0.0,0.02,0.046015658505648316
DIS,DISNEY WALT CO,Trade and Services,0.016622908613488783,0.03666227971737152,0.06666666666666667,0.0,0.3830165186181952,0.046230775217564676,0.03401820543282582,0.0,0.04,0.0264297943421366
DD,DU PONT E I DE NEMOURS & CO,Manufacturing,0.014811389111366554,0.013630593735947674,0.06666666666666667,0.0,-0.3960752924411726,-0.13635366749311204,0.029557305540011927,6.830598916323293e-16,0.02,0.020330550915291963
GS,GOLDMAN SACHS GROUP INC,Finance,0.01595380362053511,0.01656618109865287,0.06666666666666667,0.0,-0.11072718770286462,0.025587682079168138,0.024365946850047764,0.0,0.05,0.02158565420057176
HON,HONEYWELL INTERNATIONAL INC,Energy and Transportation,0.010539353332366904,0.016743869433636285,0.0,0.06666666666666667,-0.06143925955100049,-0.1357012491170903,0.03279740527416712,0.0,0.05,0.0231208645141939
HD,HOME DEPOT INC,Trade and Services,0.02731599877050191,0.03849165701768077,0.06666666666666667,0.0,0.19106493016114265,0.04993132561800587,0.03428730097267385,0.04586165649134376,0.04,0.03400303634118382
IBM,INTERNATIONAL BUSINESS MACHS COR,Technology,0.05778451788286352,0.06516803850596108,0.0,0.06666666666666667,0.04756510053308715,0.19033656299786858,0.04105283015290629,0.009796870856728092,0.028571428571428574,0.03808120773435738
INTC,INTEL CORP,Technology,0.06698241449005714,0.041867300570159964,0.0,0.06666666666666667,-0.29540849268612285,-0.034228469992979814,0.02964763675578072,2.859825440871666e-16,0.028571428571428574,0.024306004575279296
JNJ,JOHNSON & JOHNSON,Manufacturing,0.05366881018056903,0.06488928832465153,0.0,0.06666666666666667,0.42054163897906693,0.10693591411080364,0.054574244382376784,6.975611590305526e-17,0.02,0.044868465274145806
JPM,J P MORGAN CHASE & CO,Finance,0.026857096687492605,0.02456600779212105,0.0,0.06666666666666667,0.24129767224315468,0.020783160166053805,0.02611189785529556,0.0024625586538948832,0.05,0.021909640864031982
MCD,MCDONALDS CORP,Trade and Services,0.011057566254090762,0.026717336846944443,0.0,0.06666666666666667,0.3199607291741948,0.11583019298475769,0.04961497828831361,0.008445454674212581,0.04,0.05016150119461019
MRK,MERCK & CO INC,Manufacturing,0.035848389146795674,0.026897150171713888,0.0,0.06666666666666667,0.11178324078424345,0.0014703279366604029,0.030973333134272713,0.08177467681999175,0.02,0.03736765391802809
MSFT,MICROSOFT CORP,Technology,0.10102448012728427,0.09406060230751256,0.0,0.06666666666666667,-0.008876933229282005,0.07136605030455169,0.03290587439831725,0.0,0.028571428571428574,0.029414933462387088
NKE,NIKE INC,Manufacturing,0.004063005201981222,0.01116981328593294,0.0,0.06666666666666667,0.2635160119145612,0.07776335855220164,0.03417521634398873,0.07947166450725389,0.02,0.03299007031005919
PG,PROCTER & GAMBLE CO,Manufacturing,0.04436567053890713,0.04259114472499559,0.0,0.06666666666666667,-0.24236753584349918,0.10308738170408063,0.0510579112073877,0.023848091952301725,0.02,0.05019738107351611
CRM,SALESFORCE COM INC,Technology,0.0005507749703696327,0.005067196899651679,0.0,0.06666666666666667,0.2693510178561091,0.06806692966715427,0.017271870235982676,0.13561119475958955,0.028571428571428574,0.05757678644526548
BAC,BANK OF AMERICA CORP,Finance,0.04096750205061472,0.009544191690458835,0.06666666666666667,0.0,-0.16288788533924883,-0.06888077707523331,0.015638587229603637,1.8033027867191043e-16,0.05,0.01325258959630361
UNH,UNITED HEALTHCARE CORP,Trade and Services,0.012088761224600668,0.010021555337535331,0.0,0.06666666666666667,0.051510948832877115,0.05711361561220761,0.027772683521252627,0.07115679021709713,0.04,0.03232143413854179
VZ,VERIZON COMMUNICATIONS INC,Energy and Transportation,0.034559572594192504,0.02832229614149671,0.0,0.06666666666666667,-0.18944537790673655,0.038906787902687326,0.042916986783370255,0.031111549704304235,0.05,0.04887994841452058
HPQ,HEWLETT PACKARD CO,Technology,0.02456563070209929,0.02147067862191409,0.06666666666666667,0.0,-0.008449002106442182,-0.020172965686353204,0.025745702546569077,0.02645694726024409,0.028571428571428574,0.023645229258062835
PFE,PFIZER INC,Manufacturing,0.0946196634498211,0.047331316978177586,0.0,0.06666666666666667,-0.0011458088465034228,0.11657335926201981,0.03883762750336568,0.0464152130684587,0.02,0.03752889953212091
WMT,WAL MART STORES INC,Trade and Services,0.07888315030804653,0.06788989960957954,0.0,0.06666666666666667,0.05785207727805987,0.19182000146743602,0.0486040078434146,0.19741382958781667,0.04,0.06929001281403019
