Date,(i) Market cap Jan 2004,"(ii) Market cap (shares 2004, prices Jun 2014)","(iii) Equal-weight, names 3M-HD","(iv) Equal-weight, names HON-WMT",(v) Tangency,(vi) Minimum variance,(vii) Inverse volatility,(viii) Most diversified,(ix) Equal group budget,(x) Equal risk contribution,DJIA index
2004-02-01,0.0038351376131401257,0.012515446615573397,0.012441584781513951,0.00484771278800591,0.07005903260595209,0.03469973818618354,0.014865498001006375,0.009223137168998832,0.015736167976992278,0.00947098017782786,
2004-03-01,-0.025384664186947133,-0.017625082305748066,-0.0025542224250999935,-0.01883945925151391,0.07478334978307885,0.001678049716115811,-0.012833733215780846,0.004057568419313528,-0.01137394055764489,-0.011387442793581554,
2004-04-01,-0.01264450488664218,-0.011708594873819393,-0.03028922345708805,0.0033749022761613867,-0.004391787793481642,0.006393844394460912,-0.011235278769224796,0.0063266237106726535,-0.01783522338976951,-0.0030521037576075397,
2004-05-01,0.013204050979549397,0.01420905211044882,0.020961451162366328,0.022107258089851492,0.07834343039686877,0.010274790984927843,0.012768624334256757,0.04473961677624077,0.01861941592051087,0.022860404078844675,
2004-06-01,0.01329623026580021,0.02349127157753824,0.03978246188844687,0.0019898381805748483,0.058546991423212076,-0.010771835683249223,0.01890487587511903,-0.011466228887145937,0.023905464648922334,0.009119114889168677,
2004-07-01,-0.03548786226758623,-0.028535652229679874,-0.04395611235564382,-0.015772671311264162,0.021748643198544085,-0.013379337269455813,-0.02820885225322199,-0.010266782287011679,-0.022506441508938914,-0.024698348818979657,
2004-08-01,-0.006488546289159623,-7.05626165169269e-05,0.004190767835695284,-0.010014862001428699,0.03854310378259791,0.017117553034115246,0.00199304568141173,-0.006981332435823688,-4.5989413332715395e-05,-0.0037989217612570845,0.0033738637495550616
2004-09-01,-0.018056893201061623,-0.00042368873810804433,0.018556185865656553,-0.00271475968223282,0.15567467582145733,0.027428961402344774,0.0007055934484587332,0.03223079521823094,0.01564480739263903,0.007221403051011071,-0.009204908235960096
2004-10-01,0.013654676387129852,0.0288749131417787,0.042594620789498924,-0.0033899105895715364,0.13082210939239616,0.0029583159238343506,0.015381425341377777,0.018874968547530957,0.019556869918884643,0.012394819133004841,-0.005237954935730982
2004-11-01,0.0075212145511149055,0.02600770872200287,0.06023460429962825,0.012890754800412713,0.11860746483809416,0.012812392320067399,0.03138436712127121,0.028105247273996194,0.03934590046171001,0.027687968197273576,0.03994527034236972
2004-12-01,0.025135445859970216,0.024761485760290837,0.02348419677502122,0.0599552993581323,0.13710589481468824,0.03991932981032648,0.03619953881647807,0.08033223565396248,0.03222069305763795,0.05130175818335064,0.03404193701201175
2005-01-01,-0.03512455366102949,-0.01628445752681256,-0.005439103204112212,-0.03468595274063971,0.09338454103783309,-0.017892729751084087,-0.02137875695504438,-0.009098175468472509,-0.017144599565254246,-0.02060085955825069,-0.02717886749618148
2005-02-01,0.02136798713422836,0.027053628411798664,0.04008521539628544,0.03179267132066691,0.03905026264877108,-0.002908323492015476,0.03084220496079756,0.05945338345817257,0.033281719732351424,0.03551443318570432,0.026338568190094502
2005-03-01,-0.015200510969429013,-0.01900813396856454,-0.015679743931557587,-0.026057469932077568,-0.05231322208996094,-0.010957861244789611,-0.01725929323847434,-0.04528604223908932,-0.021203636578681424,-0.025003734706619384,-0.024379007321968738
2005-04-01,-0.013663232541443544,-0.027836402564098982,-0.04314694179407785,0.0004607295074681083,-0.05838996708994701,-0.04181808217995364,-0.02488532295186545,-0.013003177308622948,-0.022013701041740455,-0.01571172955329733,-0.029632245976678795
2005-05-01,0.03289064994701217,0.03356898702616367,0.04729838840932253,0.025365483337137687,0.07390111830472526,0.015415977883012032,0.03203395541275332,0.04207057278945973,0.03375675437494243,0.03364662821963122,0.02697765319827994
2005-06-01,-0.01901599478127997,-0.020399613952974738,-0.017702246678758565,0.004501574446003143,0.05459611067486827,0.010335771720296979,-0.014563951712743163,0.03810094104195435,-0.0028044792503430214,-0.0016020672511887959,-0.018391246030563302
2005-07-01,0.03399092964682933,0.048687083705942415,0.0636664474329516,0.025921634489797223,0.09801146952016722,0.03830728126655515,0.04467905770040325,0.05268321617325402,0.04031601683972131,0.04619374349159619,0.03561470252467891
2005-08-01,-0.018757853991974865,-0.006442749077614173,0.004524327079821791,-0.006974272947882642,0.11822026809603482,-0.0009766293668195948,-0.008816246271179301,0.01732470935607787,-0.0004758240128446839,0.0018989322174638482,-0.014971463906752303
2005-09-01,-0.005864763863323925,0.002885887752079686,0.023623084701148003,-0.008717024646354073,0.0008005330666650633,0.004994568070155699,0.007076465580784779,-0.0029002656063951524,0.008918477158395667,0.0011376761588779102,0.008309800030529724
2005-10-01,-0.016184789959956453,-0.01155555296573858,-0.012872622949084388,-0.007213527183624586,0.07424252961181317,0.008438113438944414,-0.012331509422123969,0.016018156861456453,-0.011049385377811978,-0.007677582728832596,-0.01217084409624658
2005-11-01,0.037719489030083604,0.04286430329317107,0.0445995943037159,0.03745021856514779,0.05107260332327683,0.01924644889071356,0.037238412077965806,0.032089089611489686,0.04107967011089225,0.03440636651496872,0.03503807924659519
2005-12-01,-0.012828811858784582,-0.01551120785108094,-0.010070290608966232,-0.011430788646592051,0.011908431313037841,-0.02420418948155402,-0.011599496371990784,-0.015213436402611233,-0.010411923459232428,-0.017189058605883743,-0.008177962533326921
2006-01-01,0.017079691530438857,0.01669259881303165,0.02466546795951738,-0.0010991123515766415,0.053291970455669364,0.005294527708610217,0.01154750036434063,-0.00580593657184283,0.013786081479358092,0.007278236608907156,0.013749475157452729
2006-02-01,0.01154117963099572,0.006750261396215051,0.029300458489215517,0.007787726038642831,0.011436092714327347,-0.010584280771926306,0.01787536513884218,-0.005771745218701843,0.019939418684339415,0.013246038982728836,0.011831721715696242
2006-03-01,0.00533154048822549,0.0067786555470241774,0.012575188929163525,0.020708591145815605,0.060255977898458365,0.028294811366027604,0.011934044026420995,0.04063059421570678,0.019748578321072907,0.02401339176974582,0.01054358929576904
2006-04-01,-0.0070050525043686505,-0.002590371593394408,0.02988092410341004,-0.01258399798138794,0.020420924191379003,-0.010566025852061844,0.0037344481137067207,-0.009615742185049429,0.010907563991878262,0.0013619659119515975,0.023207541055618064
2006-05-01,-0.029044312856038264,-0.025951520272416345,-0.021016695785489408,-0.03250901479824607,0.043551033126407825,-0.005503300336835438,-0.023557828368045906,-0.009587123843790308,-0.02690384446881505,-0.01853947470488504,-0.017491646975404507
2006-06-01,0.004015806428864639,-0.0003845042685303917,-0.016708096193627103,0.014754668029896407,-0.03656069550675863,-0.0001325529367341702,0.00019655615878250488,0.0040945450281602005,-0.0010135226008384643,0.0015618528435570604,-0.001619761629109484
2006-07-01,0.012574908208507181,0.016641298320690515,0.0012384083455653386,0.01777271570868084,0.09645311889003727,0.002048632144153262,0.008841895368292373,0.018635425614333852,0.00986103633634771,0.00873481351734647,0.0031802063098307354
2006-08-01,0.04609818858125232,0.0348412995651495,0.01557185017963866,0.05171590974356361,-0.02140696189150379,0.044059579814613774,0.03207211174080545,0.04364019431506019,0.027772971088103445,0.038415818161721065,0.017475021634804522
2006-09-01,0.04167768931555401,0.045010468782435115,0.0492982291159952,0.036435181103587906,0.04623909120743659,0.037209452486413254,0.04180180943394117,0.04698249304926646,0.04645161567584222,0.04091238651458709,0.02617661659849846
2006-10-01,0.03139596650130837,0.03820692956719055,0.03809625370177506,0.02906564789177745,0.0020255572021152927,0.03387620423639547,0.034956020694289,0.023011645950763326,0.03276176733033121,0.03252537869913557,0.03439143698941782
2006-11-01,0.008751955832573004,0.015292883123091164,0.03842250367336474,-0.0038939036765300193,0.05412791974415956,-0.0006000079957131898,0.013051259668583783,0.0026577339174890875,0.01785217589249676,0.008255494752151822,0.01168803540845631
2006-12-01,0.007363057516439745,0.011498380333084668,0.008206299575662745,0.027196031427885885,0.030083243709383267,0.019922715621426106,0.017714077487886642,0.01932720873597095,0.023594284671986387,0.021600777084930304,0.019736653703629425
2007-01-01,0.015188880082841588,0.01419438243163086,0.008130691474295355,0.01061469760493426,-0.0008900206983905076,0.004113215341082128,0.010730117895187815,0.0006115486963767259,0.010025520998325816,0.0071348022525181245,0.012720700625443948
2007-02-01,-0.03867542415300317,-0.0372577791871183,-0.03069773497146166,-0.02846053632321218,-0.029720213666454366,-0.04001150751358113,-0.028499904341118716,-0.027313735575107783,-0.029590984724711986,-0.030956677684205135,-0.027972482290406497
2007-03-01,-0.006680990961655828,-0.000200765632126434,0.006527959799930573,-0.000438583008140407,0.04265550593282735,0.01314178890159448,0.0014376516459059941,0.005711099321131511,0.004916340419855629,0.002278931913705374,0.006986925190506366
2007-04-01,0.062470286195263035,0.064936786561954,0.056228463269214095,0.08114269181156633,0.13095817747204058,0.051089833811232305,0.0646870219134959,0.08411161155851117,0.06490112577597663,0.07241328803577032,0.05735307806562062
2007-05-01,0.02527196336525618,0.03439244252283938,0.04679695455122911,0.03724080579135243,0.07478514203114171,0.02849228964254175,0.037171715627369754,0.0434365827002887,0.045455988815701,0.038379179075813764,0.04323156172705778
2007-06-01,-0.019027869919647583,-0.01624779175542152,-0.016718717260552747,-0.022075323577451716,-0.010706230750597628,-0.018235515097257054,-0.01864986427476835,-0.00812296506627087,-0.02218886168199484,-0.01730846981263057,-0.016071748299778865
2007-07-01,-0.016552845519075248,-0.009476485442586894,-0.009189109033680594,-0.011782020816154846,0.023648451643418982,-0.004810992953898431,-0.011825312416498486,0.0002548880205289895,-0.013260884990909397,-0.007279076531446447,-0.014664447198891484
2007-08-01,0.025189014622506646,0.018706780028118045,0.01583683845935771,0.005837903393484689,-0.08625569827775217,-0.0068547453017659766,0.013700579439040772,-0.021120432973911175,0.007520928899597957,0.003817946984941455,0.011031646254652028
2007-09-01,0.027484032219746046,0.036895860110646925,0.04608189875557359,0.040360055410476034,0.061000126827380506,0.03786880790421782,0.04226241120575695,0.04536660714568692,0.04380389037616242,0.04665344683541738,0.040268039353962504
2007-10-01,0.040651582382677964,0.0475920238531349,0.018311397491312,0.047886477533874316,0.08132180885349197,0.022668503370668114,0.03196936336141945,0.04709235655777763,0.03071022039051724,0.03280444982896342,0.0024741591421189035
2007-11-01,-0.0334651157615955,-0.031961596779493194,-0.052552238792699255,0.0015425090438266813,0.06269856315821434,0.014141085596932263,-0.023275046812847453,0.0236265727312841,-0.029706858636365574,-0.012226534460013427,-0.040078219613625565
2007-12-01,-0.01244828870146301,-0.0034840032811505094,-0.03355540693586622,0.013160169220235716,0.05469479482536466,0.01141459350495322,-0.00818089726948217,0.006409619639124226,-0.010948641335552385,-0.004818084431461533,-0.007994483880906844
2008-01-01,-0.04819392144229332,-0.060596640182150656,-0.05239683530760671,-0.0640220906130983,-0.06841838938464098,-0.03512979008119451,-0.055820534377824894,-0.06196690906835434,-0.0528401033423595,-0.056350232988115936,-0.04632252831172978
2008-02-01,-0.04168258409278533,-0.03520715524991008,-0.02597766047648225,-0.0442343490646452,-0.015484140207692383,-0.02072490651277588,-0.028055038471636415,-0.0363247097583293,-0.043342732505250836,-0.030681043731190707,-0.030352495897350007
2008-03-01,0.004166130539183803,0.013596747300259894,0.0011482969144771822,-0.006818331952152848,0.033319675566220876,0.006660115710680192,0.0030988838392855106,-0.01837324242919812,-0.007300274041798557,-0.003598643244106175,-0.00028533252244544727
2008-04-01,0.03164152219505606,0.045236010270741964,0.06004152716045575,0.016091632787008783,0.06945496530270104,0.020544207338161494,0.03606002192882666,0.02695998534685505,0.050633570127812465,0.029690629741879197,0.04544116435848311
2008-05-01,-0.0023669316419149674,0.003439649889272236,-0.0033435201363221983,-0.021176511440234278,-0.04959222686528585,-0.011458652668831528,-0.005309958585093434,-0.03228129363304114,-0.01662552740762277,-0.018367480979459085,-0.014181603462679382
2008-06-01,-0.08445935662687167,-0.07718285363485873,-0.10359662270248154,-0.09236964633451931,-0.07108879524314582,-0.05155472434206696,-0.08876545799680886,-0.06815887651486353,-0.10833278191616709,-0.08401130447160268,-0.10193680805676697
2008-07-01,0.03414699628857411,0.01708286595238992,0.026041989252070803,0.037756329720761046,-0.0075596178233660796,0.020570799096415075,0.02643112346423246,0.033412183465061765,0.0337789209940932,0.03190824748319188,0.0024678392353838507
2008-08-01,0.02891417812302013,0.03161190470061529,0.03167520824169031,0.01359110432198865,0.031419806883895014,0.0201569715568971,0.026840726528700776,0.01270096448635967,0.01991819135169823,0.019749898262991058,0.014584259827280954
2008-09-01,-0.04004184560481582,-0.05307719357376986,-0.08085202303818259,-0.03039055003259274,0.0230293380933164,0.0072316380648419715,-0.049454299706005546,-0.04600214850305061,-0.0560677138070268,-0.044911502002230944,-0.060057380656204584
2008-10-01,-0.13002113928054393,-0.1220768817708818,-0.16357435252634875,-0.09223328611004196,0.07689624389855626,-0.019703020814287257,-0.12176228151859787,-0.036509445634421704,-0.13576566616058994,-0.10117309680900667,-0.14060435033444962
2008-11-01,-0.07493788329456529,-0.06372738477159785,-0.08693066933271967,-0.04647927990680896,0.056652159161753965,0.025794095329921583,-0.055505671411134376,-0.001047424087761921,-0.07702130492659252,-0.03589401999316278,-0.05318707433021508
2008-12-01,0.007183146875073421,0.000602993140292917,-0.028582334738575427,0.04249327167226048,0.02427774550723627,-0.00995075157839272,0.011050263916445759,0.0084958905183351,0.006156636187694114,0.008111063695036586,-0.005963275735527462
2009-01-01,-0.10793261657075955,-0.07678660347931808,-0.10161041719926983,-0.07480321069963948,0.04549908736545671,-0.032498059662660346,-0.08122480031115849,-0.06163504510475011,-0.09224086492469685,-0.0769510208355273,-0.08836548968311575
2009-02-01,-0.09661170303867765,-0.08870040236464843,-0.1371756230885358,-0.08402130069525457,-0.0503454019537592,-0.025240194234747423,-0.10430715098223366,-0.05159773783080163,-0.11739729487826668,-0.08873396642516855,-0.11722864792034848
2009-03-01,0.12453550233203234,0.10351812156204107,0.16074698360462392,0.0910036678492832,0.006912845266582712,0.0211170366146998,0.10403324220202419,0.10241546121396196,0.13726246118113436,0.10372662691726124,0.07730361195707736
2009-04-01,0.08489269796661993,0.0888142278573321,0.19424282005567375,0.05340418445887892,0.0152748741761186,-0.018459703818330155,0.09403920675327086,0.04146621503367751,0.14425939746329783,0.08238130270761491,0.07349269015839299
2009-05-01,0.048122694086540456,0.04231126904606855,0.0439316425232999,0.059323748361969936,0.08117290355544969,0.035024275662051296,0.04965705644740494,0.035528220347821174,0.05495895564879679,0.04658420849957036,0.04067153763656761
2009-06-01,0.020828640161567987,0.013718485814709695,0.01024398400825602,0.0006131778009418262,-0.022337082795231677,0.006527938387456539,0.0011015349858185487,0.010949128380871309,0.004294111456762839,0.00647231473323593,-0.006273874073124186
2009-07-01,0.09118729954584429,0.08814686518507633,0.13714150251507656,0.08259868297888473,0.051310122632580814,0.036463484626165145,0.09661326634818003,0.09710663810892402,0.10301024418601479,0.0958784418620635,0.08578311826684026
2009-08-01,0.03446953376882574,0.028319833575050326,0.04786205378116341,0.015416196490603884,-0.012897556662718378,-0.011565018313360266,0.025056598005336782,-0.005673040823994817,0.043027123786605635,0.015703915606295235,0.03539945549363743
2009-09-01,0.015681208032155735,0.024676145209414153,0.04809213065684736,0.011291769851639795,0.09700481888410095,0.021976953009958264,0.02775863252686191,0.01721714298102642,0.023851032578731484,0.02633295853784605,0.022745748861659587
2009-10-01,-0.004752266785585775,-3.9822404764338457e-07,-0.02303987560575776,0.004662040379358119,0.04293773161886492,0.024444875750593544,-0.0075440613340588564,0.011405325816089931,-0.013585412402988696,-0.002815969346693979,4.6333095833128723e-05
2009-11-01,0.06579824503414211,0.06691361967646658,0.06927977638883137,0.07449314830116965,0.10901139472744917,0.06980419318249505,0.07010137272399787,0.0882085195590446,0.07253801536312549,0.07477267983786544,0.06508056952061891
2009-12-01,0.014465341685713926,0.018127557388517523,0.013515288675274066,0.016965048043721447,0.06663579712122017,0.02993225729131955,0.015595922382643207,0.01325561610225984,0.014161608048008536,0.014844565206846046,0.00804362368098488
2010-01-01,-0.03108550707044418,-0.03624622443053387,-0.042193576783509365,-0.018708030598241873,-0.014066693446283043,-0.01059791251596795,-0.028738528671902863,-0.010944024175004593,-0.03217584974849582,-0.02563898062718149,-0.034591318607026134
2010-02-01,0.022233578840645155,0.025437027960936658,0.04450610561357703,0.028404957819754963,0.10647601608180886,0.015524836022857163,0.02837837352935029,0.03585894172728729,0.03999492429969926,0.031074947899296216,0.02562049719240367
2010-03-01,0.04177302863355701,0.050601945971498946,0.08064825288882004,0.04280760244763824,0.09386384000429174,0.008847621980352256,0.05525026890346791,0.051683222449875686,0.06631447942210639,0.05463411278245347,0.051463110856288186
2010-04-01,0.0026045826203940775,0.013750924252425615,0.030042550094823456,-0.007507365472101832,0.07660157166556038,-0.012223045337856142,0.0086112338584305,0.0002271841507129493,0.009618184843248419,0.005156033645439067,0.0139988191547471
2010-05-01,-0.08229499272616145,-0.07678932675214553,-0.0872506326340198,-0.05739700158640526,-0.027835477623270093,-0.04434895876095453,-0.07085135582169996,-0.04365424411694845,-0.07365200044820042,-0.06365368508693532,-0.07920891011671782
2010-06-01,-0.05070277902600512,-0.04609182815928513,-0.04944126358582841,-0.022933168362943644,0.04766652553853924,-0.010811917320270904,-0.03690482918662409,-0.0062113277517118854,-0.042404655833526254,-0.025382729551855002,-0.035772243832516204
2010-07-01,0.0630517976529225,0.06491411320022525,0.08464912416979051,0.04871273073570879,-0.04096314169023581,0.031053600680229363,0.06522952794221072,0.038883955020851846,0.06936760506886766,0.057563023062052444,0.07079175201196652
2010-08-01,-0.04795341216549723,-0.0456122500766947,-0.06995214569019353,-0.027208557324820113,0.011722282664732346,-0.002666861154633105,-0.03971916997105331,-0.021013593137309442,-0.05286771033119239,-0.03521807123881192,-0.04311318429113875
2010-09-01,0.07344036851997704,0.07723482573516252,0.09267222259694508,0.07175477173186252,0.11567276717342166,0.0619451655135426,0.07928149802899391,0.08438292850088445,0.08007020701352502,0.0765224844737716,0.07721933314161555
2010-10-01,0.02781513053859723,0.03561047157452718,0.0227690662791478,0.030621116992925617,0.024517827225396104,0.033190288562979856,0.03000863761967505,0.01726896267972899,0.0251136857111333,0.02789282331928868,0.030630188032128247
2010-11-01,-0.027234881260642982,-0.01917417941341479,-0.018173836135513332,-0.003512218640387318,0.03443788696699163,-0.027258507758072863,-0.012345631806835615,-0.003973122501000891,-0.010710966866520705,-0.011191897721493085,-0.010115582241833176
2010-12-01,0.059459680623701716,0.054133759574178694,0.06683047187291398,0.0461571607374978,0.00800205581298393,0.023652964354311235,0.05114675551695168,0.0477622324552994,0.06262108363645069,0.051894550671658206,0.05192521910736114
2011-01-01,0.020379049865252314,0.02037696833037458,0.027676505405366307,0.01434054715927929,0.022455423092073847,0.023840591122810437,0.01716954776514406,0.01990769056732532,0.02621510866405564,0.015242720813664202,0.027157825819196013
2011-02-01,0.000847897288554318,0.009248040521302714,0.02232324059990582,0.011647738445783653,0.08013961343261285,0.009388006997437425,0.017581111026961204,-0.0013844129876068737,0.019767641563925242,0.011932480178409519,0.028120750794866867
2011-03-01,-0.007410996187957015,-0.00563284003250062,0.00012121310101818842,-0.014427784609265151,-0.05197897843518274,-0.010152720660101552,-0.00401456926439747,-0.014925416766754783,-0.004601873854624844,-0.006887600062603795,0.00763842654465674
2011-04-01,0.03913429458382575,0.038508951828466274,0.017364910824486886,0.042910953843128145,0.016885918092402752,0.04678721628764776,0.0360335583833185,0.02564220129045251,0.024160446000340768,0.030390555195728,0.039839347128549196
2011-05-01,-0.011418059862257694,-0.009533391172537617,-0.028069032620064126,0.010516216983101569,0.07455567735400717,0.027227622823886015,-0.0072343108969529215,0.02603617525934067,-0.012631199525197704,0.0025320803390207957,-0.018793118791245345
2011-06-01,-0.018290554357373843,-0.014971638622385717,-0.02609591309396572,-0.009464465441872226,-0.02804455074648893,-0.010863840519253702,-0.014075471469108345,-0.02723293013965729,-0.01977200506225147,-0.018291832680430893,-0.012366952828965383
2011-07-01,-0.014847373659468125,-0.0036010974514104873,-0.021001495962761886,-0.024681329964590923,0.030188154901501257,0.0030683901200073884,-0.020013512613071372,-0.023220346073771724,-0.02412643155697776,-0.023444080952882976,-0.02183764904135055
2011-08-01,-0.03670326579149189,-0.03186002262182627,-0.06665404898693922,-0.013156406687864287,0.03181538751022189,0.020482339117009564,-0.03202434810878157,0.0012444347110368828,-0.04627371992676739,-0.02019474752065863,-0.043621801100859336
2011-09-01,-0.05241548241880624,-0.047039176399795865,-0.10160373899523358,-0.015965589229960327,0.026980523054877636,0.009475417055624729,-0.05289676052388968,0.007602652082833799,-0.06745284518171114,-0.03587659520389821,-0.0602874405973034
2011-10-01,0.09341027003017428,0.08929636678675529,0.1298482386668551,0.07954685108992256,0.06785615213129537,0.02961197979639649,0.09424332206276086,0.08062160337553513,0.10766640724297291,0.08835349276487948,0.09544522411938372
2011-11-01,-0.0010111970404257727,0.0022352876060384953,-0.012202465770250533,0.008039872411472785,0.06457824484604056,0.03655236867364646,0.005265487017424333,0.015676751957869023,-0.009451856496179278,0.006912055565636025,0.007584268018178131
2011-12-01,0.02057485228354852,0.023002112687992127,0.01081176438521166,0.018835411586608564,0.0634948202754782,0.03531876608816208,0.0203169724799731,0.019466698255982514,0.01740658362237015,0.01818739061569947,0.014269015945965524
2012-01-01,0.05504468474103085,0.04801105504353506,0.09010713138948478,0.031283036129746436,0.029866111152208805,-0.015203508045162167,0.04468531929167259,0.02863726558043336,0.06450640233108505,0.0387236592966221,0.03399614980405263
2012-02-01,0.024184861601626598,0.03201195317287477,0.04145810334183873,0.015166278300834465,0.04110491555460655,0.006279068246791136,0.02542777309900929,0.010750289639342468,0.032786811354721224,0.019414985210900074,0.025264171121301304
2012-03-01,0.042918692424673464,0.036710031756359195,0.04071606004641616,0.04409387870110689,0.04141102008050319,0.02401463530416494,0.03421510611242266,0.047662472327150214,0.048989922817275815,0.03890913721526261,0.02007169510356266
2012-04-01,-0.01031893174759946,-0.00542388955077542,-0.00832462433175465,-0.004096145516729328,0.005979900038712016,-0.0024656961425108346,-0.004004709352283999,0.004430344270302858,-0.010408275452656976,-0.001216636665099837,0.00012034477643108055
2012-05-01,-0.05648188114454652,-0.05049906586394822,-0.07474427652018406,-0.048384106569706674,-0.005184931895592187,-0.001994008690579677,-0.05273432180787797,-0.006028434397813113,-0.06465221621230781,-0.0451492263280194,-0.062070755727229976
2012-06-01,0.04617781748820554,0.041479626202536424,0.03701418789734781,0.030683783317156016,0.005020188067480335,0.032220083361355,0.033590874711445645,0.035241421275122205,0.039421607687748876,0.036388127879061975,0.03926590255336482
2012-07-01,0.0055782004863526346,0.013630525948260922,0.0008959098279066833,0.016933757389280525,0.08056015714131276,0.03999828506532093,0.01423925646621515,0.04090680344242529,0.004392448973093331,0.019522939624374874,0.009983625890812808
2012-08-01,0.014621346538457338,0.013838321575788296,0.0274902730487713,0.0056664046999276955,0.043947179458435105,0.003952832681644216,0.010343973636701451,0.016129207436279703,0.018471594114560567,0.010138663519424414,0.006315783000273578
2012-09-01,0.018907403333761966,0.01850920265596138,0.02266182099722857,0.01863271458168495,0.04589972469200332,0.027565096736057167,0.021491869584355994,0.016854385044341058,0.025823407593832143,0.020628094744416074,0.026452847945586333
2012-10-01,-0.02078582709167428,-0.025823968073723547,-0.03611462833387773,-0.005524292381748542,0.0159053993256222,-0.0038077586795243652,-0.021135275871838326,-0.007663172529965232,-0.014841329250830163,-0.01623959741324609,-0.025352884135228293
2012-11-01,-0.010030671602881321,-0.011006271175890094,0.01242421008754421,-0.021339584514642112,0.016173349904745695,-0.009771141357287072,-0.003815052539726994,-0.019625252164721756,-0.004416022182866286,-0.00797855863017156,-0.0054121495427007504
2012-12-01,0.010984051076138578,0.0015068507367598711,0.024423027907472715,0.006779125306666761,-0.05113275048401805,-0.023320407754662452,0.008345151150270512,-0.016768370735096204,0.021158225933268368,0.004293207678766796,0.006031209358815515
2013-01-01,0.04987974836848537,0.04418010958521459,0.045495057117207374,0.042657068765040475,-0.009422996839400562,0.05643307347705861,0.04985080119808222,0.009688843928223,0.043471301296719174,0.04087253101164104,0.05772526850293125
2013-02-01,0.01971682891946689,0.02049141603151678,0.03021789846274146,0.020160664228606528,0.01575577687761335,0.01737485986670187,0.023631987420838836,0.03306258663686161,0.026136448197494354,0.02851431623387732,0.013990035049038285
2013-03-01,0.04663155758630211,0.045108577757613975,0.04567301063649501,0.052223556540776234,0.04813699073641764,0.04911600716376469,0.04795388511383145,0.06396191109676784,0.04927423269408815,0.052063510961890894,0.03728701646235488
2013-04-01,0.03842500493899924,0.03819958733036343,0.017515990973121565,0.04442632571826194,0.028097668110895545,0.029865003769089158,0.03275501115607228,0.035238686692741245,0.03146031776445894,0.03404660694157611,0.01792086175981944
2013-05-01,0.02218452016684736,0.01972332109167093,0.056314157921682456,0.0029342670639464106,-0.009559301853145944,-0.021934977470972648,0.017480955773748696,-0.0018639992350063931,0.03731668894597166,0.012920508882612662,0.018583134543592283
2013-06-01,-0.007083241714039997,-0.012271725098717282,-0.024563390264304593,0.0029522883552853445,-0.00390462259537541,0.004822195616465554,-0.006198630372629632,-0.011502655846141584,-0.010933262768892147,-0.006494199462573112,-0.01362634687279407
2013-07-01,0.02917670907667621,0.03208627682484894,0.05621285686614007,0.026634832091211827,0.06362270867025065,0.022932090382634857,0.037571479075791225,0.056465201153981334,0.04180317378205092,0.03914691009392376,0.03956779524601606
2013-08-01,-0.040256010119698295,-0.034529444207499156,-0.036098623649597594,-0.028802042510187517,0.021342823996574913,-0.03376849479160566,-0.03682152719132321,-0.009450005557130374,-0.03603046951050783,-0.03029559530572022,-0.044467771301599957
2013-09-01,0.011717213235024572,0.014858868419107074,0.021621804849125553,0.021568223738487678,0.07712228332663508,0.031229797963982075,0.020631612310126956,0.019835508848163166,0.022988511865987486,0.019312053943929288,0.02156335687774269
2013-10-01,0.038141096793265904,0.03989061294196536,0.046780651905584295,0.021815106382542068,-0.011881375380609866,0.022105828618912467,0.036658768432147375,0.014396144945068634,0.03430043853961571,0.030407185534105857,0.027500930291275427
2013-11-01,0.03561320584941229,0.03409905547588891,0.03665013426330977,0.03173325571336421,0.056433038092635585,0.03351948044454739,0.03219595120024,0.02974261848938819,0.03747068712381701,0.027854933077642797,0.03477863724812247
2013-12-01,0.010496895422583228,0.012789739816101238,0.035283152557654594,0.00359271035187886,-0.014475404828392067,-0.013790988795177098,0.015159887640807397,-0.0007740324870840206,0.020375826105092337,0.012167409670569174,0.030476035361525655
2014-01-01,-0.028051775093235767,-0.039436750426714524,-0.0410115886385609,-0.020762817407553685,-0.011056897363803051,-0.05672875321029198,-0.036682146484169044,-0.019879092054652436,-0.03388331458605205,-0.030143418407699206,-0.052954575891645206
2014-02-01,0.02943081172144324,0.03410490931385309,0.0414773857689513,0.027362510420804956,0.06957197921519052,0.02911123701368631,0.03498777326315887,0.025880642468381055,0.032222539763996104,0.029629464711229247,0.039675517633457114
2014-03-01,0.02636467306420362,0.024173449835978366,0.00984817362328679,0.029132153647890326,0.03528036741083971,0.02885397924232837,0.018724389215216637,0.021927288715439794,0.018269915944616005,0.02142761922713,0.008329396858540061
2014-04-01,0.0029000074493502745,0.012174419517951496,0.007237834642845449,-0.002634536504397549,0.03366622961602911,0.017981679726512826,0.007592051066145415,0.006211008229119939,-0.002944826501661774,0.006147151649539849,0.007484660638268137
2014-05-01,0.0018895740935709103,0.00701760653000075,0.023836874954806405,0.00978834424216588,0.04752107706061502,-0.008829841479753244,0.011746157215372626,0.022372206467459847,0.01811531602665557,0.015275713301387278,0.008222140735933747
2014-06-01,0.015393085042375049,0.008466975283233456,0.006459211173391647,0.006267398064595925,-0.048742996844041396,-0.006949126996408742,0.006783637413810229,-0.015054731845430245,0.007590778955760293,0.0021151986681452522,0.006545964418618766
2014-07-01,0.0030163532401621413,0.0010183238243586417,-0.007473784706708047,-0.000518231766176535,-0.05228932099511708,-0.00821117663362046,-0.0066329753041220645,0.00015403637262055033,-0.0045259632546545605,-0.005811118924039552,-0.0156478432957341
2014-08-01,0.03788063369668702,0.03989426113956211,0.05228696087635652,0.026254284816352245,0.04695336180225361,0.021372797615181398,0.03852485566099006,0.034814757204084064,0.037361119796438,0.03547144537343922,0.032309382792076624
2014-09-01,0.004279436183252524,0.0011135168858125454,-0.007247250763074344,0.02739514166942558,0.03573689008627784,0.0164887886794829,0.0076737458438620385,0.03378731240787421,0.006707461068139956,0.01654294538575091,-0.0032488324965127546
2014-10-01,0.003973618584199311,0.008414325408266855,0.027286524645145804,0.0022166145942820546,0.05832025077602575,0.0025969928807411183,0.01294394451377517,0.025011653743752953,0.01419891850665451,0.012654198297394129,0.02039676346161734
2014-11-01,0.04163714192202736,0.036592926562298726,0.03345638924185776,0.04212942185782343,0.02891793204732291,0.03864355402614666,0.03708850730821045,0.062116723088682144,0.03287701296382785,0.04179727342413456,0.02517003516858618
2014-12-01,-0.009197131805849171,-0.011749108619543376,-0.00024037159640564822,-0.015772520652779523,-0.048200837648806553,-0.014209422043478697,-0.010493944024134389,-0.015176028024493577,-0.003034684844588099,-0.012103054144082944,-0.00028998936518698226
2015-01-01,-0.05258918078207535,-0.04472651676246334,-0.04923033891523204,-0.03656326513288004,0.0582728255313866,-0.010418956199071884,-0.03853724420733121,-0.013373867454121124,-0.04558008648308225,-0.03533932641486784,-0.03692517619018487
2015-02-01,0.052569064898705255,0.054815968442921366,0.0609000916353792,0.04957268332181534,0.10138522058852986,0.04873692674679702,0.05349315841357726,0.038059531653356335,0.05862131232477374,0.05110361320164544,0.056379424350202045
2015-03-01,-0.029558830874017433,-0.02720068216241348,-0.03297708919932101,-0.015293863459212345,0.0592158987802612,0.001201904172593406,-0.02269502734845799,-0.014376191921765206,-0.021207742810705168,-0.022668909154533377,-0.019665025065213726
2015-04-01,0.026881658459976525,0.024323105608999227,0.014661873975988518,0.012609188592185887,-0.024509158150126657,-0.007382160635064907,0.009810647395924688,-0.009304737616880065,0.012951626636264707,0.007308285792792191,0.0036228378296276897
2015-05-01,0.0037373929568098514,0.0013749229439246247,0.007912390292616521,0.01860192304768477,0.0588686302918078,-0.0024740827700378363,0.007469703557450416,0.015719817823687383,0.013560664204880842,0.01068171912590091,0.009537838583180358
2015-06-01,-0.03931027444574168,-0.03530839909482048,-0.028173242607632532,-0.022992460831782434,0.10733284395532805,-0.003969064631238278,-0.02744702060175436,-0.020908168072934087,-0.02203790857198593,-0.025521963211105017,-0.021718780190420506
2015-07-01,0.021179889706669095,0.01635158448059243,0.0045677285182642215,0.01875228201115142,0.10561974242343068,0.03448235605550817,0.014308964894715155,0.017005889155687612,0.01075902030936288,0.015437661892993136,0.003992733055573128
2015-08-01,-0.07185230611800458,-0.071561354556389,-0.07204125401700698,-0.06651506720675404,-0.113580177652586,-0.08481396925540685,-0.06872012425063943,-0.08501923122792947,-0.06741886355133636,-0.07231470481920803,-0.06567773854626335
2015-09-01,-0.013498303879033077,-0.012305792650881567,-0.0375285904426819,-0.0037007112353436853,0.009713281165613354,0.02221332662515895,-0.015168400811664602,-0.014620152193418222,-0.022008392137992723,-0.01483485001736615,-0.01472226272580568
2015-10-01,0.07753443995149771,0.08064604606365675,0.10573633306655256,0.06806619662642059,0.01119887569682978,0.008049070838083271,0.08362899423991725,0.04708976069740058,0.08120877926925475,0.07747807981165895,0.08467088739737294
2015-11-01,-0.009475854633956237,-0.006077920973288687,-0.028292970437809192,0.0018187165389933555,0.011745462056454506,0.005692001974363878,-0.009853912430195998,-0.007759628274578569,-0.00981331136405844,-0.008224598826922823,0.0031918856582540123
2015-12-01,-0.0008630348439381347,-0.005352179012820517,-0.03262953663756825,0.01527277642743034,-0.04479379291168726,0.019421433522385734,-0.004171543429923084,0.010175715713173583,-0.009062692166421952,0.00254509062539531,-0.016641722987462693
2016-01-01,-0.047344620196706565,-0.043170292697570216,-0.10453779959906236,-0.014790639792442406,0.04922392602608506,0.03541470678291556,-0.04304237126635593,-0.017234115103846294,-0.0634652024567444,-0.03663414998626117,-0.05502027830081213
2016-02-01,-0.008514902506921822,-0.006980436154964392,0.012926697072158108,-0.011383734897496934,-0.04304291135654559,-0.019732552757165775,-0.00017512485697207558,-0.0025216328061646504,-0.006679444180851914,-0.001037553059677219,0.0030486508808900137
2016-03-01,0.06896777157601633,0.07455231217750449,0.08640744385206564,0.0547016174003366,0.028109559401470335,0.04520311653358023,0.06813147149959807,0.05118790651762339,0.07439537680572378,0.06317999651807302,0.07075288348015629
2016-04-01,0.0013930314108703931,-0.005021470201373355,0.017877276511298057,-0.010521151511501837,-0.01663861225168096,-0.012967259475604695,0.0032407712255570296,-0.01716940502709199,0.009561741363129027,-0.0029184446890930214,0.005007042655706062
2016-05-01,0.027972970897850013,0.020937961366655294,9.228624974564358e-05,0.021359153869974192,-0.027874853156768742,0.019931155606298483,0.009502453002920118,0.026704141130810394,0.008159169766967112,0.013100317191908687,0.0007629275713922912
2016-06-01,0.003703157714055724,0.003880535458260973,-0.019215835840846927,0.016891480557245313,-0.009494373286991339,0.029779679576127354,0.007610535959025561,0.004274154922195841,-0.0048763372692693895,0.006622813944226536,0.00802768282810118
2016-07-01,0.045351820631862924,0.040307646473427404,0.055550697309817,0.02047741128007203,-0.00985179572191344,0.006894602708519953,0.031732656126444526,0.02150165810816501,0.035267533293877766,0.027620540446521517,0.028011727836992684
2016-08-01,0.0018505726933954047,-0.0013484275177528767,0.01079363917658506,0.008554461778668943,-0.0029352888949760137,-0.02133976547192927,0.001234424578577583,0.0167598530805664,0.009917249609540105,0.006481599851894951,-0.001701366735676224
2016-09-01,-0.00024897238615089026,0.0017618584961766842,0.0013593023354766022,-0.00028418137283484264,0.013053115154398847,-0.003588422712209802,-0.0014222022550402268,0.005888773949747551,-0.0005437150246181538,0.00033694008562944433,-0.005039432896687512
2016-10-01,-0.022779167154562515,-0.018677692624193453,-0.006666272923803943,-0.027526607478376996,-0.022365358067544836,-0.02399229352300884,-0.02173553767245595,-0.03218652976333068,-0.007437673104522957,-0.02285251361643512,-0.00905225268527965
2016-11-01,0.03448600726445398,0.029222659928794487,0.07209322042304288,0.032178485707549824,0.038154156997593565,0.013183968800195017,0.039487777661650104,0.029813115111909583,0.06704583170345992,0.0377848359901378,0.054080988093099025
2016-12-01,0.023599425316285796,0.026835126357196332,0.02787271611342206,0.023921424213469183,0.029986725033518628,0.030071214997309442,0.025327276735952912,0.014746584310046525,0.031521948635071656,0.02464442972716757,0.03341529148830902
2017-01-01,0.00877226132160468,0.011606959922780182,0.01923631987691474,0.004943662634661906,0.036886164395330524,-0.0072479752542065545,0.00963938460550143,0.0018006175922096503,0.00789162078120418,0.006736454980467549,0.005135457885096173
2017-02-01,0.04970496120476856,0.04964988453113666,0.06865509884517122,0.043263939975415916,0.10206764461226948,0.04773432819530352,0.05254811208985915,0.06554544470641269,0.054929288861272935,0.05337931355934897,0.04773186186731948
2017-03-01,-0.00463716821437989,-0.0015847646574985704,-0.008938775730075054,-0.001886453223073466,0.042965708094638955,0.002392448855564342,-0.004136700164430317,0.00038481890803395194,-0.008141626786696643,-0.0025633194498054365,-0.007160209568984444
2017-04-01,0.004848911560032895,0.006950787167498235,0.018547565852401523,0.002786980816933833,0.07128873810613434,-4.4847995037737155e-05,0.009948091643189105,0.008691737828644613,0.0114379160921303,0.00847727425165848,0.01341949609015436
2017-05-01,-0.004739257127053931,0.0008992100681307863,-0.011215229375249361,0.011829326338969225,0.05814836787010777,0.016391305324335685,0.0033988967142558973,0.019744892468164216,-0.003486742851269049,0.008948606852574509,0.0032539799651489787
2017-06-01,0.006162759622463682,0.005144240438933698,0.019784732727304025,0.013644584835843129,0.06090820851518949,0.013509992797757645,0.012921615048623545,0.009563746228667383,0.019719938115922857,0.011911936896061334,0.016230457454429414
2017-07-01,0.02274773973078271,0.025248187826895096,0.034314963376154854,0.018014034640183148,-0.005800629525724382,0.013770922126846531,0.02579682781605081,0.022127858324426333,0.03142874809913934,0.024622925995519344,0.025362968819599985
2017-08-01,0.0030907748351821935,0.004397563614610263,0.006391212048892591,0.0060976692439071185,0.009359555886103347,-0.00528141080535135,0.0026393471227078883,0.015410340483625483,0.0041246580845741634,0.007539322070290647,0.0026028818991443714
2017-09-01,0.02789733202989316,0.021065891419129536,0.03662847591887484,0.012981216694762347,-0.05278982043866343,0.006359174713292028,0.021016845737700237,0.01497658183845375,0.0296966114775166,0.019944315406746845,0.020821392284525952
2017-10-01,0.04566476568915202,0.04421528015711584,0.036630309755939186,0.039442982780358946,0.04124017042332387,0.04694922756211894,0.035896397625885236,0.025495072853165237,0.03884693126328813,0.03243282160137784,0.04338969403827431
2017-11-01,0.03424959226149591,0.034317493556890635,0.0347788825335497,0.04189471830611153,0.09071866074281473,0.059070620766185696,0.038916397137405,0.05448360856035213,0.04261491729918912,0.04060393888525497,0.038289806666655046
2017-12-01,0.016137967973095257,0.015498748099930326,0.02354760753490932,0.014426796774610257,0.04192406045793562,0.01634125258422098,0.01652162578054843,0.0200149662675227,0.021229703766216003,0.018311460056526625,0.01841066069004449
2018-01-01,0.05178184932155016,0.046484909767691776,0.05731378433327147,0.04416122441545614,0.03931099269489995,0.04610901804495334,0.04564090819932722,0.05111272384862864,0.053260649252295685,0.04602076748903901,0.05785659903508278
2018-02-01,-0.04204009787239755,-0.045347852918952464,-0.02678763719276712,-0.05036149964641794,-0.013805179419006053,-0.07660739925912435,-0.04900197631346888,-0.0574100960364648,-0.039366698377755714,-0.0503963367187793,-0.04283809297272323
2018-03-01,-0.020473453693410908,-0.021254841911404657,-0.04733251267111029,-0.004430915670854044,-0.005617240106725457,0.00011465579135525068,-0.02322702070752826,-0.003802124348631859,-0.027788207466158607,-0.01638846255009348,-0.037000383552011296
2018-04-01,0.006344242946211217,0.006859171665157695,0.001781754725451168,0.015694447575294677,0.05630362389390899,-0.006306979400104137,0.006629430661792595,0.030599379652775278,0.013532095928870442,0.01061836613596255,0.0024909648588917754
2018-05-01,-0.002713251889585434,0.0025199980325688875,0.012630301583162558,-0.010264610249315258,-0.01834472103961329,-0.0338181651789388,-0.0016985808422221287,-0.013637308925870732,-0.0022909779410008398,-0.008396629361872477,0.010457659700825461
2018-06-01,0.004877146819386378,0.008523223761966991,0.0009404290076070544,0.012214109003085593,0.030779558023689483,0.031698498083819956,0.010837859424545052,0.0332894528466169,0.0037189532814921175,0.014577510209740326,-0.005915422119410985
2018-07-01,0.04976525258977114,0.04661974832210861,0.045491166257639985,0.04245094550556867,0.054957458441671145,0.03642849886006894,0.0452344322400271,0.02447082203469764,0.04505108675347531,0.040440073683920746,0.04712457990697683
2018-08-01,0.031156417781736934,0.03121274378924651,0.021088778977756694,0.03920391516934038,0.08871679765228359,0.03601763180785367,0.025917729705551697,0.06288753279785828,0.02683011023284126,0.03257281145248096,0.021626043322910515
2018-09-01,0.014222575691680507,0.01742787980107238,0.016104961349958417,0.018272439189570097,0.1347637794128767,0.035790758489524566,0.01795046330860397,0.02122650180756424,0.014139302764509542,0.01969875127333955,0.019006101332495362
2018-10-01,-0.03580382070105597,-0.040430425427511775,-0.06988350775352879,-0.02340918349752421,-0.05781939877099985,-0.012423396627709499,-0.03840211753968117,-0.020847444584439857,-0.04318848386832242,-0.03186100241182838,-0.05074209199302615
2018-11-01,0.042017762072069406,0.031484022221647284,0.016481992447062995,0.04558306739070952,-0.03561084406470075,0.0442572141911105,0.03593356565886345,0.016068473096852123,0.02488864596716228,0.0349928521282889,0.016830070043669876
2018-12-01,-0.07580650487255321,-0.07697768051337572,-0.08652537475153689,-0.0709812108738863,-0.08879672984525637,-0.06193851205053982,-0.07426188535848513,-0.0664738081323559,-0.08448892740919768,-0.07316504889920793,-0.08657530642019917
2019-01-01,0.045434166288163914,0.04887826978507281,0.07062168203801943,0.03970050018437488,0.04716632782670438,0.06181342820370503,0.05002397691222839,0.03063987167971832,0.06481252612168163,0.04499959306645145,0.07168418679101785
2019-02-01,0.03639188382813169,0.034342104880763086,0.02086145490372629,0.034918264998245276,0.03376018827798383,0.030784977311584485,0.02749041891671781,0.02166245560272888,0.029519825285863,0.02612426364931729,0.03665368382862666
2019-03-01,0.012258351971013782,0.017413899865741093,0.0007513951103390819,0.016112310262135075,-0.00455106433962249,0.003764357295391641,0.011266565468734939,0.014384619441389798,0.004459861798624695,0.012105443499116934,0.0004892730359622455
2019-04-01,0.025165403211363464,0.03126252105826432,0.04150071442823972,0.01504290431104443,0.10088163916377473,-0.012621387180364464,0.025459997196445337,-0.0006316223001974542,0.03740162379144505,0.019026241152376083,0.02561757868121317
2019-05-01,-0.05493770581869503,-0.057508109425650655,-0.08036563312162207,-0.03940852097176715,-0.04644661483871137,-0.04127631526038121,-0.056088742761552214,-0.029386997343891642,-0.059769152544415685,-0.04815109626980354,-0.0668550376773358
2019-06-01,0.0737173628914672,0.07696120859424863,0.09219541945918225,0.06194229150421205,0.06170234494828696,0.06122591965757105,0.0742627481848134,0.07602435799241755,0.07573937013648263,0.07262570463134353,0.07192895921183284
2019-07-01,0.005876495182918533,0.010537578194184079,0.013441616843985897,0.006419205417850171,-0.01882436487333439,0.007743764087499241,0.007593367460384082,0.007389949477856559,0.011618840831650564,0.007827297844026445,0.009936481107490458
2019-08-01,-0.028331208884927097,-0.017414959747553294,-0.03538258992864183,-0.007223901472509371,0.06512040026175807,0.011534059589052664,-0.016041317941507267,0.021832237996396907,-0.02177981228154927,-0.004784905066642235,-0.017159967495859796
2019-09-01,0.025149918179728715,0.021966716685627937,0.01910501851852526,0.02203653873577394,-0.0264016079178431,0.013624787467050325,0.020086668893989478,0.006800092570550155,0.0204800459178786,0.014995280945610681,0.01945023497080678
2019-10-01,0.015663208141816317,0.008757335429039996,0.005652987290072525,0.007755484884477245,-0.015617314896272938,-0.026094851497223077,0.003389616729055928,0.002699342642649675,0.006018662500619239,-0.0011511465414785849,0.004807401168711145
2019-11-01,0.024276571535100166,0.02960440722303212,0.04320267829888713,0.032329417494315255,0.16726249535372567,0.031971809553925944,0.030569800303715675,0.04735488950226792,0.03936133711872361,0.033875590466656516,0.03716525371558266
2019-12-01,0.02660896552669071,0.025536891955138374,0.019301150711318556,0.03401346947491028,0.05206200299035164,0.020681564682771294,0.024126249651999495,0.039287567257363265,0.02257409512286252,0.027102955443813043,0.01736205060636875
2020-01-01,-0.007489113658307481,-0.0024758966224702173,-0.03576695667484451,0.0013069460232353204,0.06544825927289015,0.024662813890126454,-0.014996459715323873,-0.02255091684114876,-0.014784875016270854,-0.011455360617430289,-0.009895775662580042
2020-02-01,-0.09474137779800382,-0.09405562043722487,-0.10717882858868794,-0.07948072354320063,-0.015743103660444336,-0.06493057954945314,-0.09269677985654505,-0.06540020279719375,-0.09798010177093326,-0.0852839399575966,-0.10074557536922202
2020-03-01,-0.07872043550922718,-0.0910610364275141,-0.16494452210840543,-0.03126391443349555,0.04739796013657889,-0.014619748080817117,-0.09651152521988754,0.019291810624875543,-0.12189850462464982,-0.0666430146661258,-0.1374375427008
2020-04-01,0.11287622834481865,0.11646219258606869,0.11573587124041103,0.089634146892684,-0.028278881023974693,0.0851518419422664,0.10683942450559887,0.09035917938816018,0.10255005092205831,0.09834435786085735,0.11080632709712401
2020-05-01,0.023977248892481873,0.02644308101002484,0.044461405970232966,0.013895133179915465,0.03458312010701166,0.00419188477161081,0.026667073270958443,0.01706966625735739,0.030147798178780123,0.02073830475047557,0.04261077511776201
2020-06-01,-0.0124980900517407,0.0023540142576365768,0.03572126839754199,-0.019059983545548696,0.04612136100976616,-0.01803235517721783,0.00015759005305402123,0.004225136079194803,0.009936953883070542,0.0012732613518472741,0.016931337412948944
2020-07-01,0.02732131661023591,0.026951803499716046,0.016041293296532935,0.022304000034485336,0.10436997060504676,0.038164907350643304,0.024553836960724943,0.035454586607182224,0.01418090294992178,0.023848167420788564,0.023842360867907697
2020-08-01,0.04305233514557503,0.045963421609122014,0.04312129498792086,0.05754875643863522,0.09247889534050056,0.05653040147810911,0.05318885161054898,0.03904534822419195,0.05184936738515419,0.050180153325258915,0.07574185570630299
2020-09-01,-0.026023053982039242,-0.02996925296072063,-0.03559560412458196,-0.004758680791427436,-0.027876020231713358,-0.011139587036524153,-0.017236951320178988,-0.019457342411848433,-0.025267591131395453,-0.01746377207778592,-0.022805095312881885
2020-10-01,-0.050718475419473406,-0.050086144232432926,-0.04585695174359017,-0.041951170405139605,-0.02717825145832837,-0.048037640771469235,-0.043417976395997974,-0.04350531205641443,-0.04340256852767631,-0.04356684982137644,-0.04607709391433934
2020-11-01,0.1130876292454407,0.11819023229244208,0.17285562442888286,0.09359518343425037,0.10446535386965328,0.07332806082319737,0.12112075813061982,0.09952974446636408,0.1545705269766167,0.11395325579594269,0.11837172095269732
2020-12-01,0.025917650543495402,0.03324833346752762,0.06410245837455167,0.02047572086518416,0.09411121222437063,-0.016728014867755065,0.0356532218848907,0.01083361566181351,0.04141039111516587,0.03030629315879049,0.03265466971493969
2021-01-01,-0.008012303232419521,-0.011513936063711563,-0.008850008632505355,-0.019570797374460186,-0.05237278937014743,-0.037899441993113285,-0.01881131573967258,-0.015394493154914082,-0.018326967609663607,-0.018652807958423327,-0.02038326524317724
2021-02-01,0.017704532470767528,0.017781651351693458,0.06552053418764898,0.0004415439246134872,0.008606903625227867,-0.020139423468225684,0.021519688681448646,-0.019361717484891346,0.05034248362622294,0.014133647414953003,0.03167668469266527
2021-03-01,0.07396193553174733,0.06858740594194221,0.08683362347099333,0.06392027022660972,0.0009397986662103477,0.07252590940178677,0.07446668211898874,0.0674976590852666,0.07582299686798101,0.0750350377225744,0.06624710618681995
2021-04-01,0.018737229674562598,0.020560145148617932,0.019755952245193147,0.0165954272688596,0.058257567166246624,0.034347438468849675,0.016457655927855766,0.022050503578413573,0.020987711613790285,0.017352454179793066,0.02708483985743526
2021-05-01,0.011633156970882038,0.008470783789171198,0.013968718487612004,0.02139216171144832,-0.013410581809011654,0.0061772789956371634,0.015261769943395846,0.014341544880323083,0.01881275594957525,0.016899297414668626,0.019324070807693605
2021-06-01,0.004366314122061023,0.008462989778671486,-0.005300735175592064,0.0014599807721672688,0.04530178509700894,0.025587328240026897,-0.0018721948111410957,0.014655060285199533,-0.004172777106946876,-0.0013361946773533455,-0.0007802035653621253
2021-07-01,0.015059708036042436,0.016016561359595845,-0.004990225382222202,0.01703406599873319,0.03207180125626028,0.019488817349633234,0.012768506326385353,0.0036610798843186186,0.0025728213715522745,0.008410975226323609,0.01254865225747337
2021-08-01,0.022338121454490753,0.012615168300667504,0.010418885744461488,0.006294431880067013,-0.014446437775401385,0.004339971342009891,0.006186539289882131,-0.00685102336514263,0.010493086030407935,0.0019174578988561406,0.012172728748174988
2021-09-01,-0.04130078061865532,-0.040237392837336905,-0.046078514501780084,-0.04369185458512688,-0.0666104578298739,-0.03696537681370426,-0.04382979654226434,-0.051696689605380715,-0.036419136473785196,-0.044863232891684535,-0.04289532484199299
2021-10-01,0.04783612987852701,0.048018783256774736,0.05374026447957269,0.04634613759242167,0.08633339425748432,0.02998813649179997,0.045996655177517776,0.07636238368510756,0.051009000726943525,0.047329978816702756,0.05837503457046345
2021-11-01,-0.008222261019203373,-0.016118778278359256,-0.019670690398041642,-0.030959484467641595,-0.08599156635458727,-0.021431794211993406,-0.022670039891671417,-0.02747714543685765,-0.03398085224609246,-0.028785091643900362,-0.03729359042936309
2021-12-01,0.06890069021090729,0.06799152055455521,0.06696974345389442,0.051233562340283326,-0.019924502118345244,0.06009941522254832,0.06559744913696065,0.037358275241557715,0.052136710880116344,0.05920651935760915,0.05378132057678231
2022-01-01,-0.03168403384767318,-0.024175247269097148,-0.018655720973735832,-0.029832318956994706,-0.07242471596095412,-0.044946535089783995,-0.024700627521876253,-0.012811180014199714,-0.0195059903225769,-0.020713591586969397,-0.033200232261828444
2022-02-01,-0.03546818030010683,-0.029539993195600092,-0.01611013030953028,-0.03617498113091709,-0.08578355312913818,-0.05301173363729382,-0.029544620630533938,-0.01392116925881327,-0.020196126400503243,-0.02344988317329672,-0.035274534283126546
2022-03-01,0.032037689972612665,0.030296657808434654,0.007606594018388879,0.02113742786267476,0.047281276301261985,0.0404695415786064,0.019547195784403067,0.032086775465601965,0.006348854941300713,0.016097187776692376,0.023183526787558417
2022-04-01,-0.044861271394849536,-0.04325027083071319,-0.07409578544965445,-0.029770055982862614,-0.05886549466616379,-0.011244649736179248,-0.040989671407663304,-0.022414062615112935,-0.06107137721371111,-0.03778503695731624,-0.0490548137382546
2022-05-01,0.005525200300765896,0.0030716668218256165,0.011285945451042667,0.014186951042477403,0.00325249022461175,-0.010673391940416093,0.00795636923271021,0.00385369295628576,0.013847744013296729,0.010840148081911727,0.00039148248138642927
2022-06-01,-0.06671190067523719,-0.06802707559606756,-0.10931821462436472,-0.0475792660377633,-0.017124629968041715,-0.0014128851441625508,-0.06959887887290868,-0.05703309834630989,-0.08174888771764295,-0.06280849189711148,-0.06713191707092914
2022-07-01,0.03342126538790529,0.04858218980099644,0.09755111070091896,0.005672670695099708,0.10504522233693292,0.008331855669146779,0.046526805888633324,0.03322491376655839,0.060066109153331854,0.035546386272502214,0.06725170046364903
2022-08-01,-0.04989038288256385,-0.04235061135079969,-0.038751602322584365,-0.03011672546532393,0.09252336131612746,-0.020561979745100767,-0.04032772797607304,0.002528202717963505,-0.02833420687790428,-0.02657630719562476,-0.04063616128174852
2022-09-01,-0.08278198871461502,-0.08684789230265966,-0.1133392508849775,-0.07623489838681614,-0.04472797318405603,-0.062193463187685136,-0.09026833620224636,-0.06218269443056001,-0.09890961317581992,-0.0834887048955752,-0.08838089483386935
2022-10-01,0.10812264282125957,0.11517216120357389,0.15480275937804128,0.1172952051800275,0.22898435230912906,0.09731515857290969,0.12718865911693264,0.1385300449280166,0.13991966413237752,0.12887149138801238,0.1395080539910345
2022-11-01,0.07201380035713352,0.06363395089507,0.07398617771750339,0.06538615535040143,-0.09174239800820125,0.03735645810300892,0.06841786513891156,0.05153751875623296,0.06797488462224797,0.06340561460810783,0.056726326224797896
2022-12-01,-0.04102533155862793,-0.04076019479247689,-0.05369648664060485,-0.012156007386761723,0.031559494544523226,-0.0029705464855555703,-0.02961789349755701,-0.014520922871946439,-0.03736591348723412,-0.0235516155531904,-0.041703659781490265
2023-01-01,0.0035303519322459048,0.014423502064734209,0.061013474136710176,-0.011349963653904135,0.061859034072191794,-0.0354801192872441,0.0145699180789774,-0.0029631812097811903,0.036109372524586174,0.008902099487761732,0.02832180648470084
2023-02-01,-0.0410898114185479,-0.03915849134448419,-0.03888013731172406,-0.03581823344098236,-0.002651664706058356,-0.03945050472557918,-0.041273834464461485,-0.024090872856716558,-0.037602990374930124,-0.03595430817979942,-0.041933295859536646
2023-03-01,0.042064804608748056,0.04303930286407404,-0.0017739833556270634,0.03968461221992109,-0.04200635307549085,0.03626532451529401,0.02524932692305819,0.024391014249018718,0.009514413698141003,0.024785658224470777,0.01890729926783785
2023-04-01,0.008484512506030835,0.015710494203560375,0.0006388285451371996,0.020258534415313546,0.07101779772651533,0.02050816679372608,0.014930952661715279,0.010784879949524328,0.013110192665582273,0.012237284545566484,0.02476426895953776
2023-05-01,-0.025575451144004634,-0.03133556342609806,-0.04857541458551064,-0.03355875971095198,-0.0769939858754159,-0.05254921576979361,-0.04579140652761167,-0.04406306367540642,-0.04004238215699091,-0.04414392130792929,-0.03489601784964369
2023-06-01,0.04267723971865148,0.049214117710499446,0.05660968238557036,0.05919825179791983,0.14962556554743328,0.0479329087120689,0.052766165779979106,0.07516756683852602,0.055964960690816246,0.05987192146561843,0.04556088788623658
2023-07-01,0.025562755717698636,0.02559729142327775,0.058581117276473776,0.007940579114890494,0.0006329363537420634,0.03734793590840401,0.028351736825475343,0.01883139844640183,0.033626815338055296,0.026538315386469887,0.03347894069914781
2023-08-01,-0.01249818196149257,-0.01572402340931825,-0.024203905410920747,-0.0160159516768357,-0.04121797904333675,-0.014749700860274014,-0.01888687078147793,0.0024503991269470963,-0.02717015740741654,-0.012549541061552169,-0.023555429444652276
2023-09-01,-0.040416355451227695,-0.04055034284363536,-0.05406604536200492,-0.024071865293473205,-0.03652300556324843,-0.0474630843194481,-0.04183219798686063,-0.01028823646881082,-0.03772283283854692,-0.03441096987569816,-0.03497532249809998
2023-10-01,-0.007404289958374137,-0.00845562684739231,-0.04029282738339967,0.012825316026978137,-0.05973381365060652,0.006702316044527035,-0.010250568081422953,-0.005678722864838326,-0.014277053213185573,-0.00848037446013197,-0.013568007162575446
2023-11-01,0.06456254919373988,0.06839500296566745,0.08920760771935221,0.054075866033559676,0.07254262601225864,0.04618138682090842,0.06597177306865876,0.009497064464872532,0.08191962929567999,0.05412658933322206,0.08767831658793912
2023-12-01,0.03268744246530715,0.032191325269450455,0.07283053934859555,0.009434355932122331,-0.03172411377271859,-0.015386834223234431,0.03577276377364478,-0.0026428701093667824,0.0466488614039958,0.025819905928415154,0.04836180689824365
2024-01-01,0.009861958078024697,0.012077501237863145,-0.02364902292606448,0.021617691854194262,0.10104429697168713,0.047465080995885374,0.001804386615075751,0.030221635635296475,0.001161888920724411,0.01193730093445666,0.012225142572713787
2024-02-01,0.015139117835217179,0.018889223206576204,0.025115512799615904,0.010647583486500316,0.07329913562110962,0.007341816758030124,0.016461122325038855,0.009397624572248511,0.01930512392106704,0.013467814199599417,0.022177807251843262
2024-03-01,0.03558599463133862,0.027278010207984805,0.050730735131451786,0.012772046813770938,-0.09125891336045681,0.001859678344019728,0.029082021802196958,0.005665731498562377,0.032443654612806495,0.024647911551968167,0.020796283963720796
2024-04-01,-0.06893246450641703,-0.06062823709097836,-0.04649822218302649,-0.05720543975325587,-0.013187272898685692,-0.05235498865124912,-0.053842689775699115,-0.01248789050470358,-0.04909731575825293,-0.04450993078937057,-0.05002716833591381
2024-05-01,0.04983096241971823,0.044205961118463075,0.0609005184765253,0.03456054817429591,-0.040661435632183114,0.014926087896417022,0.04160862843414205,0.0669664073149881,0.045484242061683805,0.04426475446509559,0.02301676119475604
2024-06-01,0.009284602087175475,0.011365737603558072,0.0010689211500153112,0.006825922258714692,0.00020473920150940953,0.005001820729740933,0.0015912671040164937,0.014671001829416152,0.0055312194328781435,0.007984022205517985,0.011180696432227188
2024-07-01,0.0306571875126165,0.032800727149283795,0.05751205213531622,0.020556831506104708,0.055571086038813666,0.08518789784982302,0.03866925538844422,0.029495081186568073,0.03790431355965369,0.0371389969965409,0.04406902450633776
2024-08-01,0.005548666014378754,0.011965020631239007,0.006165390640255645,0.013704519402072589,0.096926332543637,0.04983175530371553,0.018473372781460533,0.020434081207793553,0.006726932183795306,0.016567175520639927,0.01763567082464257
2024-09-01,0.021092458392367626,0.021282496583245686,0.014441734885692056,0.012868420747116655,-0.020489094950618122,0.021906577281360955,0.017322940848506933,0.0029104628707659797,0.010708562370241814,0.01264538307452011,0.01845556200358578
2024-10-01,-0.027245347433566283,-0.0288521609070324,-0.014371982754347328,-0.03901814725420354,0.0017362307411300088,-0.03576663385078419,-0.031175803941907138,-0.026297438037305384,-0.017401499906810586,-0.029908547838102515,-0.013387384641916023
2024-11-01,0.05393129961874475,0.057447597509953374,0.06663300601712933,0.05175031911958425,0.037375849012175735,0.049191025598377985,0.05466930164496268,0.038844065326627264,0.07578703602801805,0.049874804627361866,0.075357501509693
2024-12-01,-0.046553987966216695,-0.042022545004024206,-0.042080683893518545,-0.049347562501587845,0.06318126209132732,-0.01819431658073253,-0.04668422052231751,-0.03839684459648217,-0.04521457803176066,-0.04375870798668339,-0.05269195613957933
