Equity/Bonds,Avg. balance after 30y (EUR),Median balance (EUR),Worst balance (EUR),Best balance (EUR),Share of starts below 100k,Avg. annualised return,Avg. annualised volatility,Avg. Sharpe ratio (rf=1%)
0/100,387122.4634409902,314670.78196642775,132441.92720931713,714482.4838430771,0.0,0.04073745022566379,0.006675927500607654,4.055869103782259
10/90,594447.8123308707,535291.9729133415,206413.7434402442,1197080.1003703347,0.0,0.05878277088727258,0.039944126755255084,1.3829774025006516
20/80,801773.1612207511,765833.1294791646,279936.07049729535,1700075.8854531313,0.0,0.069938512414375,0.06261790179617652,1.013234265729883
30/70,1009098.5101106316,966420.4265526088,353458.39755434653,2203071.670535928,0.0,0.07828446885180747,0.07968287466949978,0.8823548400963277
40/60,1216423.859000512,1136392.6154071772,426980.72461139766,2706067.4556187247,0.0,0.08501345798651257,0.09379278575157124,0.8129272807292423
50/50,1423749.2078903934,1294821.2739234986,500503.0516684488,3209063.2407015213,0.0,0.09067418539066932,0.10611737992826131,0.7680241430279839
60/40,1631074.5567802726,1464111.5332992815,574025.3787255,3712059.025784319,0.0,0.09557082465426689,0.1172945872814262,0.7353271998056466
70/30,1838399.9056701548,1645637.8552716558,647547.7057825511,4215054.810867115,0.0,0.09989143388563806,0.1277330353175566,0.7095628259907515
80/20,2045725.2545600326,1825154.6292011659,721070.0328396022,4718050.5959499115,0.0,0.10376109769755294,0.13774190207490516,0.6880734573705616
90/10,2253050.6034499127,2000477.0571570997,794592.3598966533,5221046.381032708,0.0,0.10726753144545674,0.147614496520069,0.6693359905688235
100/0,2460375.952339793,2177031.085699433,868114.6869537045,5769623.072971062,0.0,0.11047477017060256,0.1577418099690942,0.6523469281396927
