,Market return
1933-04,38.91
1932-08,37.15
1932-07,33.629999999999995
1938-06,23.89
1933-05,21.47
1939-09,16.9
1974-10,16.619999999999997
1938-04,14.49
1975-01,14.249999999999998
1931-06,14.01
2020-04,13.600000000000001
1933-06,13.120000000000001
1987-01,12.870000000000001
1934-01,12.65
1976-01,12.620000000000001
2020-11,12.46
1928-11,12.2
1933-08,12.069999999999999
1982-08,11.99
1982-10,11.89
2011-10,11.33
1991-12,11.23
1984-08,11.1
1962-11,11.090000000000002
1931-02,10.92
1980-11,10.56
2026-04,10.229999999999999
1939-07,10.22
1929-06,10.219999999999999
2009-04,10.18
1933-11,9.990000000000002
2022-07,9.65
2010-09,9.56
1954-11,9.47
1968-04,9.45
2023-11,9.32
1990-05,9.11
1971-12,9.08
1928-03,9.079999999999998
1935-04,9.07
2009-03,9.030000000000001
1937-07,8.94
1985-01,8.62
1967-01,8.58
2019-01,8.58
1929-08,8.540000000000001
1978-04,8.41
1934-11,8.34
2001-04,8.32
2003-04,8.28
1948-03,8.2
1999-12,8.1
1931-10,8.09
2022-10,8.08
2002-10,7.9799999999999995
1989-07,7.880000000000001
1945-04,7.829999999999999
1938-10,7.8100000000000005
2015-10,7.75
