,Correlation with DJIA,Beta to DJIA,Tracking error p.a.,Mean return p.a.,DJIA mean return p.a.
(i) Market cap Jan 2004,0.9459922927162691,0.9117609408496983,0.046943337129390826,0.08355187052333482,0.08093482263691161
"(ii) Market cap (shares 2004, prices Jun 2014)",0.9635582586887834,0.9086867841775886,0.038789477173038156,0.1010777920749685,0.08093482263691161
"(iii) Equal-weight, names 3M-HD",0.9475137479681309,1.2134465721127676,0.06676066502682929,0.1162559739343784,0.08093482263691161
"(iv) Equal-weight, names HON-WMT",0.8975946227161717,0.7444959000462573,0.06449317252034743,0.10099416382863705,0.08093482263691161
(v) Tangency,0.37304769965487866,0.4944169650814496,0.19223181584459906,0.31071744095627807,0.08093482263691161
(vi) Minimum variance,0.6965895721927938,0.5078817190209401,0.10384109089817548,0.0987644999791337,0.08093482263691161
(vii) Inverse volatility,0.9753053346807022,0.9201189810043192,0.032264080618013544,0.09839537629847839,0.08093482263691161
(viii) Most diversified,0.7841123512131026,0.6373571802092591,0.08982764341722789,0.1397773212300081,0.08093482263691161
(ix) Equal group budget,0.9687474852277881,1.032200456798879,0.03849557376626605,0.11116472902208696,0.08093482263691161
(x) Equal risk contribution,0.9552413658646003,0.839046480545409,0.044192728542153135,0.10658956961773317,0.08093482263691161
