Months timed perfectly,Final balance timing (EUR),Final balance passive (EUR),Timing beats passive
0,2482101.9371663914,1679531523.3199904,False
1,3444443.357560274,1679531523.3199904,False
2,4722637.273711802,1679531523.3199904,False
3,6309598.269207241,1679531523.3199904,False
4,7816961.295720852,1679531523.3199904,False
5,9491466.299392363,1679531523.3199904,False
6,11094414.662523422,1679531523.3199904,False
7,12872655.834677955,1679531523.3199904,False
8,14736430.02212058,1679531523.3199904,False
9,16739283.456226647,1679531523.3199904,False
10,19069201.707078338,1679531523.3199904,False
15,34754810.2733339,1679531523.3199904,False
20,60506480.811481394,1679531523.3199904,False
25,101101259.0238758,1679531523.3199904,False
30,162022415.44520405,1679531523.3199904,False
40,387706577.9255641,1679531523.3199904,False
50,857639828.169358,1679531523.3199904,False
58,1559666363.5034769,1679531523.3199904,False
59,1680540506.6749964,1679531523.3199904,True
