,Winner (top 3),Loser (bottom 3)
Finland,25.245098039215684,21.568627450980394
New Zealand,22.30392156862745,20.833333333333336
Norway,22.058823529411764,18.137254901960784
Austria,21.568627450980394,25.735294117647058
Sweden,21.568627450980394,12.254901960784313
HongKong,18.38235294117647,19.362745098039216
Ireland,17.892156862745097,22.794117647058822
Singapore,17.401960784313726,15.686274509803921
Denmark,16.666666666666664,7.8431372549019605
Switzerland,14.705882352941178,7.107843137254902
Spain,14.460784313725492,14.950980392156863
Canada,13.970588235294118,13.725490196078432
Japan,13.970588235294118,32.35294117647059
Australia,12.5,7.352941176470589
Belgium,12.254901960784313,12.990196078431374
Italy,11.519607843137255,17.15686274509804
Netherlands,10.53921568627451,8.088235294117647
France,7.352941176470589,4.901960784313726
Germany,3.9215686274509802,11.519607843137255
UK,1.715686274509804,5.637254901960785
