Ticker,Company,Major Group,Shares Jan 2004,Shares Dec 2024
MMM,3M CO,Manufacturing,784117,544559
AXP,AMERICAN EXPRESS CO,Finance,1284000,704445
AMGN,AMGEN INC,Manufacturing,1283700,537533
AAPL,APPLE COMPUTER INC,Technology,369730,15115823
BA,BOEING CO,Energy and Transportation,800216,748176
CAT,CATERPILLAR INC,Manufacturing,345240,482802
CVX,CHEVRON CORP NEW,Energy and Transportation,1068959,1797091
CSCO,CISCO SYSTEMS INC,Technology,6882000,3982758
KO,COCA COLA CO,Manufacturing,2451512,4307797
DIS,DISNEY WALT CO,Trade and Services,2046268,1810939
DD,DU PONT E I DE NEMOURS & CO,Manufacturing,996777,867806
GS,GOLDMAN SACHS GROUP INC,Finance,473467,313910
HON,HONEYWELL INTERNATIONAL INC,Energy and Transportation,862051,650247
HD,HOME DEPOT INC,Trade and Services,2275216,993363
IBM,INTERNATIONAL BUSINESS MACHS COR,Technology,1720423,924645
INTC,INTEL CORP,Technology,6484000,4313000
JNJ,JOHNSON & JOHNSON,Manufacturing,2968143,2407623
JPM,J P MORGAN CHASE & CO,Finance,2040271,2815340
MCD,MCDONALDS CORP,Trade and Services,1269164,716620
MRK,MERCK & CO INC,Manufacturing,2224997,2529636
MSFT,MICROSOFT CORP,Technology,10794393,7434881
NKE,NIKE INC,Manufacturing,172318,1190598
PG,PROCTER & GAMBLE CO,Manufacturing,1296727,2355042
CRM,SALESFORCE COM INC,Technology,101257,957000
BAC,BANK OF AMERICA CORP,Finance,1485805,7672880
UNH,UNITED HEALTHCARE CORP,Trade and Services,586643,920284
VZ,VERIZON COMMUNICATIONS INC,Energy and Transportation,2770000,4209626
HPQ,HEWLETT PACKARD CO,Technology,3050705,937798
PFE,PFIZER INC,Manufacturing,7631523,5666990
WMT,WAL MART STORES INC,Trade and Services,4327781,8033386
