Ticker,Company,Major Group,P1 Cap Jan 2004,P2 Cap Jun 2014,P3 Alpha higher,P4 Alpha lower,P5 Tangency,P6 Min variance,P7 Inverse vol,P8 Most diversified,P9 Group budget,P10 ERC
MMM,3M CO,Manufacturing,0.020991124673884996,0.023470302494790846,0.0,0.06666666666666667,3.7848941823232543e-16,1.415575198266748e-17,0.03876320040255409,5.962712960598705e-18,0.02,0.030806474573483317
AXP,AMERICAN EXPRESS CO,Finance,0.02253010830692477,0.025454665772940418,0.0,0.06666666666666667,0.0,0.0,0.020521560350706937,4.250423940827528e-17,0.05,0.01649885353458247
AMGN,AMGEN INC,Manufacturing,0.02809522434492502,0.03175255401611136,0.0,0.06666666666666667,3.22384762627228e-17,1.2242198675701607e-17,0.03092693617248999,0.08095446891571936,0.02,0.03993236258931139
AAPL,APPLE COMPUTER INC,Technology,0.0028233001354491666,0.04307897417119665,0.0,0.06666666666666667,0.17791109423801751,1.6377419398676015e-17,0.019532160147415108,0.09925389893834177,0.028571428571428574,0.02562540555307386
BA,BOEING CO,Energy and Transportation,0.011308290936646655,0.021275032517134012,0.0,0.06666666666666667,1.1244671866063584e-17,2.266957130309607e-17,0.030151377260977986,6.170503834744522e-17,0.05,0.025337894834962515
CAT,CATERPILLAR INC,Manufacturing,0.009130029801494953,0.007839786751474193,0.0,0.06666666666666667,0.0,7.58955070520006e-17,0.02139802095676568,0.01580057158127956,0.02,0.018926815076585893
CVX,CHEVRON CORP NEW,Energy and Transportation,0.031243282299282252,0.05832320676622655,0.0,0.06666666666666667,0.023820720832039018,0.0625909704298245,0.03890337709495643,0.08545616016301509,0.05,0.03899646111007191
CSCO,CISCO SYSTEMS INC,Technology,0.059889406297141644,0.03573670737786938,0.0,0.06666666666666667,0.0,0.0,0.027744762797528744,1.3015908918453245e-17,0.028571428571428574,0.023051265987874464
KO,COCA COLA CO,Manufacturing,0.04085877394620544,0.043400371320160704,0.0,0.06666666666666667,6.783395132051201e-19,0.02921870011098313,0.04901103840599357,3.249445738518051e-17,0.02,0.04605675980698061
DIS,DISNEY WALT CO,Trade and Services,0.016622908613488783,0.03666227971737152,0.0,0.06666666666666667,0.059989469642370286,0.0,0.034240774382333444,1.1634401289678402e-16,0.04,0.026156848241204424
DD,DU PONT E I DE NEMOURS & CO,Manufacturing,0.014811389111366554,0.013630593735947674,0.0,0.06666666666666667,0.0,0.0,0.029750688417227673,1.3078663057011904e-16,0.02,0.020212995251814508
GS,GOLDMAN SACHS GROUP INC,Finance,0.01595380362053511,0.01656618109865287,0.0,0.06666666666666667,0.0,1.0274917590623201e-17,0.024525364524354023,2.0252416574294082e-17,0.05,0.021254472948580107
HON,HONEYWELL INTERNATIONAL INC,Energy and Transportation,0.010539353332366904,0.016743869433636285,0.06666666666666667,0.0,0.0,1.8766524888499097e-18,0.033011986964928595,1.5908913803499355e-16,0.05,0.02299890586719801
HD,HOME DEPOT INC,Trade and Services,0.02731599877050191,0.03849165701768077,0.0,0.06666666666666667,0.04160078422039233,0.022786089633077787,0.03451163051804063,0.04165608867594972,0.04,0.03417536159382425
IBM,INTERNATIONAL BUSINESS MACHS COR,Technology,0.05778451788286352,0.06516803850596108,0.06666666666666667,0.0,2.114199377437896e-17,0.08804264900585007,0.04132142413560446,1.0931935667802212e-17,0.028571428571428574,0.037846392528834955
INTC,INTEL CORP,Technology,0.06698241449005714,0.041867300570159964,0.06666666666666667,0.0,0.0,8.2907565423739e-18,0.0298416106378289,1.001144192098506e-17,0.028571428571428574,0.024455391844635386
JNJ,JOHNSON & JOHNSON,Manufacturing,0.05366881018056903,0.06488928832465153,0.06666666666666667,0.0,0.0,0.07631362396129937,0.05493130414163842,3.134947943107576e-17,0.02,0.04419263688380061
JPM,J P MORGAN CHASE & CO,Finance,0.026857096687492605,0.02456600779212105,0.06666666666666667,0.0,0.0,0.0,0.02628273866248568,9.389570451630613e-17,0.05,0.021658424876384138
MCD,MCDONALDS CORP,Trade and Services,0.011057566254090762,0.026717336846944443,0.06666666666666667,0.0,0.3591365877706402,0.12985194083405338,0.04993959134349899,0.010522993135440617,0.04,0.05056730612905393
MRK,MERCK & CO INC,Manufacturing,0.035848389146795674,0.026897150171713888,0.06666666666666667,0.0,1.7256066221374914e-17,0.007680538900032426,0.03117598057351102,0.08006980754140425,0.02,0.037291713051166915
MSFT,MICROSOFT CORP,Technology,0.10102448012728427,0.09406060230751256,0.06666666666666667,0.0,4.2836732543695683e-17,1.3127356321216549e-17,0.03312116576375759,4.0893749652332604e-18,0.028571428571428574,0.02907497591870019
NKE,NIKE INC,Manufacturing,0.004063005201981222,0.01116981328593294,0.06666666666666667,0.0,0.10700966767023787,0.006221187351923221,0.034398812559723775,0.06964359892082525,0.02,0.0327183700063841
PG,PROCTER & GAMBLE CO,Manufacturing,0.04436567053890713,0.04259114472499559,0.06666666666666667,0.0,0.0,0.17597602243669852,0.051391964856511596,0.0005977023187309917,0.02,0.049968498433570985
CRM,SALESFORCE COM INC,Technology,0.0005507749703696327,0.005067196899651679,0.06666666666666667,0.0,0.21826942435652036,0.060542451646325504,0.017384873904622563,0.14063541399836946,0.028571428571428574,0.05805371248281509
BAC,BANK OF AMERICA CORP,Finance,0.04096750205061472,0.009544191690458835,0.0,0.06666666666666667,3.064521064808571e-16,5.09792205609819e-17,0.01574090491177383,1.2884887568316945e-17,0.05,0.013120354407887955
UNH,UNITED HEALTHCARE CORP,Trade and Services,0.012088761224600668,0.010021555337535331,0.06666666666666667,0.0,0.008203761172433849,0.024163211683885397,0.024351090679709593,0.08709713538087191,0.04,0.032869555082605355
VZ,VERIZON COMMUNICATIONS INC,Energy and Transportation,0.034559572594192504,0.02832229614149671,0.06666666666666667,0.0,2.2893798404291326e-17,0.07004764001298129,0.04319777727607479,0.010506095622753075,0.05,0.048244451009155156
HPQ,HEWLETT PACKARD CO,Technology,0.02456563070209929,0.02147067862191409,0.0,0.06666666666666667,0.0,1.0582789938325826e-17,0.02591414746884579,0.02386940473139513,0.028571428571428574,0.023683854249322383
PFE,PFIZER INC,Manufacturing,0.0946196634498211,0.047331316978177586,0.06666666666666667,0.0,4.5256818170564527e-17,0.011470007315581754,0.0390917282075272,0.05836440242209174,0.02,0.03752592260197233
WMT,WAL MART STORES INC,Trade and Services,0.07888315030804653,0.06788989960957954,0.06666666666666667,0.0,0.004058490097347809,0.23509496667748367,0.04892200648061286,0.1955722576538112,0.04,0.06869756352416306
