Ticker,Company,ERC weight,Variance contribution fraction,Target fraction,Deviation
MMM,3M CO,0.030806474573483317,0.0333333327244142,0.03333333333333333,-6.089191303959574e-10
AXP,AMERICAN EXPRESS CO,0.01649885353458247,0.03333333452893413,0.03333333333333333,1.1956007989200046e-09
AMGN,AMGEN INC,0.03993236258931139,0.03333333387890943,0.03333333333333333,5.455760981876168e-10
AAPL,APPLE COMPUTER INC,0.02562540555307386,0.03333333267292865,0.03333333333333333,-6.604046823288634e-10
BA,BOEING CO,0.025337894834962515,0.033333333165860214,0.03333333333333333,-1.674731187062406e-10
CAT,CATERPILLAR INC,0.018926815076585893,0.03333333326327981,0.03333333333333333,-7.00535254805068e-11
CVX,CHEVRON CORP NEW,0.03899646111007191,0.033333333672793945,0.03333333333333333,3.394606123974242e-10
CSCO,CISCO SYSTEMS INC,0.023051265987874464,0.03333333339125692,0.03333333333333333,5.792358953593535e-11
KO,COCA COLA CO,0.04605675980698061,0.03333333377434901,0.03333333333333333,4.4101567536758424e-10
DIS,DISNEY WALT CO,0.026156848241204424,0.03333333312123178,0.03333333333333333,-2.1210155159989696e-10
DD,DU PONT E I DE NEMOURS & CO,0.020212995251814508,0.03333333313552779,0.03333333333333333,-1.978055427787062e-10
GS,GOLDMAN SACHS GROUP INC,0.021254472948580107,0.033333332683547594,0.03333333333333333,-6.497857391041251e-10
HON,HONEYWELL INTERNATIONAL INC,0.02299890586719801,0.033333332645871495,0.03333333333333333,-6.874618374563823e-10
HD,HOME DEPOT INC,0.03417536159382425,0.0333333338296019,0.03333333333333333,4.962685679066325e-10
IBM,INTERNATIONAL BUSINESS MACHS COR,0.037846392528834955,0.033333333414980695,0.03333333333333333,8.164736248206239e-11
INTC,INTEL CORP,0.024455391844635386,0.03333333321999639,0.03333333333333333,-1.1333694399651151e-10
JNJ,JOHNSON & JOHNSON,0.04419263688380061,0.03333333392128102,0.03333333333333333,5.879476905334968e-10
JPM,J P MORGAN CHASE & CO,0.021658424876384138,0.03333333301110714,0.03333333333333333,-3.2222619017474585e-10
MCD,MCDONALDS CORP,0.05056730612905393,0.033333333625346455,0.03333333333333333,2.9201312201632135e-10
MRK,MERCK & CO INC,0.037291713051166915,0.03333333326566763,0.03333333333333333,-6.766569943250644e-11
MSFT,MICROSOFT CORP,0.02907497591870019,0.033333332612138646,0.03333333333333333,-7.211946873031394e-10
NKE,NIKE INC,0.0327183700063841,0.0333333338301624,0.03333333333333333,4.968290640006146e-10
PG,PROCTER & GAMBLE CO,0.049968498433570985,0.03333333268988619,0.03333333333333333,-6.434471427896327e-10
CRM,SALESFORCE COM INC,0.05805371248281509,0.03333333339887196,0.03333333333333333,6.553863007852101e-11
BAC,BANK OF AMERICA CORP,0.013120354407887955,0.03333333237498804,0.03333333333333333,-9.583452920125524e-10
UNH,UNITED HEALTHCARE CORP,0.032869555082605355,0.03333333384045909,0.03333333333333333,5.071257580535615e-10
VZ,VERIZON COMMUNICATIONS INC,0.048244451009155156,0.033333332951334955,0.03333333333333333,-3.8199837737451503e-10
HPQ,HEWLETT PACKARD CO,0.023683854249322383,0.03333333360176816,0.03333333333333333,2.684348299197836e-10
PFE,PFIZER INC,0.03752592260197233,0.03333333328165757,0.03333333333333333,-5.1675760892599953e-11
WMT,WAL MART STORES INC,0.06869756352416306,0.033333334471846714,0.03333333333333333,1.1385133807939596e-09
