Month,Wealth,Equity weight,Risk-free weight
1927-01,100000.0,0.6,0.4
1927-02,102762.0,0.6097390085829392,0.39026099141706083
1927-03,103158.0072,0.6100708700002883,0.38992912999971174
1927-04,103711.69058544,0.6111829577517159,0.38881704224828406
1927-05,107477.4072275928,0.6236804697689406,0.37631953023105935
1927-06,106161.49736244831,0.6180252953372579,0.3819747046627421
1927-07,111243.30348377502,0.6343810517339361,0.3656189482660639
1927-08,112959.14054639124,0.6389265811422351,0.3610734188577649
1927-09,116638.98764124265,0.6495837658118387,0.35041623418816126
1927-10,113680.1896978324,0.6395645063163814,0.3604354936836186
1927-11,118659.3371952113,0.6539638392185132,0.3460361607814868
1927-12,120542.20507540702,0.6586195317612707,0.34138046823872925
1928-01,120391.0293193094,0.6573363353528312,0.3426636646471688
1928-02,119450.89768948944,0.6534997301730453,0.3465002698269547
1928-03,126658.87856784087,0.672270913197293,0.32772908680270696
1928-04,130556.3639989624,0.681355095292308,0.318644904707692
1928-05,132326.26407002873,0.6846110328643812,0.3153889671356188
1928-06,128297.46649296253,0.6736987794853866,0.3263012205146134
1928-07,129252.55161924049,0.675073466920768,0.324926533079232
1928-08,135503.51715231614,0.6890709802824492,0.3109290197175508
1928-09,138549.13988668876,0.6950848476898325,0.3049151523101675
1928-10,140378.7660023478,0.6978250999025306,0.3021749000974694
1928-11,152491.05679479302,0.7207696473615679,0.2792303526384321
1928-12,153022.19512979698,0.7215718961173189,0.27842810388268113
1929-01,158687.88021497172,0.730599848615885,0.269400151384115
1929-02,158864.96962345403,0.7299313939714918,0.27006860602850824
1929-03,158419.44602596463,0.7282510634146028,0.2717489365853972
1929-04,160685.68224315735,0.7311191854405887,0.26888081455941126
1929-05,153897.45067478067,0.7180239162723426,0.28197608372765737
1929-06,165416.41629135958,0.7362954808404005,0.26370451915959947
1929-07,171418.72258291306,0.7446894636345108,0.25531053636548917
1929-08,182495.41000262738,0.7592264592894646,0.24077354071053536
1929-09,175582.8776911149,0.748871548065026,0.251128451934974
1929-10,150000.71232744143,0.7046901490510202,0.29530985094897977
1929-11,136951.60703206717,0.6753555017806704,0.3246444982193296
1929-12,138642.213050557,0.6781276861453386,0.3218723138546614
1930-01,144110.67275687202,0.6899080117835319,0.3100919882164681
1930-02,147028.58246810467,0.695150242346724,0.30484975765327604
1930-03,154789.65559742603,0.7094217746206962,0.2905782253793038
1930-04,152863.58525476017,0.7051426066406857,0.29485739335931427
1930-05,151471.70616877062,0.7016594773879752,0.2983405226120248
1930-06,134790.60521856364,0.6638329406905147,0.3361670593094853
1930-07,138746.69831519612,0.6727649288022349,0.32723507119776507
1930-08,139151.60208152048,0.6734234638409924,0.3265765361590076
1930-09,127453.74671499916,0.6426654734861628,0.35733452651383724
1930-10,120376.74633328282,0.6213171157623616,0.3786828842376384
1930-11,118259.55526528184,0.6140364861698776,0.3859635138301224
1930-12,112717.5260554443,0.594492742019688,0.40550725798031195
1931-01,117074.71179067601,0.6089989385471298,0.39100106145287017
1931-02,124878.8048983744,0.6332872727974747,0.36671272720252535
1931-03,120019.30332543928,0.6179432900807048,0.3820567099192952
1931-04,112698.806451088,0.5928008029138763,0.40719919708612373
1931-05,103921.45975862096,0.5580107767607968,0.4419892232392032
1931-06,112082.5056477738,0.5898654233045215,0.4101345766954785
1931-07,107766.4238265997,0.5731834580552317,0.42681654194476826
1931-08,108045.83347963238,0.5741595041533596,0.4258404958466404
1931-09,90249.23240814955,0.490033397930982,0.509966602069018
1931-10,93873.07016816619,0.5092296608347776,0.4907703391652224
1931-11,89663.46460360262,0.4853150289211355,0.5146849710788646
1931-12,83887.82912191251,0.44921907867692545,0.5507809213230745
1932-01,83489.13211992037,0.44531601404829196,0.5546839859517081
1932-02,85707.41521428985,0.4584296158456607,0.5415703841543393
1932-03,81404.68470883803,0.42889202869324644,0.5711079713067535
1932-04,75230.6904876563,0.3813428537208532,0.6186571462791468
1932-05,69391.77936274873,0.32888405629677575,0.6711159437032242
1932-06,69229.92947461864,0.3271805441423632,0.6728194558576368
1932-07,76856.6710239181,0.39382543237694273,0.6061745676230572
1932-08,88115.2510871691,0.47111838961263325,0.5288816103873668
1932-09,86921.21183583577,0.46369228326590617,0.5363077167340938
1932-10,81638.52866198056,0.4288745678915877,0.5711254321084123
1932-11,79596.1102719641,0.4141024609441678,0.5858975390558322
1932-12,81060.94365840932,0.4246325475828006,0.5753674524171994
1933-01,81495.87157896283,0.4276459442372769,0.5723540557627231
1933-02,76142.64697560214,0.38759025158015503,0.612409748419845
1933-03,77076.17575392831,0.39476561957365436,0.6052343804263456
1933-04,88961.98005114637,0.4751038521996425,0.5248961478003575
1933-05,98055.2070932173,0.5235900230634244,0.4764099769365756
1933-06,104800.45352142479,0.554163934643386,0.445836065356614
1933-07,99222.82631857769,0.5290079073145703,0.47099209268542974
1933-08,105572.34819539207,0.5572023606653734,0.44279763933462657
1933-09,99328.58295085473,0.5292741061213088,0.47072589387869124
1933-10,94943.49268382802,0.5074837639840745,0.49251623601592553
1933-11,99766.25480135327,0.5311985602115605,0.46880143978843947
1933-12,100750.72962684237,0.5356865585071646,0.4643134414928354
1934-01,107601.42725588783,0.5650307885447188,0.4349692114552812
1934-02,106096.91474713662,0.5587744588226802,0.4412255411773198
1934-03,106171.48995159459,0.5589961939723969,0.44100380602760314
1934-04,105119.7517882251,0.5545393461570568,0.4454606538429432
1934-05,100898.18917376094,0.5358549403292392,0.4641450596707608
1934-06,102373.48908674614,0.5424979690333311,0.45750203096666886
1934-07,96307.93379123653,0.513635471779687,0.48636452822031295
1934-08,99077.83272691723,0.5271853898172799,0.4728146101827201
1934-09,98962.38278410578,0.5265864656329141,0.4734135343670859
1934-10,98107.21564946134,0.5224121273223644,0.4775878726776356
1934-11,102386.35122714427,0.5423266740501764,0.4576733259498236
1934-12,102596.48651985193,0.5432183943344325,0.45678160566556747
1935-01,100678.4086344642,0.5344694567319134,0.4655305432680866
1935-02,99643.87744258819,0.5295421129227755,0.47045788707722447
1935-03,97696.23697956401,0.5201152335434062,0.47988476645659384
1935-04,102309.69168409414,0.5417088705047648,0.4582911294952352
1935-05,104237.52618958883,0.5501398139731336,0.4498601860268664
1935-06,107648.52108893852,0.5643507065445418,0.4356492934554582
1935-07,112239.95046874773,0.5821301447634206,0.4178698552365794
1935-08,113982.63831708179,0.5884778356082996,0.4115221643917004
1935-09,115751.43449581001,0.5947257771287294,0.4052742228712706
1935-10,120602.48707620987,0.6109884223271133,0.38901157767288674
1935-11,124215.15099869645,0.6222268656901883,0.37777313430981174
1935-12,127744.26769930673,0.6326266510313955,0.3673733489686045
1936-01,133325.15623340223,0.6479694174292573,0.3520305825707427
1936-02,135489.61528197478,0.6535584976329433,0.34644150236705673
1936-03,136366.7969433533,0.6557181456854265,0.3442818543145735
1936-04,129115.43018824677,0.6363099021327133,0.3636900978672867
1936-05,133405.22372244886,0.647934363201963,0.35206563679803704
1936-06,135519.75317789568,0.6533237099475163,0.3466762900524837
1936-07,141447.66145009274,0.6678192984785016,0.33218070152149837
1936-08,142411.11961498891,0.6700006237377921,0.3299993762622079
1936-09,143350.89145495207,0.6721312317853048,0.32786876821469524
1936-10,150220.45503207386,0.6870620565633538,0.31293794343664616
1936-11,153600.14833515143,0.6939170844724952,0.3060829155275048
1936-12,153813.31986936595,0.6943412880769377,0.30565871192306227
1937-01,157406.46564584266,0.7012887464750406,0.2987112535249594
1937-02,158630.1306751541,0.7035337089973014,0.2964662910026986
1937-03,158355.8294133208,0.7029904771713558,0.29700952282864423
1937-04,150209.98985209956,0.6867898111549846,0.3132101888450154
1937-05,149443.86551432867,0.6849952488478482,0.31500475115215176
1937-06,145158.5179830645,0.6755984355575267,0.32440156444247326
1937-07,153940.0016467166,0.6940121039555708,0.3059878960444292
1937-08,148757.1818950688,0.6832879100275512,0.3167120899724488
1937-09,134972.77415810397,0.6508033301561978,0.34919666984380215
1937-10,126575.84261938446,0.6275634537468909,0.37243654625310907
1937-11,119984.27452074486,0.6070243525952957,0.39297564740470425
1937-12,116859.72266621054,0.5965171157144381,0.4034828842855619
1938-01,117194.32502480912,0.5976691025935599,0.4023308974064401
1938-02,121291.8655082073,0.6112608396233878,0.38873916037661216
1938-03,103552.63098044338,0.5447128438747101,0.4552871561252899
1938-04,111730.63993016855,0.5779949213918965,0.42200507860810355
1938-05,109237.8618718493,0.5683648811986192,0.43163511880138083
1938-06,124070.43766346996,0.6199667029904649,0.38003329700953514
1938-07,129696.23291466343,0.6364876501236799,0.3635123498763201
1938-08,127483.8915607878,0.6301792970099658,0.3698207029900342
1938-09,128176.19132516009,0.6321031921305116,0.3678968078694884
1938-10,134508.61416025026,0.6493880522895517,0.35061194771044835
1938-11,132908.04879855106,0.6453786552108677,0.3546213447891323
1938-12,136476.33113904393,0.6546505126209538,0.34534948737904625
1939-01,131128.82878752414,0.6406029228591282,0.35939707714087177
1939-02,134090.3947062355,0.6485055426216167,0.35149445737838325
1939-03,123615.8944559934,0.6187600507906702,0.3812399492093298
1939-04,123478.21501715558,0.6183349644524654,0.3816650355475346
1939-05,128690.05897157014,0.6337554708401099,0.36624452915989014
1939-06,124355.88503624615,0.6209528544236748,0.37904714557632524
1939-07,132247.6813259209,0.6435722518080336,0.35642774819196643
1939-08,126549.04589489172,0.6275591866300794,0.37244081336992063
1939-09,139975.2348543434,0.6632494109669523,0.33675058903304766
1939-10,139483.19084638773,0.6620614820953529,0.33793851790464713
1939-11,136112.54549222882,0.6536928861569888,0.34630711384301116
1939-12,138719.536511485,0.6602011225481804,0.3397988774518196
1940-01,136512.39118273067,0.6547072219682701,0.34529277803172986
1940-02,137799.40051962575,0.6579321636415539,0.34206783635844606
1940-03,139657.98500313968,0.6624844416437798,0.33751555835622016
1940-04,139861.53173601464,0.6629756431081507,0.3370243568918493
1940-05,119434.10586093689,0.6054115773801282,0.3945884226198718
1940-06,124271.43014018575,0.6207711186270296,0.3792288813729704
1940-07,126729.32571923743,0.6280890164708647,0.3719109835291353
1940-08,128475.75306249867,0.6331812513721322,0.3668187486278678
1940-09,130419.98073297131,0.6386495788256583,0.3613504211743417
1940-10,132943.74850566787,0.6455093564222802,0.35449064357771976
1940-11,131527.7773522866,0.6416930635026091,0.35830693649739087
1940-12,132110.14054274224,0.6432725393085068,0.3567274606914932
1941-01,128544.64741963902,0.6334145125305888,0.3665854874694112
1941-02,127367.45770876975,0.63006335508851,0.36993664491149003
1941-03,128054.29082349851,0.6320107552691335,0.36798924473086647
1941-04,123622.61517180501,0.6188570397169869,0.3811429602830131
1941-05,124670.72991344696,0.6220613327825928,0.3779386672174072
1941-06,129192.060509288,0.6352880407761432,0.3647119592238568
1941-07,134048.57196542132,0.6483959196259185,0.35160408037408153
1941-08,133914.21869255794,0.6480079670847715,0.3519920329152285
1941-09,133163.96828498255,0.6459894342682209,0.35401056573177914
1941-10,128639.18391511912,0.6335373848549831,0.3664626151450169
1941-11,127049.97813785358,0.6289534839863943,0.3710465160136057
1941-12,123163.14704782571,0.6172055763196542,0.3827944236803458
1942-01,123788.31382835972,0.6190626266111608,0.38093737338883915
1942-02,121915.52777966474,0.6131722386441777,0.3868277613558223
1942-03,116993.87500422925,0.5968590089448285,0.40314099105517154
1942-04,113954.05372155982,0.5860634906896947,0.41393650931030535
1942-05,117968.5848436133,0.6000300062531286,0.39996999374687137
1942-06,119889.20827137915,0.6063588074230193,0.3936411925769807
1942-07,122476.80032885692,0.614559746877961,0.385440253122039
1942-08,123868.39097430902,0.6187756150251266,0.38122438497487343
1942-09,125913.69607455257,0.6248556024088893,0.37514439759111073
1942-10,131317.3014910866,0.6401845920443002,0.3598154079556998
1942-11,131465.9841885424,0.6404837061395655,0.3595162938604345
1942-12,135833.39757211524,0.6519387463005925,0.34806125369940755
1943-01,142188.1230071055,0.6673946799787692,0.3326053200212308
1943-02,148076.34821003594,0.6805248475823973,0.3194751524176027
1943-03,154197.18006255935,0.6931143234343273,0.30688567656567267
1943-04,155109.1370370679,0.6948271191239774,0.30517288087602257
1943-05,161337.1658676185,0.7065488973626619,0.2934511026373381
1943-06,163460.23227636114,0.7102734290079029,0.2897265709920971
1943-07,157959.62057308387,0.7000943655669212,0.2999056344330788
1943-08,159444.63478380977,0.7027984530109901,0.2972015469890099
1943-09,162181.84679825202,0.7077267942728107,0.2922732057271893
1943-10,160910.52630926814,0.705329229948381,0.294670770051619
1943-11,154228.55203875125,0.6924703450911264,0.30752965490887363
1943-12,161077.89770857038,0.7054587686050748,0.29454123139492516
1944-01,163103.44946526844,0.7090293570008374,0.29097064299916264
1944-02,163580.26749553424,0.7097904668589903,0.2902095331410097
1944-03,166469.23332412387,0.714769830896483,0.28523016910351695
1944-04,164508.290654903,0.711283291579028,0.28871670842097197
1944-05,170501.85266432763,0.7213488279975737,0.2786511720024263
1944-06,177329.8244887815,0.7319977371385233,0.26800226286147666
1944-07,175448.92848535904,0.7290433627352717,0.2709566372647283
1944-08,177496.95724216042,0.732089416469728,0.267910583530272
1944-09,177558.44536237934,0.7321286297860866,0.2678713702139134
1944-10,177819.70589008424,0.7324419548365615,0.2675580451634385
1944-11,180100.20048399045,0.7357506216013964,0.26424937839860363
1944-12,185489.57743613515,0.7433770405943535,0.2566229594056465
1945-01,188316.78704139098,0.7471539031972309,0.25284609680276915
1945-02,197120.16147902524,0.7583976837202687,0.24160231627973128
1945-03,191314.31248260295,0.7510159489995369,0.24898405100046306
1945-04,202578.75457216037,0.7647902273825314,0.23520977261746856
1945-05,205335.3145793668,0.7678782266531895,0.2321217733468105
1945-06,205991.30445947376,0.7685711538385013,0.23142884616149872
1945-07,202617.5801030958,0.7646471170711484,0.2353528829288516
1945-08,212315.07037343885,0.7753294784260335,0.2246705215739665
1945-09,220230.85902790053,0.7833398639468204,0.21666013605317958
1945-10,227007.7855592586,0.7897448215845525,0.2102551784154475
1945-11,236734.2111640297,0.7983430103650261,0.20165698963497392
1945-12,239054.27315066414,0.8002402154536601,0.1997597845463399
1946-01,251063.16203900462,0.8097380924364073,0.19026190756359274
1946-02,239266.02928244215,0.80029723986048,0.19970276013952004
1946-03,250597.06492946122,0.809269828859658,0.19073017114034196
1946-04,259250.71128371885,0.8155809881066642,0.18441901189333576
1946-05,267659.22057738353,0.8213209201893967,0.17867907981060327
1946-06,259187.97117896096,0.8154256520896594,0.18457434791034055
1946-07,253580.4523712211,0.8112874941490492,0.18871250585095078
1946-08,240366.58493182727,0.8008535223140616,0.1991464776859384
1946-09,220842.35512124054,0.7831823557401069,0.21681764425989314
1946-10,218417.98619036985,0.7807099828115576,0.21929001718844243
1946-11,218449.40736577805,0.7806757473554921,0.21932425264450794
1946-12,226990.68845941356,0.788865231819377,0.21113476818062304
1947-01,229297.09894185606,0.7909262511554462,0.20907374884455376
1947-02,227389.09573748938,0.7891086820999627,0.21089131790003735
1947-03,224442.8093439006,0.7862761897686817,0.21372381023131826
1947-04,216039.38841301252,0.7778962282008237,0.22210377179917629
1947-05,214490.8604657992,0.7762256262649582,0.22377437373504183
1947-06,223379.3527560772,0.7850653757939584,0.2149346242060416
1947-07,230689.03999671733,0.7918134262994391,0.20818657370056093
1947-08,227579.91609116655,0.7889059387991352,0.21109406120086482
1947-09,226746.95264510027,0.7880033551237392,0.2119966448762608
1947-10,231296.3315950634,0.7920484314606301,0.2079515685393699
1947-11,227789.47125083534,0.7887202874246511,0.21127971257534894
1947-12,233379.53436267778,0.793616025585486,0.20638397441451395
1948-01,226264.00011313535,0.786976664949918,0.21302333505008197
1948-02,218623.16032973642,0.7793772101205613,0.22062278987943873
1948-03,232638.5427749177,0.7924821015693745,0.2075178984306255
1948-04,239553.86227601476,0.7983114011990442,0.2016885988009558
1948-05,253744.16938203,0.809438241817245,0.190561758182755
1948-06,253746.60987670426,0.8092685706771797,0.19073142932282028
1948-07,243517.87002511934,0.8010980814447922,0.19890191855520778
1948-08,244205.23218448108,0.8014794209313005,0.19852057906869947
1948-09,238450.7227817745,0.7966072174379742,0.20339278256202575
1948-10,249867.2164504545,0.8058226430735617,0.19417735692643834
1948-11,231161.19842041258,0.7900254738820449,0.20997452611795508
1948-12,237207.18037138312,0.7952954956742921,0.20470450432570786
1949-01,237878.28209656372,0.7956688806127656,0.20433111938723436
1949-02,232546.6927998213,0.7907960744783665,0.20920392552163347
1949-03,240227.06847048167,0.7972820840221814,0.20271791597781863
1949-04,236861.68543545666,0.7942167848303505,0.20578321516964948
1949-05,231492.5852384619,0.7892334163172872,0.21076658368271284
1949-06,231906.77950760027,0.7893994632514493,0.21060053674855073
1949-07,242257.4122437861,0.7982160896123491,0.20178391038765087
1949-08,247483.82440967928,0.8022996316514116,0.1977003683485884
1949-09,253841.94584960229,0.8070780699339285,0.1929219300660715
1949-10,260503.3300074184,0.8118421264175426,0.1881578735824574
1949-11,264539.6578218589,0.8145647966684567,0.18543520333154329
1949-12,275853.656712737,0.8220102814975665,0.1779897185024335
1950-01,279956.7522178901,0.8244610872212351,0.17553891277876488
1950-02,283624.75232985185,0.8265753165798572,0.17342468342014283
1950-03,286862.286047213,0.8283611237494626,0.17163887625053742
1950-04,296482.90939053305,0.8337811998489796,0.16621880015102042
1950-05,307458.5133399421,0.8395545663648607,0.1604454336351393
1950-06,292381.53120228095,0.8311122983415216,0.16888770165847844
1950-07,296003.03857702814,0.8330117667218161,0.1669882332781839
1950-08,308282.5387018409,0.8395028998730847,0.16049710012691532
1950-09,321065.1781481675,0.8457386994735571,0.15426130052644293
1950-10,320934.5355941401,0.8454907155398153,0.15450928446018475
1950-11,328722.47604515514,0.8489853442561933,0.15101465574380668
1950-12,344628.8582108947,0.8557969929856833,0.14420300701431665
1951-01,361888.0191380883,0.8624957984257303,0.13750420157426968
1951-02,366619.6837013274,0.8641347247067427,0.13586527529325731
1951-03,360179.8952853367,0.8615534157252634,0.13844658427473655
1951-04,375729.40019545803,0.867110474773048,0.13288952522695197
1951-05,368491.4214689763,0.8643376336729252,0.13566236632707485
1951-06,360557.0347889677,0.8611858821757498,0.13881411782425024
1951-07,382605.9695857123,0.8690154461192915,0.1309845538807085
1951-08,397367.19968237856,0.8737172509651013,0.12628274903489867
1951-09,400274.3463633088,0.8744839894050771,0.1255160105949229
1951-10,392058.9375837033,0.8716488272102512,0.12835117278974884
1951-11,394472.28115126974,0.8722937448445486,0.12770625515545142
1951-12,406404.034810633,0.8758943677680151,0.1241056322319849
1952-01,412175.1624372169,0.877448498042334,0.12255150195766595
1952-02,403121.88323377405,0.8745458816502165,0.12545411834978348
1952-03,419218.47438099305,0.8792302005443623,0.1207697994556377
1952-04,401402.6362481458,0.8737186026724307,0.12628139732756927
1952-05,413147.2740897247,0.8771489355708579,0.12285106442914207
1952-06,427682.8359622085,0.8811462338741256,0.1188537661258744
1952-07,431753.7054099782,0.8820902688332347,0.11790973116676529
1952-08,429468.823754117,0.8812851539851517,0.11871484601484827
1952-09,422434.8901032546,0.879115334938091,0.12088466506190898
1952-10,420575.26361604163,0.8784108413290748,0.12158915867092523
1952-11,443014.3360005055,0.8844540104154112,0.11554598958458884
1952-12,455203.65505821834,0.8873681462541286,0.11263185374587137
1953-01,454558.6079462173,0.88702784790827,0.11297215209172995
1953-02,454106.3334092042,0.8867570129328417,0.1132429870671583
1953-03,449125.104358284,0.8852949412419604,0.1147050587580396
1953-04,438591.392949947,0.8823521177366276,0.11764788226337242
1953-05,441310.6577443531,0.8828782705674041,0.11712172943259591
1953-06,434741.1310717685,0.8808943979010795,0.11910560209892052
1953-07,444584.3074139354,0.8833567144297646,0.1166432855702354
1953-08,427431.7708278992,0.8784696503830902,0.12153034961690978
1953-09,428904.18192161573,0.878693078241723,0.12130692175827695
1953-10,446798.0136087526,0.8833999207444276,0.11660007925557236
1953-11,458364.9697862645,0.8862514271774229,0.11374857282257711
1953-12,459042.08956871496,0.8862715594040861,0.11372844059591392
1954-01,480417.7200280698,0.891212239701312,0.10878776029868797
1954-02,487904.186774805,0.8928065106126379,0.10719348938736206
1954-03,504237.61778720707,0.8961957804366014,0.10380421956339858
1954-04,523987.37484772294,0.9000183922422116,0.09998160775778842
1954-05,538868.9150497825,0.902730899355538,0.09726910064446204
1954-06,544445.9354982428,0.9036695096988967,0.0963304903011033
1954-07,569318.1180454546,0.9078319034337257,0.09216809656627434
1954-08,557456.9160615113,0.9058237466394791,0.09417625336052093
1954-09,590275.9208729701,0.9109798465601311,0.08902015343986891
1954-10,581709.0319049036,0.9096056057563476,0.09039439424365237
1954-11,631848.7947596216,0.916728834583817,0.08327116541618296
1954-12,664154.2209034287,0.9207158884525014,0.07928411154749859
1955-01,668354.528341563,0.921151124736922,0.07884887526307804
1955-02,687548.8442873165,0.9232833676072206,0.07671663239277937
1955-03,687284.1895130818,0.9231770799083621,0.07682292009163794
1955-04,707703.9575491071,0.925319087189203,0.07468091281079703
1955-05,714850.3517016714,0.9259621678968721,0.07403783210312787
1955-06,758921.2490339937,0.9301918395934974,0.06980816040650262
1955-07,773022.4807499181,0.9313967232449566,0.06860327675504341
1955-08,775843.2960513614,0.9315367852562638,0.06846321474373618
1955-09,774410.5570165383,0.931300377474306,0.06869962252569395
1955-10,756548.21988251,0.9295517792130552,0.07044822078694479
1955-11,807343.2042235092,0.9338718881137392,0.06612811188626078
1955-12,820030.3533161232,0.934777804174747,0.06522219582525302
1956-01,798608.0710506251,0.9328809118936787,0.06711908810632128
1956-02,828286.6617120677,0.9351629194671819,0.06483708053281811
1956-03,880961.401093402,0.9389482394388506,0.06105176056114936
1956-04,884951.3237938762,0.939108024205505,0.06089197579449501
1956-05,843605.1246220429,0.9359767125507767,0.06402328744922325
1956-06,872691.272739132,0.9379867820102897,0.06201321798971027
1956-07,914230.1208636422,0.9406741767051514,0.05932582329484859
1956-08,888350.5460153379,0.9388420950291526,0.06115790497084739
1956-09,847080.9033682611,0.9357470444175061,0.06425295558249389
1956-10,853320.4035755704,0.936057405800429,0.06394259419957105
1956-11,857822.6934742279,0.9362657950826693,0.06373420491733073
1956-12,885261.0093967672,0.9380929905412234,0.061907009458776585
1957-01,858003.8939487289,0.9359538662979104,0.06404613370208956
