Starting equity weight,Mean terminal balance,Median terminal balance,10th percentile balance,90th percentile balance,Mean annual arithmetic (%),Mean annual volatility (%),Mean annual Sharpe,Mean CAGR (%),Scenarios,Defined Sharpes
0.0,387122.4634409903,314670.78196642775,140360.68964554995,692690.7191145038,3.984600160256399,0.6675927500607646,3.9477135179522396,4.0737450225663805,832,832
0.1,594447.8123308707,535291.9729133415,359731.8654677127,913544.4915038749,5.80411653838509,3.9944126755255045,1.357576664278856,5.8782770887272555,832,832
0.2,801773.161220751,765833.1294791645,518741.88223508216,1182027.263659204,6.977540076574353,6.261790179617652,1.0077078986213865,6.993851241437496,832,832
0.3,1009098.5101106311,966420.4265526095,666294.5546158296,1481686.1185641584,7.8809376945912675,7.968287466949972,0.8874555669098669,7.828446885180759,832,832
0.4,1216423.8590005117,1136392.6154071772,812823.1080514359,1788026.2338421363,8.629065317335597,9.379278575157116,0.8257555686111299,8.501345798651252,832,832
0.5,1423749.2078903918,1294821.273923498,956314.0595021192,2120629.3746917043,9.275986232429188,10.611737992826137,0.7872369694038159,9.067418539066944,832,832
0.6,1631074.5567802722,1464111.533299282,1098994.2464646664,2463024.994835952,9.852531704964086,11.729458728142617,0.7601892325864513,9.557082465426687,832,832
0.7,1838399.9056701525,1645637.855271657,1239141.4948021653,2799168.56032811,10.378711352389834,12.773303531755651,0.7396470469265712,9.98914338856381,832,832
0.8,2045725.254560033,1825154.6292011656,1375893.2364827634,3144010.449489171,10.869197401247892,13.774190207490525,0.7231452391728942,10.376109769755292,832,832
0.9,2253050.603449913,2000477.0571571009,1515153.112986518,3474177.6068214094,11.336669398208501,14.761449652006885,0.709311170636999,10.726753144545674,832,832
1.0,2460375.9523397936,2177031.085699433,1643334.4603378004,3818178.554316808,11.795671073717948,15.774180996909413,0.6973008651435482,11.047477017060249,832,832
