Month,Signal start,Signal end,Skipped month,Top 3,Bottom 3
1992-01,1991-01,1991-11,1991-12,"HongKong, Australia, Singapore","Austria, Finland, Norway"
1992-02,1991-02,1991-12,1992-01,"HongKong, Australia, Singapore","Norway, Austria, Finland"
1992-03,1991-03,1992-01,1992-02,"HongKong, Australia, Singapore","Norway, Finland, Austria"
1992-04,1991-04,1992-02,1992-03,"HongKong, France, Germany","Japan, Norway, Finland"
1992-05,1991-05,1992-03,1992-04,"HongKong, France, Netherlands","Austria, Japan, Finland"
1992-06,1991-06,1992-04,1992-05,"HongKong, France, UK","Austria, Finland, Japan"
1992-07,1991-07,1992-05,1992-06,"HongKong, France, UK","Austria, Finland, Japan"
1992-08,1991-08,1992-06,1992-07,"HongKong, France, Netherlands","Norway, Finland, Japan"
1992-09,1991-09,1992-07,1992-08,"HongKong, Belgium, Netherlands","Austria, Japan, Finland"
1992-10,1991-10,1992-08,1992-09,"HongKong, Netherlands, Switzerland","Austria, Norway, Finland"
1992-11,1991-11,1992-09,1992-10,"HongKong, Switzerland, Netherlands","Japan, Italy, Finland"
1992-12,1991-12,1992-10,1992-11,"HongKong, Switzerland, Belgium","Sweden, Japan, Denmark"
1993-01,1992-01,1992-11,1992-12,"HongKong, Switzerland, Singapore","Japan, Italy, Denmark"
1993-02,1992-02,1992-12,1993-01,"HongKong, Switzerland, Netherlands","Norway, Denmark, Italy"
1993-03,1992-03,1993-01,1993-02,"HongKong, Switzerland, Singapore","Italy, Finland, Austria"
1993-04,1992-04,1993-02,1993-03,"HongKong, Switzerland, Singapore","Austria, Norway, Sweden"
1993-05,1992-05,1993-03,1993-04,"Japan, HongKong, Switzerland","Norway, Sweden, Italy"
1993-06,1992-06,1993-04,1993-05,"Japan, Switzerland, Singapore","Spain, Austria, Sweden"
1993-07,1992-07,1993-05,1993-06,"Japan, HongKong, Finland","Germany, Spain, Austria"
1993-08,1992-08,1993-06,1993-07,"Japan, HongKong, Finland","Austria, Sweden, Norway"
1993-09,1992-09,1993-07,1993-08,"Japan, Finland, New Zealand","Denmark, Germany, Spain"
1993-10,1992-10,1993-08,1993-09,"Finland, New Zealand, Japan","Denmark, Austria, Belgium"
1993-11,1992-11,1993-09,1993-10,"New Zealand, Japan, Finland","Austria, Belgium, Canada"
1993-12,1992-12,1993-10,1993-11,"HongKong, New Zealand, Finland","Italy, UK, Belgium"
1994-01,1993-01,1993-11,1993-12,"HongKong, Finland, New Zealand","Spain, UK, Italy"
1994-02,1993-02,1993-12,1994-01,"HongKong, New Zealand, Singapore","Denmark, Spain, Italy"
1994-03,1993-03,1994-01,1994-02,"Finland, HongKong, New Zealand","Germany, France, Canada"
1994-04,1993-04,1994-02,1994-03,"Finland, HongKong, New Zealand","Belgium, Canada, France"
1994-05,1993-05,1994-03,1994-04,"Finland, New Zealand, Switzerland","UK, Japan, Canada"
1994-06,1993-06,1994-04,1994-05,"Finland, New Zealand, Italy","UK, Japan, Canada"
1994-07,1993-07,1994-05,1994-06,"Finland, New Zealand, Singapore","Japan, UK, Canada"
1994-08,1993-08,1994-06,1994-07,"Finland, Singapore, HongKong","France, UK, Canada"
1994-09,1993-09,1994-07,1994-08,"Finland, HongKong, Singapore","UK, Japan, Canada"
1994-10,1993-10,1994-08,1994-09,"Finland, HongKong, New Zealand","Denmark, France, Japan"
1994-11,1993-11,1994-09,1994-10,"Finland, Italy, Singapore","Spain, Austria, France"
1994-12,1993-12,1994-10,1994-11,"Finland, Sweden, Italy","France, Canada, Austria"
1995-01,1994-01,1994-11,1994-12,"Finland, Japan, Sweden","Canada, Austria, HongKong"
1995-02,1994-02,1994-12,1995-01,"Finland, Germany, Norway","France, Spain, HongKong"
1995-03,1994-03,1995-01,1995-02,"Finland, Netherlands, Italy","Austria, France, HongKong"
1995-04,1994-04,1995-02,1995-03,"Finland, New Zealand, Netherlands","HongKong, Japan, Italy"
1995-05,1994-05,1995-03,1995-04,"Netherlands, New Zealand, Switzerland","Japan, Spain, Italy"
1995-06,1994-06,1995-04,1995-05,"Finland, Netherlands, New Zealand","Japan, HongKong, Italy"
1995-07,1994-07,1995-05,1995-06,"Finland, New Zealand, Netherlands","Austria, Italy, Japan"
1995-08,1994-08,1995-06,1995-07,"Finland, Switzerland, Ireland","HongKong, Japan, Italy"
1995-09,1994-09,1995-07,1995-08,"Finland, Sweden, Switzerland","HongKong, Italy, Japan"
1995-10,1994-10,1995-08,1995-09,"Finland, Sweden, Switzerland","HongKong, Japan, Italy"
1995-11,1994-11,1995-09,1995-10,"Sweden, Finland, Switzerland","Singapore, Italy, Japan"
1995-12,1994-12,1995-10,1995-11,"Switzerland, Sweden, Finland","Singapore, Italy, Japan"
1996-01,1995-01,1995-11,1995-12,"Sweden, Switzerland, Ireland","Austria, Japan, Italy"
1996-02,1995-02,1995-12,1996-01,"Switzerland, HongKong, Sweden","Finland, Austria, Italy"
1996-03,1995-03,1996-01,1996-02,"HongKong, Switzerland, Sweden","Austria, Italy, Finland"
1996-04,1995-04,1996-02,1996-03,"Sweden, Spain, HongKong","Finland, Austria, Japan"
1996-05,1995-05,1996-03,1996-04,"Sweden, HongKong, Switzerland","Japan, Italy, Finland"
1996-06,1995-06,1996-04,1996-05,"Sweden, Australia, Ireland","Denmark, Austria, Finland"
1996-07,1995-07,1996-05,1996-06,"Sweden, Australia, HongKong","Austria, New Zealand, Finland"
1996-08,1995-08,1996-06,1996-07,"Sweden, Ireland, HongKong","Japan, Austria, Finland"
1996-09,1995-09,1996-07,1996-08,"Sweden, Netherlands, Switzerland","Italy, Japan, Finland"
1996-10,1995-10,1996-08,1996-09,"Ireland, Spain, HongKong","New Zealand, Japan, Finland"
1996-11,1995-11,1996-09,1996-10,"Ireland, HongKong, Sweden","Japan, Austria, Finland"
1996-12,1995-12,1996-10,1996-11,"HongKong, Sweden, Ireland","Finland, Singapore, Japan"
1997-01,1996-01,1996-11,1996-12,"Sweden, HongKong, Finland","Switzerland, Singapore, Japan"
1997-02,1996-02,1996-12,1997-01,"Finland, Sweden, Spain","Austria, Singapore, Japan"
1997-03,1996-03,1997-01,1997-02,"Finland, Norway, Sweden","Singapore, Austria, Japan"
1997-04,1996-04,1997-02,1997-03,"Finland, Sweden, Ireland","Singapore, Austria, Japan"
1997-05,1996-05,1997-03,1997-04,"Finland, Sweden, Germany","Austria, Singapore, Japan"
1997-06,1996-06,1997-04,1997-05,"Finland, Spain, UK","Austria, Singapore, Japan"
1997-07,1996-07,1997-05,1997-06,"Finland, Spain, UK","Austria, Singapore, Japan"
1997-08,1996-08,1997-06,1997-07,"Spain, Finland, Sweden","Austria, Singapore, Japan"
1997-09,1996-09,1997-07,1997-08,"Netherlands, Finland, Sweden","Austria, Japan, Singapore"
1997-10,1996-10,1997-08,1997-09,"Spain, Finland, Norway","Austria, Japan, Singapore"
1997-11,1996-11,1997-09,1997-10,"Finland, Italy, Spain","New Zealand, Japan, Singapore"
1997-12,1996-12,1997-10,1997-11,"Finland, Switzerland, Denmark","Japan, HongKong, Singapore"
1998-01,1997-01,1997-11,1997-12,"Switzerland, Italy, Ireland","Japan, HongKong, Singapore"
1998-02,1997-02,1997-12,1998-01,"Switzerland, Denmark, Spain","Japan, HongKong, Singapore"
1998-03,1997-03,1998-01,1998-02,"Italy, Switzerland, Spain","New Zealand, HongKong, Singapore"
1998-04,1997-04,1998-02,1998-03,"Italy, Spain, Ireland","New Zealand, HongKong, Singapore"
1998-05,1997-05,1998-03,1998-04,"Italy, Spain, Ireland","New Zealand, HongKong, Singapore"
1998-06,1997-06,1998-04,1998-05,"Italy, Finland, Ireland","Japan, Singapore, HongKong"
1998-07,1997-07,1998-05,1998-06,"Italy, Finland, Spain","Japan, Singapore, HongKong"
1998-08,1997-08,1998-06,1998-07,"Italy, Spain, Belgium","New Zealand, Singapore, HongKong"
1998-09,1997-09,1998-07,1998-08,"Italy, Finland, Belgium","New Zealand, Singapore, HongKong"
1998-10,1997-10,1998-08,1998-09,"Belgium, Italy, France","New Zealand, Singapore, HongKong"
1998-11,1997-11,1998-09,1998-10,"Belgium, Italy, Finland","Norway, Singapore, New Zealand"
1998-12,1997-12,1998-10,1998-11,"Finland, Belgium, Italy","Norway, Singapore, New Zealand"
1999-01,1998-01,1998-11,1998-12,"Finland, Belgium, Spain","Canada, New Zealand, Norway"
1999-02,1998-02,1998-12,1999-01,"Finland, Belgium, Spain","Canada, New Zealand, Norway"
1999-03,1998-03,1999-01,1999-02,"Finland, Belgium, France","Singapore, HongKong, Norway"
1999-04,1998-04,1999-02,1999-03,"Finland, Belgium, Ireland","HongKong, Canada, Norway"
1999-05,1998-05,1999-03,1999-04,"Finland, Japan, Australia","Denmark, Austria, Norway"
1999-06,1998-06,1999-04,1999-05,"Singapore, Finland, HongKong","Denmark, Norway, Austria"
1999-07,1998-07,1999-05,1999-06,"Singapore, HongKong, Finland","Germany, Norway, Austria"
1999-08,1998-08,1999-06,1999-07,"Singapore, HongKong, Finland","Denmark, Norway, Austria"
1999-09,1998-09,1999-07,1999-08,"Singapore, HongKong, Finland","Denmark, Belgium, Austria"
1999-10,1998-10,1999-08,1999-09,"Singapore, Finland, Japan","Denmark, Austria, Belgium"
1999-11,1998-11,1999-09,1999-10,"Finland, Singapore, Japan","Switzerland, Belgium, Austria"
1999-12,1998-12,1999-10,1999-11,"Finland, Japan, Singapore","Spain, Belgium, Ireland"
2000-01,1999-01,1999-11,1999-12,"Finland, Japan, Singapore","Austria, Ireland, Belgium"
2000-02,1999-02,1999-12,2000-01,"Finland, Singapore, Japan","Switzerland, Belgium, Ireland"
2000-03,1999-03,2000-01,2000-02,"Finland, Japan, Sweden","Austria, Ireland, Belgium"
2000-04,1999-04,2000-02,2000-03,"Finland, Sweden, Japan","Ireland, Austria, Belgium"
2000-05,1999-05,2000-03,2000-04,"Finland, Sweden, Japan","New Zealand, Belgium, Austria"
2000-06,1999-06,2000-04,2000-05,"Finland, Sweden, Japan","Ireland, Austria, Belgium"
2000-07,1999-07,2000-05,2000-06,"Finland, Sweden, Canada","Belgium, Austria, New Zealand"
2000-08,1999-08,2000-06,2000-07,"Finland, Sweden, Canada","Austria, Ireland, New Zealand"
2000-09,1999-09,2000-07,2000-08,"Finland, Canada, Sweden","New Zealand, Austria, Ireland"
2000-10,1999-10,2000-08,2000-09,"Canada, Finland, Sweden","Austria, New Zealand, Ireland"
2000-11,1999-11,2000-09,2000-10,"Canada, Finland, Denmark","Belgium, Austria, New Zealand"
2000-12,1999-12,2000-10,2000-11,"Canada, Italy, Denmark","Spain, Japan, New Zealand"
2001-01,2000-01,2000-11,2000-12,"Canada, Denmark, Switzerland","Japan, Spain, New Zealand"
2001-02,2000-02,2000-12,2001-01,"Switzerland, Denmark, Ireland","Sweden, New Zealand, Japan"
2001-03,2000-03,2001-01,2001-02,"Denmark, Switzerland, Norway","Japan, Sweden, Finland"
2001-04,2000-04,2001-02,2001-03,"Austria, Norway, Belgium","Japan, Sweden, Finland"
2001-05,2000-05,2001-03,2001-04,"Austria, Norway, Denmark","Japan, Sweden, Finland"
2001-06,2000-06,2001-04,2001-05,"Ireland, HongKong, Norway","Japan, Finland, Sweden"
2001-07,2000-07,2001-05,2001-06,"Ireland, HongKong, Norway","Japan, Finland, Sweden"
2001-08,2000-08,2001-06,2001-07,"Ireland, Austria, Norway","France, Sweden, Finland"
2001-09,2000-09,2001-07,2001-08,"Ireland, Austria, Belgium","Japan, Sweden, Finland"
2001-10,2000-10,2001-08,2001-09,"Austria, Ireland, New Zealand","Japan, Sweden, Finland"
2001-11,2000-11,2001-09,2001-10,"Austria, Ireland, New Zealand","Singapore, Sweden, Finland"
2001-12,2000-12,2001-10,2001-11,"Austria, Ireland, New Zealand","Singapore, Sweden, Finland"
2002-01,2001-01,2001-11,2001-12,"New Zealand, Austria, Australia","Singapore, Italy, Finland"
2002-02,2001-02,2001-12,2002-01,"Austria, Ireland, Australia","Italy, Japan, Sweden"
2002-03,2001-03,2002-01,2002-02,"New Zealand, Australia, Finland","Italy, Sweden, Japan"
2002-04,2001-04,2002-02,2002-03,"Australia, New Zealand, Singapore","France, Italy, Japan"
2002-05,2001-05,2002-03,2002-04,"Australia, Singapore, Austria","Italy, Finland, Japan"
2002-06,2001-06,2002-04,2002-05,"Austria, New Zealand, Belgium","Sweden, Japan, Finland"
2002-07,2001-07,2002-05,2002-06,"New Zealand, Austria, Australia","Sweden, Japan, Finland"
2002-08,2001-08,2002-06,2002-07,"New Zealand, Austria, Australia","Germany, Sweden, Finland"
2002-09,2001-09,2002-07,2002-08,"Austria, New Zealand, Australia","Netherlands, Sweden, Germany"
2002-10,2001-10,2002-08,2002-09,"New Zealand, Australia, Austria","France, Sweden, Netherlands"
2002-11,2001-11,2002-09,2002-10,"New Zealand, Austria, Australia","France, Sweden, Germany"
2002-12,2001-12,2002-10,2002-11,"New Zealand, Austria, Singapore","Finland, Sweden, Germany"
2003-01,2002-01,2002-11,2002-12,"New Zealand, Austria, Australia","France, Sweden, Germany"
2003-02,2002-02,2002-12,2003-01,"Austria, New Zealand, Norway","Finland, Singapore, Germany"
2003-03,2002-03,2003-01,2003-02,"New Zealand, Austria, Ireland","Singapore, Finland, Germany"
2003-04,2002-04,2003-02,2003-03,"New Zealand, Austria, Australia","Finland, Netherlands, Germany"
2003-05,2002-05,2003-03,2003-04,"New Zealand, Austria, Australia","Belgium, Netherlands, Germany"
2003-06,2002-06,2003-04,2003-05,"Austria, New Zealand, Finland","Germany, Netherlands, Japan"
2003-07,2002-07,2003-05,2003-06,"Austria, New Zealand, Spain","Germany, Japan, Netherlands"
2003-08,2002-08,2003-06,2003-07,"New Zealand, Austria, Spain","Singapore, Japan, HongKong"
2003-09,2002-09,2003-07,2003-08,"Austria, New Zealand, Spain","HongKong, Netherlands, Japan"
2003-10,2002-10,2003-08,2003-09,"Sweden, Spain, Germany","UK, Japan, Switzerland"
2003-11,2002-11,2003-09,2003-10,"Austria, Sweden, Canada","UK, Netherlands, Finland"
2003-12,2002-12,2003-10,2003-11,"Austria, New Zealand, Denmark","Switzerland, Netherlands, Finland"
2004-01,2003-01,2003-11,2003-12,"Sweden, Germany, New Zealand","Switzerland, UK, Netherlands"
2004-02,2003-02,2003-12,2004-01,"Germany, Sweden, Norway","HongKong, Finland, Netherlands"
2004-03,2003-03,2004-01,2004-02,"Germany, Norway, Belgium","UK, Japan, Italy"
2004-04,2003-04,2004-02,2004-03,"Norway, Germany, Sweden","Canada, Japan, Ireland"
2004-05,2003-05,2004-03,2004-04,"Japan, Norway, Austria","Netherlands, Ireland, Italy"
2004-06,2003-06,2004-04,2004-05,"Japan, Norway, Austria","Canada, Italy, Finland"
2004-07,2003-07,2004-05,2004-06,"Norway, Austria, Sweden","Canada, New Zealand, Finland"
2004-08,2003-08,2004-06,2004-07,"Austria, Norway, Japan","Singapore, Netherlands, Finland"
2004-09,2003-09,2004-07,2004-08,"Austria, Norway, Belgium","HongKong, Netherlands, Finland"
2004-10,2003-10,2004-08,2004-09,"Austria, Norway, Belgium","Netherlands, Japan, Finland"
2004-11,2003-11,2004-09,2004-10,"Austria, Norway, Belgium","Netherlands, Japan, Finland"
2004-12,2003-12,2004-10,2004-11,"Austria, Norway, Belgium","Netherlands, Switzerland, Finland"
2005-01,2004-01,2004-11,2004-12,"Austria, Norway, Belgium","Switzerland, Germany, Netherlands"
2005-02,2004-02,2004-12,2005-01,"Austria, Norway, Belgium","Switzerland, HongKong, Finland"
2005-03,2004-03,2005-01,2005-02,"Austria, Ireland, Belgium","Switzerland, HongKong, Finland"
2005-04,2004-04,2005-02,2005-03,"Austria, Norway, Belgium","HongKong, Finland, Japan"
2005-05,2004-05,2005-03,2005-04,"Norway, Austria, Belgium","HongKong, Switzerland, Japan"
2005-06,2004-06,2005-04,2005-05,"Austria, Belgium, Norway","Germany, Switzerland, Japan"
2005-07,2004-07,2005-05,2005-06,"Austria, Norway, Belgium","Netherlands, Germany, Japan"
2005-08,2004-08,2005-06,2005-07,"Norway, Austria, Finland","Germany, Switzerland, Japan"
2005-09,2004-09,2005-07,2005-08,"Norway, Austria, Finland","Switzerland, UK, Japan"
2005-10,2004-10,2005-08,2005-09,"Austria, Norway, Canada","New Zealand, Ireland, Japan"
2005-11,2004-11,2005-09,2005-10,"Norway, Austria, Canada","Singapore, UK, Ireland"
2005-12,2004-12,2005-10,2005-11,"Austria, Norway, Canada","Italy, Sweden, Ireland"
2006-01,2005-01,2005-11,2005-12,"Norway, Canada, Austria","Sweden, Italy, Ireland"
2006-02,2005-02,2005-12,2006-01,"Norway, Canada, Austria","Ireland, New Zealand, Italy"
2006-03,2005-03,2006-01,2006-02,"Canada, Austria, Norway","Spain, Italy, New Zealand"
2006-04,2005-04,2006-02,2006-03,"Austria, Norway, Japan","UK, Italy, New Zealand"
2006-05,2005-05,2006-03,2006-04,"Norway, Austria, Finland","UK, HongKong, New Zealand"
2006-06,2005-06,2006-04,2006-05,"Norway, Austria, Japan","Italy, HongKong, New Zealand"
2006-07,2005-07,2006-05,2006-06,"Norway, Austria, Japan","Singapore, HongKong, New Zealand"
2006-08,2005-08,2006-06,2006-07,"Austria, Japan, Norway","Singapore, HongKong, New Zealand"
2006-09,2005-09,2006-07,2006-08,"Netherlands, Finland, Norway","HongKong, Denmark, New Zealand"
2006-10,2005-10,2006-08,2006-09,"Ireland, Netherlands, Finland","Japan, HongKong, New Zealand"
2006-11,2005-11,2006-09,2006-10,"Ireland, Netherlands, Spain","Norway, Japan, New Zealand"
2006-12,2005-12,2006-10,2006-11,"Spain, Sweden, Ireland","HongKong, Japan, New Zealand"
2007-01,2006-01,2006-11,2006-12,"Spain, Singapore, Austria","Canada, New Zealand, Japan"
2007-02,2006-02,2006-12,2007-01,"Spain, Ireland, Sweden","New Zealand, Canada, Japan"
2007-03,2006-03,2007-01,2007-02,"Sweden, Singapore, Spain","New Zealand, Canada, Japan"
2007-04,2006-04,2007-02,2007-03,"Singapore, Spain, Denmark","Norway, Canada, Japan"
2007-05,2006-05,2007-03,2007-04,"Singapore, Spain, Sweden","Norway, Canada, Japan"
2007-06,2006-06,2007-04,2007-05,"Singapore, Sweden, Denmark","Norway, Canada, Japan"
2007-07,2006-07,2007-05,2007-06,"Singapore, Sweden, Denmark","HongKong, UK, Japan"
2007-08,2006-08,2007-06,2007-07,"Singapore, New Zealand, Sweden","HongKong, Switzerland, Japan"
2007-09,2006-09,2007-07,2007-08,"Singapore, Denmark, Sweden","Switzerland, Ireland, Japan"
2007-10,2006-10,2007-08,2007-09,"Singapore, Finland, Norway","Switzerland, Ireland, Japan"
2007-11,2006-11,2007-09,2007-10,"Finland, Singapore, Norway","Switzerland, Ireland, Japan"
2007-12,2006-12,2007-10,2007-11,"Finland, Australia, Singapore","Switzerland, Japan, Ireland"
2008-01,2007-01,2007-11,2007-12,"Finland, HongKong, Australia","Belgium, Japan, Ireland"
2008-02,2007-02,2007-12,2008-01,"Finland, HongKong, Australia","Sweden, Japan, Ireland"
2008-03,2007-03,2008-01,2008-02,"Finland, Canada, HongKong","Sweden, Japan, Ireland"
2008-04,2007-04,2008-02,2008-03,"Finland, Canada, HongKong","Sweden, Japan, Ireland"
2008-05,2007-05,2008-03,2008-04,"Finland, Canada, HongKong","Sweden, New Zealand, Ireland"
2008-06,2007-06,2008-04,2008-05,"Norway, HongKong, Canada","Sweden, New Zealand, Ireland"
2008-07,2007-07,2008-05,2008-06,"Norway, Canada, HongKong","Belgium, New Zealand, Ireland"
2008-08,2007-08,2008-06,2008-07,"Norway, Canada, Australia","Sweden, New Zealand, Ireland"
2008-09,2007-09,2008-07,2008-08,"Norway, Canada, Germany","Sweden, Belgium, Ireland"
2008-10,2007-10,2008-08,2008-09,"Canada, Switzerland, Norway","Sweden, New Zealand, Ireland"
2008-11,2007-11,2008-09,2008-10,"Switzerland, Japan, Germany","Austria, Finland, Ireland"
2008-12,2007-12,2008-10,2008-11,"Switzerland, Japan, Germany","Norway, Austria, Ireland"
2009-01,2008-01,2008-11,2008-12,"Japan, Switzerland, Canada","Norway, Austria, Ireland"
2009-02,2008-02,2008-12,2009-01,"Japan, Switzerland, Spain","Norway, Austria, Ireland"
2009-03,2008-03,2009-01,2009-02,"Japan, Switzerland, Spain","Finland, Austria, Ireland"
2009-04,2008-04,2009-02,2009-03,"Japan, Switzerland, HongKong","Finland, Austria, Ireland"
2009-05,2008-05,2009-03,2009-04,"Japan, Switzerland, HongKong","Norway, Austria, Ireland"
2009-06,2008-06,2009-04,2009-05,"Japan, Switzerland, HongKong","Norway, Austria, Ireland"
2009-07,2008-07,2009-05,2009-06,"HongKong, Japan, Singapore","Norway, Austria, Ireland"
2009-08,2008-08,2009-06,2009-07,"HongKong, Japan, Singapore","Ireland, Norway, Austria"
2009-09,2008-09,2009-07,2009-08,"HongKong, Singapore, Japan","Ireland, Norway, Austria"
2009-10,2008-10,2009-08,2009-09,"Singapore, HongKong, Sweden","Canada, Germany, Norway"
2009-11,2008-11,2009-09,2009-10,"Singapore, Australia, HongKong","Germany, Switzerland, Japan"
2009-12,2008-12,2009-10,2009-11,"Australia, Singapore, Sweden","Germany, Finland, Japan"
2010-01,2009-01,2009-11,2009-12,"Australia, Norway, Singapore","Switzerland, Germany, Japan"
2010-02,2009-02,2009-12,2010-01,"Australia, Singapore, Sweden","Germany, Switzerland, Japan"
2010-03,2009-03,2010-01,2010-02,"Singapore, Australia, Sweden","Germany, Spain, Japan"
2010-04,2009-04,2010-02,2010-03,"Singapore, Sweden, Australia","Germany, Spain, Japan"
2010-05,2009-05,2010-03,2010-04,"Australia, Singapore, Canada","Japan, Italy, Spain"
2010-06,2009-06,2010-04,2010-05,"Australia, Sweden, Singapore","Germany, Spain, Italy"
2010-07,2009-07,2010-05,2010-06,"Canada, Sweden, Singapore","Ireland, Italy, Spain"
2010-08,2009-08,2010-06,2010-07,"Singapore, Canada, Sweden","Ireland, Italy, Spain"
2010-09,2009-09,2010-07,2010-08,"Singapore, HongKong, Canada","Italy, Ireland, Spain"
2010-10,2009-10,2010-08,2010-09,"Singapore, HongKong, Sweden","Italy, Spain, Ireland"
2010-11,2009-11,2010-09,2010-10,"Singapore, Sweden, HongKong","Italy, Ireland, Spain"
2010-12,2009-12,2010-10,2010-11,"HongKong, Singapore, Sweden","Italy, Ireland, Spain"
2011-01,2010-01,2010-11,2010-12,"HongKong, Sweden, Singapore","Ireland, Italy, Spain"
2011-02,2010-02,2010-12,2011-01,"Sweden, HongKong, Canada","Ireland, Italy, Spain"
2011-03,2010-03,2011-01,2011-02,"Sweden, HongKong, Singapore","Spain, Belgium, Ireland"
2011-04,2010-04,2011-02,2011-03,"Sweden, Canada, Norway","Finland, Italy, Ireland"
2011-05,2010-05,2011-03,2011-04,"Sweden, Canada, Germany","New Zealand, Japan, Ireland"
2011-06,2010-06,2011-04,2011-05,"Sweden, Norway, Germany","Singapore, Ireland, Japan"
2011-07,2010-07,2011-05,2011-06,"Norway, Sweden, Austria","Ireland, Singapore, Japan"
2011-08,2010-08,2011-06,2011-07,"Germany, New Zealand, Norway","Singapore, Belgium, Japan"
2011-09,2010-09,2011-07,2011-08,"New Zealand, Norway, Germany","Italy, Spain, Finland"
2011-10,2010-10,2011-08,2011-09,"New Zealand, Switzerland, Norway","Denmark, Finland, Italy"
2011-11,2010-11,2011-09,2011-10,"New Zealand, Japan, Switzerland","Austria, Italy, Finland"
2011-12,2010-12,2011-10,2011-11,"New Zealand, Norway, Ireland","Finland, Austria, HongKong"
2012-01,2011-01,2011-11,2011-12,"New Zealand, Ireland, UK","Italy, Finland, Austria"
2012-02,2011-02,2011-12,2012-01,"New Zealand, Ireland, Switzerland","Italy, Austria, Finland"
2012-03,2011-03,2012-01,2012-02,"New Zealand, Ireland, Singapore","Finland, Italy, Austria"
2012-04,2011-04,2012-02,2012-03,"Ireland, New Zealand, Japan","Finland, Italy, Austria"
2012-05,2011-05,2012-03,2012-04,"Ireland, New Zealand, Japan","Austria, Italy, Spain"
2012-06,2011-06,2012-04,2012-05,"New Zealand, Ireland, Japan","Austria, Italy, Spain"
2012-07,2011-07,2012-05,2012-06,"New Zealand, Japan, UK","Austria, Italy, Spain"
2012-08,2011-08,2012-06,2012-07,"Ireland, Belgium, New Zealand","Italy, Austria, Spain"
2012-09,2011-09,2012-07,2012-08,"Denmark, Sweden, Singapore","Finland, Austria, Spain"
2012-10,2011-10,2012-08,2012-09,"Denmark, Norway, Sweden","Austria, Japan, Spain"
2012-11,2011-11,2012-09,2012-10,"Belgium, Denmark, New Zealand","Italy, Finland, Spain"
2012-12,2011-12,2012-10,2012-11,"New Zealand, Belgium, Singapore","Ireland, Finland, Spain"
2013-01,2012-01,2012-11,2012-12,"Belgium, New Zealand, Singapore","Japan, Ireland, Spain"
2013-02,2012-02,2012-12,2013-01,"Belgium, New Zealand, Denmark","Canada, Japan, Ireland"
2013-03,2012-03,2013-01,2013-02,"New Zealand, Belgium, Netherlands","Japan, Canada, Ireland"
2013-04,2012-04,2013-02,2013-03,"New Zealand, Belgium, HongKong","Italy, Canada, Ireland"
2013-05,2012-05,2013-03,2013-04,"New Zealand, Belgium, Switzerland","Austria, Norway, Canada"
2013-06,2012-06,2013-04,2013-05,"Spain, New Zealand, Sweden","Norway, UK, Canada"
2013-07,2012-07,2013-05,2013-06,"Finland, Germany, Netherlands","Norway, Australia, Canada"
2013-08,2012-08,2013-06,2013-07,"Ireland, Spain, Switzerland","Singapore, Canada, Australia"
2013-09,2012-09,2013-07,2013-08,"Ireland, France, Netherlands","Norway, Canada, Australia"
2013-10,2012-10,2013-08,2013-09,"Ireland, France, Netherlands","Australia, Singapore, Canada"
2013-11,2012-11,2013-09,2013-10,"Ireland, Finland, France","Singapore, Australia, Canada"
2013-12,2012-12,2013-10,2013-11,"Ireland, Spain, Finland","Australia, Canada, Singapore"
2014-01,2013-01,2013-11,2013-12,"Ireland, Finland, Denmark","Canada, Australia, Singapore"
2014-02,2013-02,2013-12,2014-01,"Ireland, Finland, Spain","Canada, Singapore, Australia"
2014-03,2013-03,2014-01,2014-02,"Ireland, Italy, Spain","HongKong, Singapore, Australia"
2014-04,2013-04,2014-02,2014-03,"Ireland, Denmark, Italy","Canada, Australia, Singapore"
2014-05,2013-05,2014-03,2014-04,"Ireland, Denmark, Italy","Japan, Australia, Singapore"
2014-06,2013-06,2014-04,2014-05,"Ireland, Denmark, Spain","HongKong, Singapore, Japan"
2014-07,2013-07,2014-05,2014-06,"Spain, Denmark, Ireland","HongKong, Singapore, Japan"
2014-08,2013-08,2014-06,2014-07,"Denmark, Spain, Italy","HongKong, Japan, Singapore"
2014-09,2013-09,2014-07,2014-08,"Spain, Denmark, Finland","Japan, Netherlands, Austria"
2014-10,2013-10,2014-08,2014-09,"Denmark, Spain, Canada","Sweden, Japan, Austria"
2014-11,2013-11,2014-09,2014-10,"Denmark, Canada, Belgium","Germany, Australia, Austria"
2014-12,2013-12,2014-10,2014-11,"Denmark, New Zealand, HongKong","Ireland, Germany, Austria"
2015-01,2014-01,2014-11,2014-12,"Denmark, New Zealand, Belgium","Austria, Norway, Ireland"
2015-02,2014-02,2014-12,2015-01,"Belgium, New Zealand, Singapore","Norway, Austria, Ireland"
2015-03,2014-03,2015-01,2015-02,"HongKong, Belgium, Japan","Norway, Austria, Ireland"
2015-04,2014-04,2015-02,2015-03,"Japan, Belgium, HongKong","Austria, Norway, Ireland"
2015-05,2014-05,2015-03,2015-04,"Japan, HongKong, Denmark","Ireland, Austria, Norway"
2015-06,2014-06,2015-04,2015-05,"Japan, HongKong, Denmark","Ireland, Austria, Norway"
2015-07,2014-07,2015-05,2015-06,"HongKong, Japan, Netherlands","Spain, Austria, Norway"
2015-08,2014-08,2015-06,2015-07,"Netherlands, Japan, Belgium","Canada, Australia, Norway"
2015-09,2014-09,2015-07,2015-08,"Denmark, Japan, Netherlands","Australia, Canada, Norway"
2015-10,2014-10,2015-08,2015-09,"Denmark, Japan, Netherlands","Canada, Singapore, Norway"
2015-11,2014-11,2015-09,2015-10,"Denmark, Netherlands, Belgium","Singapore, Australia, Norway"
2015-12,2014-12,2015-10,2015-11,"Japan, Denmark, Ireland","Australia, Singapore, Canada"
2016-01,2015-01,2015-11,2015-12,"Denmark, Japan, Belgium","Australia, Singapore, Canada"
2016-02,2015-02,2015-12,2016-01,"Denmark, Japan, Belgium","Norway, Canada, Singapore"
2016-03,2015-03,2016-01,2016-02,"Denmark, Belgium, Netherlands","Norway, Singapore, Canada"
2016-04,2015-04,2016-02,2016-03,"Denmark, Belgium, Netherlands","Singapore, Ireland, Spain"
2016-05,2015-05,2016-03,2016-04,"New Zealand, Belgium, Denmark","Spain, HongKong, Norway"
2016-06,2015-06,2016-04,2016-05,"New Zealand, Denmark, Belgium","Italy, Ireland, HongKong"
2016-07,2015-07,2016-05,2016-06,"New Zealand, Denmark, Belgium","Singapore, HongKong, Ireland"
2016-08,2015-08,2016-06,2016-07,"New Zealand, Belgium, Canada","Spain, Italy, Ireland"
2016-09,2015-09,2016-07,2016-08,"New Zealand, Australia, Finland","Spain, Italy, Ireland"
2016-10,2015-10,2016-08,2016-09,"New Zealand, Australia, Finland","Spain, Italy, Ireland"
2016-11,2015-11,2016-09,2016-10,"New Zealand, Australia, Finland","Spain, Italy, Ireland"
2016-12,2015-12,2016-10,2016-11,"New Zealand, Australia, Canada","UK, Italy, Ireland"
2017-01,2016-01,2016-11,2016-12,"Canada, Norway, New Zealand","Ireland, Denmark, Italy"
2017-02,2016-02,2016-12,2017-01,"Norway, Canada, Australia","Ireland, Belgium, Denmark"
2017-03,2016-03,2017-01,2017-02,"Norway, Austria, Canada","Belgium, Denmark, Ireland"
2017-04,2016-04,2017-02,2017-03,"Norway, Austria, Australia","Belgium, Denmark, Ireland"
2017-05,2016-05,2017-03,2017-04,"Austria, Australia, HongKong","Belgium, Denmark, Ireland"
2017-06,2016-06,2017-04,2017-05,"Austria, Finland, Spain","Denmark, Ireland, Belgium"
2017-07,2016-07,2017-05,2017-06,"Austria, Spain, France","New Zealand, Belgium, Canada"
2017-08,2016-08,2017-06,2017-07,"Austria, Italy, Spain","Canada, New Zealand, Belgium"
2017-09,2016-09,2017-07,2017-08,"Austria, Italy, Spain","Belgium, Canada, New Zealand"
2017-10,2016-10,2017-08,2017-09,"Austria, Italy, France","Canada, Belgium, New Zealand"
2017-11,2016-11,2017-09,2017-10,"Austria, Italy, France","New Zealand, Australia, Japan"
2017-12,2016-12,2017-10,2017-11,"Austria, Italy, Denmark","Australia, New Zealand, Canada"
2018-01,2017-01,2017-11,2017-12,"Austria, Italy, France","New Zealand, Australia, Canada"
2018-02,2017-02,2017-12,2018-01,"Austria, Italy, France","Australia, New Zealand, Canada"
2018-03,2017-03,2018-01,2018-02,"Austria, Italy, France","New Zealand, Australia, Canada"
2018-04,2017-04,2018-02,2018-03,"Austria, Norway, France","Spain, Australia, Canada"
2018-05,2017-05,2018-03,2018-04,"Austria, Norway, Italy","Australia, Sweden, Spain"
2018-06,2017-06,2018-04,2018-05,"Norway, Italy, Austria","Sweden, Belgium, Switzerland"
2018-07,2017-07,2018-05,2018-06,"Norway, Japan, France","Belgium, Switzerland, Spain"
2018-08,2017-08,2018-06,2018-07,"Norway, France, Finland","Sweden, Spain, Belgium"
2018-09,2017-09,2018-07,2018-08,"Norway, France, New Zealand","Sweden, Spain, Belgium"
2018-10,2017-10,2018-08,2018-09,"Norway, New Zealand, Finland","Spain, Italy, Belgium"
2018-11,2017-11,2018-09,2018-10,"Norway, New Zealand, Finland","Germany, Spain, Belgium"
2018-12,2017-12,2018-10,2018-11,"Norway, New Zealand, Finland","Italy, Germany, Belgium"
2019-01,2018-01,2018-11,2018-12,"New Zealand, Norway, Switzerland","Germany, Ireland, Belgium"
2019-02,2018-02,2018-12,2019-01,"New Zealand, Norway, Finland","Germany, Austria, Belgium"
2019-03,2018-03,2019-01,2019-02,"New Zealand, Canada, Norway","Germany, Ireland, Belgium"
2019-04,2018-04,2019-02,2019-03,"New Zealand, Canada, Australia","Germany, Austria, Belgium"
2019-05,2018-05,2019-03,2019-04,"New Zealand, Switzerland, Australia","Ireland, Austria, Germany"
2019-06,2018-06,2019-04,2019-05,"New Zealand, Switzerland, Netherlands","Japan, Germany, Ireland"
2019-07,2018-07,2019-05,2019-06,"New Zealand, Switzerland, Australia","Belgium, Norway, Ireland"
2019-08,2018-08,2019-06,2019-07,"New Zealand, Switzerland, Singapore","Norway, Austria, Ireland"
2019-09,2018-09,2019-07,2019-08,"New Zealand, Switzerland, Singapore","Germany, Norway, Ireland"
2019-10,2018-10,2019-08,2019-09,"New Zealand, Switzerland, Netherlands","Austria, Ireland, Norway"
2019-11,2018-11,2019-09,2019-10,"New Zealand, Netherlands, Belgium","Ireland, Austria, Norway"
2019-12,2018-12,2019-10,2019-11,"Italy, Switzerland, Netherlands","Spain, HongKong, Norway"
2020-01,2019-01,2019-11,2019-12,"Netherlands, Switzerland, Canada","Spain, Norway, HongKong"
2020-02,2019-02,2019-12,2020-01,"Switzerland, New Zealand, Netherlands","Spain, Norway, HongKong"
2020-03,2019-03,2020-01,2020-02,"Switzerland, New Zealand, Denmark","Spain, Norway, HongKong"
2020-04,2019-04,2020-02,2020-03,"Switzerland, Sweden, Denmark","Belgium, HongKong, Norway"
2020-05,2019-05,2020-03,2020-04,"Switzerland, Denmark, Japan","Australia, Austria, Norway"
2020-06,2019-06,2020-04,2020-05,"Denmark, Switzerland, Sweden","Spain, Austria, Norway"
2020-07,2019-07,2020-05,2020-06,"Denmark, Switzerland, Japan","Belgium, Austria, HongKong"
2020-08,2019-08,2020-06,2020-07,"Denmark, Sweden, Netherlands","Norway, Austria, Belgium"
2020-09,2019-09,2020-07,2020-08,"Denmark, Sweden, Finland","Spain, Belgium, Austria"
2020-10,2019-10,2020-08,2020-09,"Denmark, Sweden, Finland","Spain, Belgium, Austria"
2020-11,2019-11,2020-09,2020-10,"Denmark, Sweden, Finland","UK, Spain, Austria"
2020-12,2019-12,2020-10,2020-11,"Denmark, Sweden, Finland","UK, Spain, Austria"
2021-01,2020-01,2020-11,2020-12,"Denmark, Sweden, Finland","Belgium, Austria, UK"
2021-02,2020-02,2020-12,2021-01,"Denmark, Sweden, Netherlands","Spain, Belgium, UK"
2021-03,2020-03,2021-01,2021-02,"Sweden, Denmark, Netherlands","Italy, UK, Spain"
2021-04,2020-04,2021-02,2021-03,"Australia, Sweden, Norway","HongKong, Belgium, Switzerland"
2021-05,2020-05,2021-03,2021-04,"Sweden, Norway, Netherlands","Belgium, HongKong, Switzerland"
2021-06,2020-06,2021-04,2021-05,"Sweden, Norway, Netherlands","Belgium, Switzerland, Japan"
2021-07,2020-07,2021-05,2021-06,"Austria, Sweden, Norway","New Zealand, Switzerland, Japan"
2021-08,2020-08,2021-06,2021-07,"Austria, Sweden, France","Japan, Switzerland, New Zealand"
2021-09,2020-09,2021-07,2021-08,"Austria, Sweden, France","HongKong, Japan, New Zealand"
2021-10,2020-10,2021-08,2021-09,"Austria, Netherlands, France","HongKong, New Zealand, Japan"
2021-11,2020-11,2021-09,2021-10,"Austria, Norway, Italy","Japan, New Zealand, HongKong"
2021-12,2020-12,2021-10,2021-11,"Austria, Norway, Canada","HongKong, New Zealand, Japan"
2022-01,2021-01,2021-11,2021-12,"Austria, Canada, Sweden","Japan, Spain, New Zealand"
2022-02,2021-02,2021-12,2022-01,"France, Canada, Austria","Japan, HongKong, New Zealand"
2022-03,2021-03,2022-01,2022-02,"Austria, Canada, Switzerland","Japan, HongKong, New Zealand"
2022-04,2021-04,2022-02,2022-03,"Canada, Norway, Switzerland","New Zealand, Germany, HongKong"
2022-05,2021-05,2022-03,2022-04,"Canada, Norway, Australia","Netherlands, HongKong, Ireland"
2022-06,2021-06,2022-04,2022-05,"Norway, Canada, Australia","Ireland, Netherlands, Germany"
2022-07,2021-07,2022-05,2022-06,"Norway, Canada, Australia","Finland, Sweden, Netherlands"
2022-08,2021-08,2022-06,2022-07,"Norway, Canada, HongKong","Germany, Ireland, Sweden"
2022-09,2021-09,2022-07,2022-08,"Norway, Canada, Australia","Sweden, Germany, Ireland"
2022-10,2021-10,2022-08,2022-09,"Norway, Canada, Australia","Netherlands, Germany, Sweden"
2022-11,2021-11,2022-09,2022-10,"HongKong, Canada, Switzerland","Netherlands, Germany, Sweden"
2022-12,2021-12,2022-10,2022-11,"Norway, Canada, Australia","Germany, Netherlands, Sweden"
2023-01,2022-01,2022-11,2022-12,"Norway, Canada, Australia","Netherlands, Germany, Sweden"
2023-02,2022-02,2022-12,2023-01,"Denmark, Australia, Norway","Austria, Germany, Sweden"
2023-03,2022-03,2023-01,2023-02,"France, Spain, Australia","New Zealand, Sweden, Norway"
2023-04,2022-04,2023-02,2023-03,"Spain, Ireland, France","Canada, New Zealand, Norway"
2023-05,2022-05,2023-03,2023-04,"France, Ireland, Netherlands","New Zealand, Australia, Norway"
2023-06,2022-06,2023-04,2023-05,"France, Denmark, Ireland","Canada, Australia, Norway"
2023-07,2022-07,2023-05,2023-06,"Ireland, France, Italy","Finland, HongKong, Norway"
2023-08,2022-08,2023-06,2023-07,"Ireland, Italy, Spain","Finland, HongKong, Norway"
2023-09,2022-09,2023-07,2023-08,"Italy, Ireland, France","Finland, HongKong, Norway"
2023-10,2022-10,2023-08,2023-09,"Ireland, Italy, Denmark","Singapore, New Zealand, HongKong"
2023-11,2022-11,2023-09,2023-10,"Italy, Denmark, Ireland","Canada, New Zealand, Finland"
2023-12,2022-12,2023-10,2023-11,"Denmark, Italy, Ireland","HongKong, New Zealand, Finland"
2024-01,2023-01,2023-11,2023-12,"Ireland, Italy, Spain","New Zealand, Finland, HongKong"
2024-02,2023-02,2023-12,2024-01,"Denmark, Ireland, Italy","New Zealand, Finland, HongKong"
2024-03,2023-03,2024-01,2024-02,"Denmark, Ireland, Japan","Singapore, Finland, HongKong"
2024-04,2023-04,2024-02,2024-03,"Ireland, Italy, Denmark","Singapore, Finland, HongKong"
2024-05,2023-05,2024-03,2024-04,"Italy, Ireland, Japan","New Zealand, Finland, HongKong"
2024-06,2023-06,2024-04,2024-05,"Italy, Denmark, Ireland","Finland, New Zealand, HongKong"
2024-07,2023-07,2024-05,2024-06,"Denmark, Italy, Norway","Finland, New Zealand, HongKong"
2024-08,2023-08,2024-06,2024-07,"Denmark, Sweden, Netherlands","France, New Zealand, HongKong"
2024-09,2023-09,2024-07,2024-08,"Sweden, Denmark, Netherlands","Finland, France, HongKong"
2024-10,2023-10,2024-08,2024-09,"Sweden, Denmark, Netherlands","New Zealand, Norway, HongKong"
2024-11,2023-11,2024-09,2024-10,"Sweden, Ireland, Spain","France, Norway, HongKong"
2024-12,2023-12,2024-10,2024-11,"Singapore, Ireland, Canada","Norway, Finland, France"
2025-01,2024-01,2024-11,2024-12,"Singapore, Canada, Ireland","HongKong, Finland, France"
2025-02,2024-02,2024-12,2025-01,"Singapore, Canada, Spain","France, Finland, Denmark"
2025-03,2024-03,2025-01,2025-02,"Singapore, Spain, UK","France, Netherlands, Denmark"
2025-04,2024-04,2025-02,2025-03,"Singapore, Ireland, Spain","New Zealand, Netherlands, Denmark"
2025-05,2024-05,2025-03,2025-04,"Singapore, Spain, Austria","New Zealand, Netherlands, Denmark"
2025-06,2024-06,2025-04,2025-05,"Singapore, Spain, Ireland","New Zealand, Netherlands, Denmark"
2025-07,2024-07,2025-05,2025-06,"Ireland, Spain, Singapore","New Zealand, Netherlands, Denmark"
2025-08,2024-08,2025-06,2025-07,"Ireland, Spain, Austria","Japan, New Zealand, Denmark"
2025-09,2024-09,2025-07,2025-08,"Ireland, Singapore, Spain","Netherlands, New Zealand, Denmark"
2025-10,2024-10,2025-08,2025-09,"Austria, Italy, Spain","Australia, New Zealand, Denmark"
2025-11,2024-11,2025-09,2025-10,"Austria, Spain, Ireland","Australia, New Zealand, Denmark"
2025-12,2024-12,2025-10,2025-11,"Austria, Spain, Italy","Australia, New Zealand, Denmark"
