,Strategy,Equal weight
1991-12,1.0,1.0
1992-01,1.018247619047619,1.007615
1992-02,1.034329143111111,1.003770948775
1992-03,1.0211690286469273,0.9756352490808367
1992-04,1.0603157864955903,0.9937381611275317
1992-05,1.1329918501511151,1.044935551188822
1992-06,1.119039864796397,1.0258916007684058
1992-07,1.077741432148023,0.9989875935382544
1992-08,1.0697137981091376,0.9754414559585578
1992-09,1.0705283087582693,0.9437835035054228
1992-10,1.041396684600031,0.9133370476823379
1992-11,1.015103897829796,0.9222557839529559
1992-12,1.0164419014436974,0.9239665684321886
1993-01,1.0329726349008435,0.9405332890041778
1993-02,1.0715610492986227,0.9633741399276441
1993-03,1.109089668580892,1.0169184746248225
1993-04,1.1729109132145357,1.070194833510417
1993-05,1.238089014132861,1.0950287046220262
1993-06,1.2016231657032679,1.0594019457171486
1993-07,1.2331011150326336,1.085097739910518
1993-08,1.325227273718736,1.1754484032241672
1993-09,1.2963682411213877,1.1684133445308706
1993-10,1.3965824447057513,1.2450028392648693
1993-11,1.2782214174776796,1.1924014693059286
1993-12,1.466008577980518,1.305500748669596
1994-01,1.6195722784246545,1.4226041658252586
1994-02,1.5337156670457857,1.3777779085601047
1994-03,1.4270128770670287,1.327964348276114
1994-04,1.4886577947665,1.3824972042380725
1994-05,1.4857364810654368,1.3634602177357145
1994-06,1.4293754214030008,1.3411676431757356
1994-07,1.5121294517526087,1.405818629415022
1994-08,1.5867451195185196,1.4398324111537184
1994-09,1.5744916692312663,1.4077169492229347
1994-10,1.6584510626140547,1.4551710875812396
1994-11,1.5450777684965553,1.3876438732620322
1994-12,1.5624863804396016,1.4008819958129521
1995-01,1.530188298873648,1.3757992036779212
1995-02,1.5718589695574507,1.4167636249674311
1995-03,1.5504060886400763,1.438178007158814
1995-04,1.6852456444577173,1.5134019078232557
1995-05,1.7149982550616556,1.5452136159257006
1995-06,1.7724237466336414,1.5615542499141148
1995-07,1.8825849465547697,1.6383124490686432
1995-08,1.8467055668805021,1.5836665373299585
1995-09,1.975960886424485,1.6223951025003625
1995-10,1.913791511335038,1.6007685757840326
1995-11,1.9205380820771398,1.610661325582378
1995-12,1.863741369196512,1.6507345793628676
1996-01,1.853169518153717,1.684855263118298
1996-02,1.9212240800920486,1.7243061491042129
1996-03,1.9772954623038397,1.7373850112451683
1996-04,2.0045256455275666,1.7755553599422247
1996-05,2.023251733200881,1.7954770910807765
1996-06,2.0259908306663523,1.7981254197901204
1996-07,1.9526789053223828,1.7580721760642954
1996-08,2.0329228501659595,1.7942533014476987
1996-09,2.0888359730135244,1.8453267216734073
1996-10,2.148207654153145,1.8761713578261783
1996-11,2.2804114220578073,1.9711525328161283
1996-12,2.304480621662527,2.00216861791999
1997-01,2.3437138555604693,2.0217398161601583
1997-02,2.330549996071738,2.021092859418987
1997-03,2.376340864351698,2.0333811040042544
1997-04,2.303853415261869,2.0172157242274205
1997-05,2.4323053109663224,2.138117548658991
1997-06,2.554908555767141,2.233520353680155
1997-07,2.6210648712609266,2.302994004281376
1997-08,2.489764498724304,2.1571569089602582
1997-09,2.7845075624918563,2.340116172193723
1997-10,2.5944118831125014,2.16661995918728
1997-11,2.6138366155116337,2.1592426182262474
1997-12,2.6790941583281382,2.1885543367686684
1998-01,2.8250792747745614,2.2228489832258336
1998-02,3.0490596313337597,2.4236611603704556
1998-03,3.3803994895376417,2.5460924038865693
1998-04,3.4430978514983517,2.5871863352852986
1998-05,3.468729255647149,2.569101902801654
1998-06,3.465551238938642,2.520648640914815
1998-07,3.6931735950996165,2.5623275661923413
1998-08,3.170950055482066,2.183090274758044
1998-09,3.140970987671808,2.183963510867947
1998-10,3.3897553340015296,2.433000870012219
1998-11,3.6112451758636035,2.5416343588582646
1998-12,3.972522741459798,2.6403133128409366
1999-01,3.9615907372107997,2.654267368699301
1999-02,3.808944986690729,2.5757010545858017
1999-03,3.9068439417653154,2.6531652638024696
1999-04,3.909919186068048,2.8194258650586512
1999-05,3.6968378997587346,2.676058059820419
1999-06,4.062363627296879,2.7689038942058883
1999-07,4.0907305321686325,2.827078565023154
1999-08,4.070693744428686,2.841369447169346
1999-09,4.065917463768557,2.82675060136366
1999-10,4.366750824610446,2.8942110044652036
1999-11,4.790065728953338,3.0267369263596655
1999-12,5.5054643265562,3.3466478857912505
2000-01,5.185266521323691,3.1140223912499008
2000-02,5.214029935469833,3.2212693224045474
2000-03,5.325816254414908,3.298885806727885
2000-04,5.1658845283978065,3.14758240920231
2000-05,4.86980800651522,3.0728902786319394
2000-06,4.977004075519588,3.231051941273125
2000-07,4.7848656481831835,3.170017370102476
2000-08,4.847900556829368,3.197311219659058
2000-09,4.440157492138898,3.055366588062294
2000-10,4.265253345441415,2.9574420889148976
2000-11,4.1372855897130645,2.894714742209013
2000-12,4.317529391632906,3.0613345227705637
2001-01,4.4678184778228935,3.1201886789708277
2001-02,4.215805857749772,2.9068301771028024
2001-03,3.82615899758395,2.659226382617186
2001-04,3.989160658802927,2.8471805033405686
2001-05,3.8733705216803878,2.7437424356542057
2001-06,3.83128911765556,2.675738779386516
2001-07,3.7970045533227106,2.669758503214587
2001-08,3.757287885694955,2.607873501110073
2001-09,3.3739801107046006,2.3096240481556194
2001-10,3.469992338054884,2.3976091762701075
2001-11,3.6617755098245697,2.5347524211527577
2001-12,3.7321042677473097,2.596777812898366
2002-01,3.741198161813054,2.511252935630558
2002-02,3.706843273550005,2.5155471781504866
2002-03,3.8384203232898573,2.6454500344301777
2002-04,3.7949346766653864,2.640132679860973
2002-05,3.8731663514689676,2.6835232604544883
2002-06,3.834154344485029,2.6064658900305377
2002-07,3.5426235060082183,2.356127873622555
2002-08,3.59748862233484,2.3733040458212633
2002-09,3.4092080594705756,2.1166074802252353
2002-10,3.5798161947933487,2.283184488918961
2002-11,3.651294896157101,2.3997981366904972
2002-12,3.766701895553495,2.352666101285896
2003-01,3.8772474215177133,2.317293766453062
2003-02,3.779987593103089,2.257426481996747
2003-03,3.839826596696003,2.2432159822925777
2003-04,4.129632937859494,2.480178102582054
2003-05,4.388104696948244,2.6501695097330282
2003-06,4.49172665500618,2.7020730795811496
2003-07,4.4587317143489775,2.7573169636931865
2003-08,4.483161317732454,2.82387859519674
2003-09,4.6417499470891554,2.909851579027505
2003-10,5.016427582103956,3.099792140848525
2003-11,5.234343585045591,3.2077114042321666
2003-12,5.63053603608682,3.4424517247938766
2004-01,5.786906746639495,3.5623867428856952
2004-02,6.002030871441,3.6674415279333945
2004-03,5.835457366098879,3.615657253558975
2004-04,5.741328659994482,3.518251447148096
2004-05,5.750965890245188,3.5334151108853047
2004-06,5.972279489032937,3.6282696395370206
2004-07,5.888900779480809,3.5639767015244246
2004-08,5.959777906719561,3.6036794019794063
2004-09,6.397148979356833,3.7905301789720385
2004-10,6.701339505848087,3.9349304261399785
2004-11,7.3932783387393055,4.2600343779476635
2004-12,7.741452459971669,4.443002854480516
2005-01,7.606279327208697,4.368493696610877
2005-02,8.235387446286579,4.600744663991194
2005-03,7.92266233365959,4.472774951162279
2005-04,7.651729918026528,4.3591664674027575
2005-05,7.680037675042313,4.376385174948998
2005-06,8.115177638227818,4.522753377125167
2005-07,8.500965454408561,4.712211516092941
2005-08,8.923839908819934,4.820026915581147
2005-09,9.146799924218012,4.940310687259475
2005-10,8.61143336903452,4.757025160762149
2005-11,8.830418018926512,4.8680303428885345
2005-12,9.243265291077096,5.094418093984566
2006-01,10.137229894481067,5.421530679799315
2006-02,10.114030119779697,5.444897477029251
2006-03,10.645801742453619,5.6620672129005625
2006-04,11.246022183551958,5.9537769157091995
2006-05,10.543204704815208,5.659719873842322
2006-06,10.483997079537167,5.643561373602502
2006-07,10.630468503497424,5.712638564815396
2006-08,10.690312979044256,5.8955286884679605
2006-09,10.545652681936874,5.961853386213225
2006-10,10.941476222744315,6.258485401444264
2006-11,11.394442917912384,6.53263835445453
2006-12,12.067968438790185,6.83748392326515
2007-01,12.316959360940615,6.918610670014691
2007-02,12.339475935696163,6.913767642545681
2007-03,12.992216584871725,7.197646941948607
2007-04,13.593304578555719,7.604062076525735
2007-05,13.9123135450057,7.79173032857439
2007-06,13.867847140951378,7.81249528990004
2007-07,14.02726134570498,7.72495628017671
2007-08,13.23282405956685,7.561418955725369
2007-09,14.31671837694118,8.117107634781627
2007-10,14.938595718325859,8.475964963315324
2007-11,14.118786926155162,8.06500780206898
2007-12,13.865892559380244,7.943266509296748
2008-01,12.504803340139519,7.220746987611116
2008-02,12.859272832154675,7.4470090944679095
2008-03,12.348226959415088,7.387730902075945
2008-04,12.913287705185999,7.736579555271971
2008-05,13.277436269287623,7.871002625044821
2008-06,12.333126034049789,7.161589158449531
2008-07,11.70838272541926,6.842110666091097
2008-08,11.181371692687101,6.525799889997706
2008-09,9.183846262102104,5.421732435608445
2008-10,7.017053307622982,4.127402251255641
2008-11,6.549804435138148,3.812584644541117
2008-12,7.160866880437115,4.069571912506411
2009-01,6.631931153281933,3.7191410751204836
2009-02,5.889881218478763,3.3624754460164294
2009-03,6.209003397011969,3.641779468939784
2009-04,6.9290023875977615,4.165831534520219
2009-05,7.904477242298614,4.787977645043141
2009-06,7.918686481150841,4.734208656089307
2009-07,8.775307359863222,5.204173549379292
2009-08,8.83172840746935,5.489518385091759
2009-09,9.227671614316026,5.82882551647428
2009-10,9.305948634381467,5.706565901266233
2009-11,9.545563517504455,5.857390438036699
2009-12,9.724751926753761,5.9239011064606055
2010-01,9.214693319029777,5.69014396879967
2010-02,9.347534093096591,5.631535485921034
2010-03,9.98347799589693,6.000964213797454
2010-04,10.251586674495313,6.014586402562775
2010-05,9.135623357649454,5.28736276062891
2010-06,9.136136692676217,5.215718995222389
2010-07,10.026827359927786,5.778912332326502
2010-08,9.740303606098307,5.5441440188257385
2010-09,10.743443559770935,6.2023447967407295
2010-10,11.069604274394571,6.486908376015194
2010-11,10.829541456363868,6.075119432305749
2010-12,11.565568662983386,6.6491878430614815
2011-01,11.728637673717804,6.823795515820276
2011-02,11.904070167988827,6.975249657293906
2011-03,12.162088054577564,7.034539279380904
2011-04,12.872018091675766,7.505712720313837
2011-05,12.420185738528248,7.2782145677611245
2011-06,12.036354684214436,7.1117981916692665
2011-07,11.653696042413385,6.937345782027619
2011-08,10.599325118286501,6.340387177484143
2011-09,9.271956491830457,5.576402224533191
2011-10,10.170042612846531,6.131282127885366
2011-11,9.696137998597623,5.832964595953103
2011-12,9.634858406446485,5.728700353800442
2012-01,10.316749452065391,6.122863581643681
2012-02,11.62148419157893,6.598579467619488
2012-03,11.269563514097555,6.542755485323427
2012-04,10.970302938210104,6.397375458439541
2012-05,9.771024197051194,5.61753539005576
2012-06,10.253177712489018,5.989247706815751
2012-07,10.396644081014626,6.038838677828186
2012-08,10.732663617713017,6.2679522172649875
2012-09,11.145467414411254,6.532021044178362
2012-10,11.052816736004884,6.612005641864326
2012-11,11.273394115333087,6.755519224320992
2012-12,11.576600102489337,6.981119788817192
2013-01,12.124581224674028,7.442467090061175
2013-02,12.062757407648403,7.3290438916086424
2013-03,12.224116892571379,7.311564121927156
2013-04,12.62713438450337,7.601650428464615
2013-05,12.235067874785674,7.533121549852007
2013-06,11.601198139307016,7.162077647914046
2013-07,12.411972730982784,7.621596549804211
2013-08,12.570680488969618,7.581087764142002
2013-09,13.588295032666693,8.145689275376478
2013-10,14.274406872566127,8.494528418594475
2013-11,14.954874645517961,8.573867314024147
2013-12,15.057322658208637,8.692743984333092
2014-01,15.213345201562266,8.494201711730923
2014-02,16.555314381792073,9.068452218452492
2014-03,16.75982769878848,9.109214911174435
2014-04,16.495844450791896,9.206501326425778
2014-05,16.298412758207988,9.288439188230967
2014-06,16.063187856362383,9.326707557686477
2014-07,15.638959065075852,9.099835396345753
2014-08,15.446056228569823,9.0763123218462
2014-09,15.01702362865912,8.740080331883407
2014-10,14.64867749193901,8.606531904412229
2014-11,14.814144767551525,8.628779789385135
2014-12,14.40978915894388,8.343080890558593
2015-01,14.380111855080818,8.280424353070497
2015-02,14.94160044164323,8.755223885475559
2015-03,14.884359881856078,8.655633213778273
2015-04,15.643526025944515,9.067727911086257
2015-05,15.65895352232534,8.95973127166522
2015-06,15.230666230200674,8.70276617879386
2015-07,15.234800268177441,8.784050014903794
2015-08,14.362753046160169,8.239087551979162
2015-09,13.785459285985292,7.932552299607777
2015-10,14.568433986402724,8.427464237580306
2015-11,14.770921344114688,8.323469328888565
2015-12,14.520638632596768,8.240151400906392
2016-01,13.74282333776716,7.694158969082334
2016-02,13.393853788011715,7.657034652056512
2016-03,14.398660699188355,8.29892386693841
2016-04,14.660469489730167,8.510089984732657
2016-05,14.74736418674858,8.421329746191894
2016-06,14.581884715464513,8.140478399156395
2016-07,15.22854269631298,8.527191825508318
2016-08,15.293126220719342,8.576393722341502
2016-09,15.595303829958642,8.70070854934684
2016-10,14.942632938339715,8.472010425127259
2016-11,14.664493615041257,8.28037354931088
2016-12,14.799560584327983,8.535740269571628
2017-01,15.607595450002886,8.870298609437489
2017-02,15.598268053674433,8.929330446683297
2017-03,15.772723540234741,9.217346000241065
2017-04,16.214945643378524,9.555806945369918
2017-05,16.654239406468395,9.96178540344396
2017-06,16.71881027182433,9.999341334414945
2017-07,17.493026530159618,10.434512669288683
2017-08,17.53361035170959,10.461590229665486
2017-09,17.807869414963378,10.65193886389425
2017-10,17.984150362295882,10.726715474718787
2017-11,18.052413058742484,10.739909334752692
2017-12,18.301691093922205,10.945363800326513
2018-01,19.730164229075825,11.535428362802117
2018-02,18.745196849495162,11.050478954429916
2018-03,18.741233579304126,10.957489174028389
2018-04,19.225319642657553,11.125303120728633
2018-05,18.486975819238346,10.926994592601645
2018-06,18.36147566339117,10.816522677270443
2018-07,18.648789039724047,11.063626137832687
2018-08,18.486366967563782,10.846889701792545
2018-09,18.897715041687746,10.865763289873664
2018-10,17.282140383861936,9.936142911608522
2018-11,17.14542219424427,9.94891085524994
2018-12,16.48817284564481,9.504741730117306
2019-01,17.49741390552673,10.148735506041405
2019-02,17.857385702174575,10.416205430303124
2019-03,18.097669582072836,10.50812844322555
2019-04,18.37568425860506,10.834773615883217
2019-05,18.134604031457997,10.311833267312613
2019-06,19.28027059443395,10.900071796046461
2019-07,19.177010973778906,10.715588080898375
2019-08,18.608631764246063,10.421338032196905
2019-09,18.833246810893733,10.653473336864092
2019-10,19.194226342981967,10.97350367590349
2019-11,19.60847430789465,11.146665563909247
2019-12,20.268971758903003,11.603177252079151
2020-01,20.095662398473067,11.347095130125764
2020-02,18.47252617718535,10.409654865950424
2020-03,16.446230798604706,8.697735074970547
2020-04,17.740776277070687,9.411253771845756
2020-05,18.76754482407791,9.89245117720023
2020-06,19.353976978273703,10.293738459203357
2020-07,20.104634799645318,10.749236386023105
2020-08,21.050021743373975,11.323030624309018
2020-09,20.889520339490687,10.988887990585658
2020-10,20.097210675185718,10.625925020256613
2020-11,22.867907839870036,12.364804520196508
2020-12,24.20190179896889,13.048516386140774
2021-01,24.050017578107646,12.962657148319968
2021-02,24.50093250291852,13.244400501438703
2021-03,25.225786757462007,13.604979305090373
2021-04,26.5808199238376,14.236318369743092
2021-05,27.388623698856318,14.751673094727792
2021-06,26.84790705603209,14.510188206167099
2021-07,27.319637567724218,14.664213853975562
2021-08,27.704337092731443,14.969742749623142
2021-09,26.519923911851283,14.387270059235306
2021-10,27.675523282042604,14.943481919725341
2021-11,26.257363574967687,14.174266187907481
2021-12,27.48083168249654,14.791130252405214
2022-01,26.073930875345642,13.969778789489153
2022-02,25.02239407545807,13.624166462237191
2022-03,25.233261364959684,13.706660790166037
2022-04,23.560908944238864,12.91201713085616
2022-05,23.892433372045204,13.029903847260877
2022-06,21.146942475914265,11.774277163019583
2022-07,22.506217588402997,12.347095747000488
2022-08,21.76322304233099,11.763818943912185
2022-09,19.005936680702636,10.577378984323921
2022-10,20.45254187459318,11.178808753372579
2022-11,22.867071575251106,12.537425275213714
2022-12,22.260386388196288,12.529902820048585
2023-01,23.6317851924691,13.459934856866692
2023-02,23.20419617248898,13.217117632048817
2023-03,23.59312059957435,13.436125271211866
2023-04,24.262581013996936,13.738908354198625
2023-05,23.404540613241938,13.048528209400143
2023-06,24.514651409586023,13.605308908095246
2023-07,25.406739574380858,14.058433721279357
2023-08,24.634495675793843,13.482529983887147
2023-09,23.30091311774086,13.002417091160925
2023-10,22.615588880256446,12.479979972438079
2023-11,24.7662667668006,13.597312579370458
2023-12,26.09787817008928,14.404653013770579
2024-01,26.10245151254956,14.198450405878454
2024-02,26.973316303179924,14.372239438846407
2024-03,27.928415744602855,14.833516463636181
2024-04,27.381643860551495,14.578083310132365
2024-05,28.311094203080874,15.326157655191809
2024-06,27.579805158341866,14.991511002790695
2024-07,27.73762731005034,15.333167538544297
2024-08,28.646800691304,15.871208387471818
2024-09,28.38241800359059,16.191330660647125
2024-10,26.358670507311714,15.390993186091338
2024-11,26.129990213038997,15.268326970398189
2024-12,25.297526053409022,14.836156975501067
2025-01,26.212224363295405,15.462168619082334
2025-02,26.92670718938083,15.870988357370871
2025-03,27.386410192311157,15.9396303820165
2025-04,28.76102540789723,16.601443835477824
2025-05,30.61497480141667,17.586407498236724
2025-06,31.642048891766482,18.224354430235262
2025-07,31.511337094558826,17.9174563016301
2025-08,32.7202920502895,18.674648004936987
2025-09,33.497336662118066,18.99921338726279
2025-10,33.81144597333255,19.134487786580102
2025-11,35.26480682746342,19.406388858027405
2025-12,37.1948832906608,20.091725480548643
