Month,Strategy,Equal weight
1992-01,0.01824761904761905,0.007614999999999999
1992-02,0.01579333333333333,-0.0038150000000000002
1992-03,-0.01272333333333333,-0.028030000000000006
1992-04,0.038335238095238096,0.018555
1992-05,0.06854190476190478,0.051519999999999996
1992-06,-0.012314285714285715,-0.018224999999999998
1992-07,-0.0369052380952381,-0.026225
1992-08,-0.0074485714285714285,-0.02357
1992-09,0.00076142857142857,-0.032455000000000005
1992-10,-0.02721238095238095,-0.03226
1992-11,-0.025247619047619047,0.009764999999999998
1992-12,0.0013180952380952365,0.0018550000000000003
1993-01,0.016263333333333335,0.017929999999999995
1993-02,0.037356666666666656,0.024285
1993-03,0.03502238095238095,0.055580000000000004
1993-04,0.057543809523809525,0.05239000000000001
1993-05,0.05556952380952381,0.023204999999999996
1993-06,-0.02945333333333333,-0.032535
1993-07,0.026196190476190474,0.024255
1993-08,0.07471095238095236,0.083265
1993-09,-0.02177666666666667,-0.005984999999999999
1993-10,0.07730380952380954,0.06555000000000001
1993-11,-0.0847504761904762,-0.042249999999999996
1993-12,0.14691285714285712,0.09485
1994-01,0.10474952380952382,0.08969999999999999
1994-02,-0.05301190476190475,-0.031509999999999996
1994-03,-0.06957142857142856,-0.03615500000000001
1994-04,0.04319857142857144,0.041065000000000004
1994-05,-0.001962380952380956,-0.013770000000000001
1994-06,-0.03793476190476191,-0.016349999999999996
1994-07,0.057895238095238104,0.04820500000000001
1994-08,0.04934476190476189,0.024194999999999998
1994-09,-0.007722380952380952,-0.022305000000000002
1994-10,0.05332476190476191,0.03371
1994-11,-0.06836095238095238,-0.046405
1994-12,0.011267142857142861,0.009540000000000002
1995-01,-0.020670952380952387,-0.017905000000000004
1995-02,0.027232380952380945,0.029774999999999996
1995-03,-0.013648095238095237,0.015115
1995-04,0.08697047619047618,0.05230499999999999
1995-05,0.017654761904761906,0.021020000000000004
1995-06,0.0334842857142857,0.010574999999999998
1995-07,0.06215285714285714,0.049155000000000004
1995-08,-0.019058571428571428,-0.033355
1995-09,0.06999238095238094,0.024455
1995-10,-0.03146285714285713,-0.013330000000000003
1995-11,0.0035252380952380956,0.00618
1995-12,-0.029573333333333333,0.024879999999999996
1996-01,-0.005672380952380953,0.02067
1996-02,0.03672333333333333,0.023415000000000002
1996-03,0.029185238095238094,0.007585
1996-04,0.01377142857142857,0.02197
1996-05,0.00934190476190476,0.01122
1996-06,0.0013538095238095232,0.001475
1996-07,-0.036185714285714286,-0.022274999999999996
1996-08,0.041094285714285715,0.020579999999999998
1996-09,0.027503809523809517,0.028465
1996-10,0.028423333333333335,0.016715
1996-11,0.061541428571428566,0.050624999999999996
1996-12,0.010554761904761905,0.015735000000000002
1997-01,0.017024761904761904,0.009774999999999997
1997-02,-0.0056166666666666665,-0.00031999999999999927
1997-03,0.019648095238095235,0.00608
1997-04,-0.030503809523809523,-0.007950000000000002
1997-05,0.05575523809523809,0.05993499999999998
1997-06,0.05040619047619048,0.044619999999999986
1997-07,0.025893809523809524,0.031104999999999987
1997-08,-0.05009428571428571,-0.063325
1997-09,0.11838190476190477,0.084815
1997-10,-0.06826904761904763,-0.07414000000000001
1997-11,0.007487142857142861,-0.003404999999999999
1997-12,0.02496619047619047,0.013575
1998-01,0.05449047619047618,0.01567
1998-02,0.07928285714285714,0.09034
1998-03,0.10866952380952381,0.05051500000000001
1998-04,0.018547619047619052,0.01614
1998-05,0.0074442857142857114,-0.006989999999999998
1998-06,-0.0009161904761904763,-0.01886
1998-07,0.06568142857142857,0.016535
1998-08,-0.14140238095238097,-0.148005
1998-09,-0.00945428571428571,0.0004000000000000014
1998-10,0.07920619047619047,0.11403
1998-11,0.0653409523809524,0.044649999999999995
1998-12,0.10004238095238097,0.03882499999999999
1999-01,-0.002751904761904761,0.005284999999999999
1999-02,-0.038531428571428564,-0.029599999999999998
1999-03,0.025702380952380952,0.030075000000000008
1999-04,0.000787142857142858,0.062665
1999-05,-0.054497619047619045,-0.05084999999999999
1999-06,0.09887523809523809,0.034695
1999-07,0.006982857142857144,0.021009999999999997
1999-08,-0.004898095238095237,0.005054999999999999
1999-09,-0.0011733333333333333,-0.005145
1999-10,0.07398904761904762,0.023865
1999-11,0.0969404761904762,0.045790000000000004
1999-12,0.14935047619047617,0.10569500000000001
2000-01,-0.058159999999999996,-0.06951
2000-02,0.005547142857142858,0.034440000000000005
2000-03,0.021439523809523815,0.024095
2000-04,-0.030029523809523805,-0.04586499999999999
2000-05,-0.057313809523809524,-0.023729999999999998
2000-06,0.022012380952380953,0.05147
2000-07,-0.03860523809523809,-0.018889999999999997
2000-08,0.013173809523809523,0.00861
2000-09,-0.08410714285714285,-0.044395000000000004
2000-10,-0.03939142857142858,-0.032049999999999995
2000-11,-0.03000238095238095,-0.02121
2000-12,0.04356571428571428,0.05756
2001-01,0.034809047619047614,0.019225000000000003
2001-02,-0.05640619047619048,-0.06838
2001-03,-0.09242523809523807,-0.08518
2001-04,0.04260190476190476,0.07067999999999999
2001-05,-0.02902619047619048,-0.03633
2001-06,-0.010864285714285717,-0.024784999999999998
2001-07,-0.008948571428571429,-0.002235000000000001
2001-08,-0.01046,-0.02318
2001-09,-0.10201714285714283,-0.11436500000000001
2001-10,0.028456666666666665,0.038095
2001-11,0.05526904761904762,0.057199999999999994
2001-12,0.019206190476190477,0.02447
2002-01,0.002436666666666664,-0.032935
2002-02,-0.009182857142857144,0.001709999999999999
2002-03,0.03549571428571428,0.051640000000000005
2002-04,-0.011329047619047619,-0.0020099999999999988
2002-05,0.020614761904761907,0.016434999999999998
2002-06,-0.010072380952380952,-0.028715000000000008
2002-07,-0.07603523809523807,-0.09604499999999996
2002-08,0.015487142857142854,0.0072900000000000005
2002-09,-0.05233666666666667,-0.10815999999999999
2002-10,0.05004333333333333,0.07870000000000002
2002-11,0.019967142857142857,0.051074999999999995
2002-12,0.03160714285714287,-0.019639999999999998
2003-01,0.029348095238095243,-0.015034999999999998
2003-02,-0.025084761904761905,-0.025835000000000004
2003-03,0.015830476190476186,-0.006295
2003-04,0.07547380952380953,0.10563499999999999
2003-05,0.06258952380952382,0.06854000000000002
2003-06,0.023614285714285716,0.019585
2003-07,-0.007345714285714285,0.020445
2003-08,0.0054790476190476195,0.02414
2003-09,0.03537428571428571,0.030445
2003-10,0.08071904761904761,0.06527500000000001
2003-11,0.04344047619047618,0.034815
2003-12,0.07569095238095241,0.07318000000000001
2004-01,0.02777190476190476,0.03484
2004-02,0.03717428571428572,0.02949
2004-03,-0.027752857142857145,-0.014119999999999997
2004-04,-0.01613047619047619,-0.02694
2004-05,0.0016785714285714303,0.0043100000000000005
2004-06,0.03848285714285714,0.02684499999999999
2004-07,-0.013960952380952381,-0.01772
2004-08,0.012035714285714285,0.01114
2004-09,0.07338714285714287,0.05184999999999999
2004-10,0.04755095238095238,0.038095000000000004
2004-11,0.10325380952380951,0.08262
2004-12,0.047093333333333334,0.04295
2005-01,-0.017460952380952383,-0.01677
2005-02,0.0827090476190476,0.053165
2005-03,-0.03797333333333333,-0.027815
2005-04,-0.034197142857142857,-0.0254
2005-05,0.003699523809523809,0.0039499999999999995
2005-06,0.056658571428571426,0.033444999999999996
2005-07,0.04753904761904762,0.04189
2005-08,0.04974428571428571,0.02288
2005-09,0.024984761904761905,0.024954999999999998
2005-10,-0.058530476190476195,-0.0371
2005-11,0.0254295238095238,0.023335
2005-12,0.04675285714285715,0.046505
2006-01,0.0967152380952381,0.06420999999999999
2006-02,-0.002288571428571428,0.00431
2006-03,0.05257761904761905,0.039885000000000004
2006-04,0.05638095238095238,0.05152000000000001
2006-05,-0.06249476190476191,-0.04938999999999999
2006-06,-0.0056157142857142855,-0.0028549999999999995
2006-07,0.013970952380952379,0.012240000000000001
2006-08,0.005629523809523808,0.032014999999999995
2006-09,-0.013531904761904759,0.01125
2006-10,0.037534285714285714,0.04975500000000001
2006-11,0.04139904761904762,0.043805000000000004
2006-12,0.05911,0.046665
2007-01,0.020632380952380954,0.011864999999999999
2007-02,0.0018280952380952376,-0.0007000000000000011
2007-03,0.05289857142857142,0.04106
2007-04,0.04626523809523809,0.05646499999999999
2007-05,0.02346809523809524,0.024679999999999994
2007-06,-0.0031961904761904753,0.0026650000000000016
2007-07,0.011495238095238098,-0.011205000000000001
2007-08,-0.05663523809523809,-0.02117
2007-09,0.08190952380952381,0.07349
2007-10,0.043437142857142855,0.044210000000000006
2007-11,-0.05487857142857142,-0.048485
2007-12,-0.017911904761904764,-0.015094999999999997
2008-01,-0.09816095238095239,-0.09096000000000001
2008-02,0.028346666666666666,0.031335
2008-03,-0.03974142857142856,-0.007959999999999998
2008-04,0.04576047619047619,0.047220000000000005
2008-05,0.028199523809523806,0.017375
2008-06,-0.07112142857142859,-0.09013000000000002
2008-07,-0.050655714285714276,-0.04461
2008-08,-0.04501142857142856,-0.04623
2008-09,-0.17864761904761906,-0.16918499999999997
2008-10,-0.2359352380952381,-0.23873000000000003
2008-11,-0.06658761904761905,-0.076275
2008-12,0.09329476190476191,0.067405
2009-01,-0.0738647619047619,-0.08610999999999999
2009-02,-0.1118904761904762,-0.09590000000000001
2009-03,0.05418142857142857,0.08306500000000003
2009-04,0.11596047619047618,0.14390000000000003
2009-05,0.14078142857142856,0.14934500000000003
2009-06,0.0017976190476190475,-0.011229999999999999
2009-07,0.10817714285714286,0.09927
2009-08,0.00642952380952381,0.054830000000000004
2009-09,0.04483190476190476,0.061809999999999976
2009-10,0.008482857142857141,-0.020974999999999997
2009-11,0.025748571428571426,0.026430000000000002
2009-12,0.01877190476190476,0.011354999999999999
2010-01,-0.05244952380952382,-0.03946
2010-02,0.014416190476190478,-0.0103
2010-03,0.06803333333333333,0.0656
2010-04,0.0268552380952381,0.0022700000000000003
2010-05,-0.10885761904761906,-0.12091
2010-06,5.619047619047623e-05,-0.013550000000000001
2010-07,0.09749095238095239,0.10797999999999999
2010-08,-0.028575714285714288,-0.040625
2010-09,0.1029885714285714,0.11872
2010-10,0.030359047619047615,0.04588
2010-11,-0.021686666666666667,-0.06348000000000001
2010-12,0.0679647619047619,0.094495
2011-01,0.01409952380952381,0.02626
2011-02,0.014957619047619044,0.022195
2011-03,0.02167476190476191,0.008499999999999999
2011-04,0.058372380952380946,0.06698000000000001
2011-05,-0.03510190476190477,-0.030310000000000004
2011-06,-0.030903809523809524,-0.022865
2011-07,-0.031791904761904764,-0.024530000000000003
2011-08,-0.0904752380952381,-0.08605000000000002
2011-09,-0.12523142857142858,-0.12049499999999999
2011-10,0.09686047619047619,0.09950500000000001
2011-11,-0.04659809523809524,-0.048655000000000004
2011-12,-0.006320000000000002,-0.017875000000000005
2012-01,0.07077333333333334,0.068805
2012-02,0.12646761904761905,0.077695
2012-03,-0.030281904761904763,-0.008459999999999999
2012-04,-0.0265547619047619,-0.022219999999999997
2012-05,-0.1093204761904762,-0.12190000000000001
2012-06,0.049345238095238095,0.06616999999999999
2012-07,0.013992380952380949,0.00828
2012-08,0.03232,0.03794
2012-09,0.038462380952380956,0.042129999999999994
2012-10,-0.008312857142857143,0.012244999999999999
2012-11,0.019956666666666675,0.021704999999999995
2012-12,0.026895714285714283,0.033394999999999994
2013-01,0.0473352380952381,0.066085
2013-02,-0.005099047619047618,-0.015239999999999998
2013-03,0.013376666666666669,-0.0023849999999999987
2013-04,0.03296904761904762,0.03967499999999999
2013-05,-0.031049523809523808,-0.009014999999999999
2013-06,-0.05180761904761905,-0.049255
2013-07,0.06988714285714287,0.06416
2013-08,0.012786666666666667,-0.005315
2013-09,0.08095142857142856,0.07447500000000001
2013-10,0.05049285714285714,0.042824999999999995
2013-11,0.04767047619047617,0.00934
2013-12,0.006850476190476189,0.013864999999999999
2014-01,0.010361904761904765,-0.022839999999999996
2014-02,0.08821,0.067605
2014-03,0.012353333333333334,0.004495000000000001
2014-04,-0.015750952380952386,0.010679999999999999
2014-05,-0.011968571428571429,0.008900000000000002
2014-06,-0.014432380952380952,0.004119999999999998
2014-07,-0.026410000000000003,-0.024325000000000006
2014-08,-0.012334761904761902,-0.0025849999999999996
2014-09,-0.027776190476190475,-0.03704500000000001
2014-10,-0.024528571428571434,-0.015279999999999998
2014-11,0.011295714285714284,0.002585000000000001
2014-12,-0.027295238095238098,-0.03311
2015-01,-0.0020595238095238114,-0.00751
2015-02,0.03904619047619048,0.05733999999999999
2015-03,-0.0038309523809523793,-0.011375000000000001
2015-04,0.05100428571428571,0.047610000000000006
2015-05,0.0009861904761904764,-0.01191
2015-06,-0.027350952380952382,-0.02868
2015-07,0.00027142857142857025,0.009340000000000001
2015-08,-0.057240476190476196,-0.062040000000000005
2015-09,-0.040193809523809514,-0.037205
2015-10,0.05679714285714286,0.06238999999999999
2015-11,0.013899047619047618,-0.01234
2015-12,-0.01694428571428571,-0.01001
2016-01,-0.05356619047619047,-0.06626
2016-02,-0.025392857142857148,-0.004825
2016-03,0.07501999999999999,0.08382999999999999
2016-04,0.01818285714285714,0.025444999999999995
2016-05,0.005927142857142859,-0.010430000000000002
2016-06,-0.011220952380952382,-0.033350000000000005
2016-07,0.04434666666666666,0.047505
2016-08,0.004240952380952381,0.00577
2016-09,0.019759047619047617,0.014495
2016-10,-0.04185047619047618,-0.026284999999999996
2016-11,-0.018613809523809526,-0.022619999999999998
2016-12,0.00921047619047619,0.03084
2017-01,0.054598571428571434,0.039195
2017-02,-0.0005976190476190485,0.0066549999999999995
2017-03,0.011184285714285716,0.03225499999999999
2017-04,0.028037142857142847,0.036719999999999996
2017-05,0.02709190476190475,0.042484999999999995
2017-06,0.003877142857142857,0.0037700000000000003
2017-07,0.046308095238095245,0.04352
2017-08,0.0023199999999999996,0.0025949999999999992
2017-09,0.015641904761904763,0.018194999999999996
2017-10,0.009899047619047618,0.007020000000000001
2017-11,0.0037957142857142855,0.0012299999999999998
2017-12,0.013808571428571429,0.01913
2018-01,0.07805142857142858,0.05391000000000001
2018-02,-0.04992190476190476,-0.04204000000000001
2018-03,-0.0002114285714285714,-0.008415
2018-04,0.02583,0.015315
2018-05,-0.03840476190476191,-0.017824999999999997
2018-06,-0.006788571428571431,-0.010110000000000003
2018-07,0.015647619047619046,0.022844999999999997
2018-08,-0.00870952380952381,-0.019589999999999996
2018-09,0.02225142857142857,0.0017400000000000007
2018-10,-0.0854904761904762,-0.08555500000000002
2018-11,-0.007910952380952378,0.0012850000000000003
2018-12,-0.03833380952380952,-0.04464499999999999
2019-01,0.06121,0.067755
2019-02,0.020572857142857143,0.026355
2019-03,0.013455714285714286,0.008825
2019-04,0.01536190476190476,0.031085
2019-05,-0.013119523809523808,-0.048265
2019-06,0.0631757142857143,0.05704500000000001
2019-07,-0.005355714285714285,-0.016925000000000003
2019-08,-0.029638571428571427,-0.027460000000000002
2019-09,0.01207047619047619,0.022275000000000003
2019-10,0.01916714285714286,0.030040000000000004
2019-11,0.02158190476190476,0.015780000000000002
2019-12,0.033684285714285715,0.040955000000000005
2020-01,-0.008550476190476192,-0.02207
2020-02,-0.08077047619047618,-0.08261500000000001
2020-03,-0.10969238095238094,-0.16445499999999996
2020-04,0.07871380952380952,0.08203500000000001
2020-05,0.057876190476190484,0.05113000000000002
2020-06,0.031247142857142852,0.040565
2020-07,0.03878571428571429,0.04425
2020-08,0.047023333333333334,0.05338
2020-09,-0.007624761904761905,-0.029509999999999998
2020-10,-0.03792857142857143,-0.03303
2020-11,0.13786476190476193,0.16364499999999998
2020-12,0.0583347619047619,0.055295
2021-01,-0.006275714285714289,-0.006580000000000001
2021-02,0.01874904761904762,0.021735
2021-03,0.029584761904761905,0.027225
2021-04,0.05371619047619049,0.046404999999999995
2021-05,0.030390476190476187,0.036199999999999996
2021-06,-0.019742380952380952,-0.016370000000000003
2021-07,0.017570476190476192,0.010615000000000001
2021-08,0.01408142857142857,0.020835
2021-09,-0.04275190476190477,-0.038909999999999986
2021-10,0.0435747619047619,0.03866
2021-11,-0.051242380952380956,-0.05147499999999999
2021-12,0.0465952380952381,0.043519999999999996
2022-01,-0.05119571428571429,-0.05553
2022-02,-0.040329047619047605,-0.024740000000000005
2022-03,0.008427142857142859,0.0060550000000000005
2022-04,-0.06627571428571427,-0.057975
2022-05,0.014070952380952382,0.009130000000000001
2022-06,-0.1149104761904762,-0.096365
2022-07,0.06427761904761904,0.04864999999999999
2022-08,-0.03301285714285715,-0.04724
2022-09,-0.12669476190476192,-0.100855
2022-10,0.07611333333333335,0.05686
2022-11,0.1180552380952381,0.12153500000000002
2022-12,-0.026530952380952388,-0.0006000000000000003
2023-01,0.06160714285714287,0.074225
2023-02,-0.018093809523809526,-0.01804
2023-03,0.016760952380952383,0.01657
2023-04,0.028375238095238096,0.022535
2023-05,-0.03536476190476191,-0.050249999999999996
2023-06,0.047431428571428576,0.04267000000000001
2023-07,0.03639,0.03330500000000001
2023-08,-0.030395238095238097,-0.040965
2023-09,-0.05413476190476191,-0.035609999999999996
2023-10,-0.029411904761904764,-0.040179999999999993
2023-11,0.09509714285714285,0.08952999999999998
2023-12,0.053767142857142854,0.05937499999999999
2024-01,0.00017523809523809457,-0.014315
2024-02,0.033363333333333335,0.01224
2024-03,0.035409047619047604,0.032095
2024-04,-0.01957761904761905,-0.017220000000000003
2024-05,0.03394428571428571,0.051314999999999986
2024-06,-0.025830476190476185,-0.021834999999999997
2024-07,0.005722380952380954,0.022789999999999998
2024-08,0.032777619047619055,0.035089999999999996
2024-09,-0.009229047619047612,0.02017
2024-10,-0.07130285714285715,-0.04943
2024-11,-0.008675714285714283,-0.00797
2024-12,-0.031858571428571424,-0.028305000000000004
2025-01,0.03615761904761905,0.042194999999999996
2025-02,0.027257619047619044,0.02644
2025-03,0.01707238095238095,0.004325000000000001
2025-04,0.05019333333333333,0.04152
2025-05,0.06446047619047619,0.059330000000000015
2025-06,0.03354809523809524,0.036275
2025-07,-0.004130952380952378,-0.01684
2025-08,0.03836571428571428,0.04226
2025-09,0.02374809523809524,0.01738
2025-10,0.009377142857142855,0.007120000000000001
2025-11,0.042984285714285704,0.014209999999999997
2025-12,0.054730952380952366,0.035315
