,SPDR S&P 500 ETF Trust (SPY),iShares Russell 2000 ETF (IWM) $,SPDR EURO STOXX 50 ETF (FEZ) $,iShares MSCI Emerging Markets ETF (EEM) $,iShares 20+ Year Treasury Bond ETF (TLT) $,iShares Core U.S. Aggregate Bond ETF (AGG) $,SPDR Bloomberg Barclays High Yield Bond ETF (JNK) $,iShares iBoxx $ Investment Grade Corporate Bond ETF (LQD) $,iShares Edge MSCI USA Momentum Factor ETF (MTUM) $,iShares Edge MSCI USA Size Factor ETF (SIZE) $,iShares Edge MSCI USA Value Factor ETF (VLUE) $,iShares Edge MSCI Min Vol USA ETF (USMV) $,iShares Core U.S. REIT ETF (USRT) $,IQ Hedge Multi-Strategy Tracker ETF (QAI) $,iShares Global Infrastructure ETF (IGF) $,Invesco Global Listed Private Equity ETF (PSP) $
200001,139.625,,,,,,,,,,,,,,,
200002,137.4375,,,,,,,,,,,,,,,
200003,150.375,,,,,,,,,,,,,,,
200004,145.09375,,,,,,,,,,,,,,,
200005,142.8125,,,,,,,,,,,,,,,
200006,145.28125,51.68,,,,,,,,,,,,,,
200007,142.90625,50.25,,,,,,,,,,,,,,
200008,152.34375,53.75,,,,,,,,,,,,,,
200009,143.625,51.81,,,,,,,,,,,,,,
200010,142.95313,49.5,,,,,,,,,,,,,,
200011,132.28125,44.56,,,,,,,,,,,,,,
200012,131.1875,47.88,,,,,,,,,,,,,,
200101,137.02,50.45,,,,,,,,,,,,,,
200102,123.95,47.08,,,,,,,,,,,,,,
200103,116.69,44.8,,,,,,,,,,,,,,
200104,124.91,48.5,,,,,,,,,,,,,,
200105,125.95,49.55,,,,,,,,,,,,,,
200106,122.6,50.95,,,,,,,,,,,,,,
200107,121.35,48.12,,,,,,,,,,,,,,
200108,114.15,46.95,,,,,,,,,,,,,,
200109,104.44,40.1,,,,,,,,,,,,,,
200110,105.8,42.55,,,,,,,,,,,,,,
200111,114.05,45.8,,,,,,,,,,,,,,
200112,114.3,48.17,,,,,,,,,,,,,,
200201,113.18,48.1,,,,,,,,,,,,,,
200202,111.15,46.6,,,,,,,,,,,,,,
200203,114.52,50.05,,,,,,,,,,,,,,
200204,107.86,50.65,,,,,,,,,,,,,,
200205,107.22,48.25,,,,,,,,,,,,,,
200206,98.96,45.33,,,,,,,,,,,,,,
200207,91.16,39.27,,,82.53,,,101.99,,,,,,,,
200208,91.78,39.02,,,87.08,,,105.7,,,,,,,,
200209,81.79,35.77,,,90.4,,,107.35,,,,,,,,
200210,88.52,37.25,,,86.73,,,106.25,,,,,,,,
200211,93.98,40.41,,,85.55,,,106.49,,,,,,,,
200212,88.23,37.91,,,88.57,,,109.69,,,,,,,,
200301,86.06,37.12,,,88.06,,,108.8,,,,,,,,
200302,84.9,36.01,,,90.47,,,110.49,,,,,,,,
200303,84.74,36,,,88.9,,,110.2,,,,,,,,
200304,91.91,39.7,,,89.45,,,112.05,,,,,,,,
200305,96.95,44.02,,12.71,94.6,,,115.55,,,,,,,,
200306,97.63,44.45,,13.24,92.5,,,114.63,,,,,,,,
200307,99.39,47.34,,13.99,82.95,,,107.35,,,,,,,,
200308,101.44,49.6,,15.11,83.65,,,108.18,,,,,,,,
200309,99.95,48.52,,15.01,88.22,102.7,,112.29,,,,,,,,
200310,105.3,52.75,,16.39,85.19,101.74,,110.15,,,,,,,,
200311,106.45,54.73,,16.7,85.13,101.72,,110.06,,,,,,,,
200312,111.28,55.4,,18.11,85.45,102.15,,110.57,,,,,,,,
200401,113.48,57.8,,18.54,87.04,102.6,,111.92,,,,,,,,
200402,115.02,58.35,,19.28,88.66,103.49,,113.16,,,,,,,,
200403,113.1,58.8,,19.38,89.55,103.95,,113.84,,,,,,,,
200404,110.96,55.55,,17.48,83.64,100.78,,109,,,,,,,,
200405,112.86,56.75,,17.69,83.1,100.13,,108,,,,,,,,
200406,114.53,58.99,,17.85,83.65,100.54,,107.7,,,,,,,,
200407,110.84,55,32.76,17.2,84.59,101.15,,108.94,,,,,,,,
200408,111.11,54.17,33.12,17.81,87.77,102.46,,111.85,,,,,,,,
200409,111.76,56.92,34.01,19.05,88.25,102.67,,111.76,,,,,,,,
200410,113.2,58.09,36.17,19.59,89.44,103.24,,112.65,,,,,,,,
200411,117.89,63.44,38.26,21.54,86.94,102.2,,110.85,,,,,,,,
200412,120.87,64.75,40.07,22.29,88.55,102.4,,111.53,,,,,,,,
200501,118.16,62.12,39.3,22.18,91.71,102.9,,112.9,,,,,,,,
200502,120.63,63.14,40.55,24.32,90.02,102.21,,111.42,,,,,,,,
200503,117.96,61.08,39.55,22.4,89.33,100.93,,109.59,,,,,,,,
200504,115.75,57.62,38.15,22.12,92.44,102.32,,110.92,,,,,,,,
200505,119.48,61.34,38.65,22.82,95,102.83,,111.18,,,,,,,,
200506,119.18,63.7,38.65,23.72,96.7,103.38,,112.1,,,,,,,,
200507,123.74,67.89,40.38,25.55,93.11,101.98,,110.75,,,,,,,,
200508,122.58,66.53,40.71,25.88,95.99,102.85,,111.96,,,,,,,,
200509,123.04,66.39,41.23,28.12,92.2,101.55,,109.43,,,,,,,,
200510,120.13,63.78,39.65,26.34,89.78,100.21,,107.27,,,,,,,,
200511,125.41,67.45,40.6,27.87,90,100.22,,107.56,,,,,,,,
200512,124.51,66.72,42.38,29.24,91.9,100.59,,107.69,,,,,,,,
200601,127.5,72.35,44.99,33.39,90.67,100.53,,107.22,,,,,,,,
200602,128.23,72.58,44.94,32.11,91.35,100.32,,107.54,,,,,,,,
200603,129.83,75.97,46.63,32.8,86.87,99.08,,105.3,,,,,,,,
200604,131.47,76.2,48.45,34.94,84.16,98.55,,104.65,,,,,,,,
200605,127.51,71.87,47.21,31.05,83.67,97.98,,103.99,,,,,,,,
200606,127.23,71.73,46.65,31.11,84.32,97.44,,103.47,,,,,,,,
200607,127.85,69.68,47.11,31.84,85.8,98.4,,104.52,,,,,,,,
200608,130.64,71.77,48.98,32.34,88.08,99.55,,106.38,,,,,,,,
200609,133.58,72,49.38,32.06,89.39,100.16,,106.83,,,,,,,,41.3
200610,137.78999,76.23,51.07,34.33,89.81,100.43,,107.47,,,,,,,,42.16
200611,140.53,78.07,52.91,36.38,91.53,101.07,,108.52,,,,,,,,42.75
200612,141.62,78.03,54.3,37.83,88.43,99.7,,106.68,,,,,,,,43.03
200701,143.75,79.35,54.67,37.87,87.55,99.63,,106.78,,,,,,,,43.47
200702,140.92999,78.83,53.85,36.36,90.15,100.86,,108.43,,,,,,,,43.39
200703,142,79.45,55.65,38.6,88.28,100.26,,107.27,,,,,,,,44.94
200704,148.28999,80.74,60.01,40.04,88.75,100.46,,107.73,,,,,,,,46.85
200705,153.32001,84.2,61.69,42.01,86.38,99.16,,105.93,,,,,,,,43.92
200706,150.42999,82.96,60.18,43.62,85.17,98.36,,104.58,,,,,,,,39.46
200707,145.72,77.1,58.24,43.92,87.66,98.99,,103.25,,,,,,,,39.79
200708,147.59,78.74,58.54,44.38,88.88,99.82,,105.21,,,,,,,,41.95
200709,152.58,80.04,62.28,49.52,88.72,100.02,,105.49,,,,,,,,42.08
200710,154.64999,82.32,65.1,55.4,89.98,100.61,,106.02,,,,,,,,37.76
200711,148.66,76.58,64.29,51.16,94.38,101.99,,106.62,,,,,,,,36.04
200712,146.21001,75.92,62.66,49.8,93.045,101.17,,104.84,,,,,,,50.38,35.79
200801,137.37,70.94,55.8799,45.36,94.99,103.51,140.25,107.53,,,,,,,46.2099,35.04
200802,133.82001,68.86,54.82,46.26,94.23,102.93,134.55,106.28,,,,,,,45.7399,32.52
200803,131.97,68.29,56.35,44.52,95.89,102.68,134.25,105.2,,,,,,,45.03,34.41
200804,138.25999,71.4,58.85,48.59,93.115,102.6,138.12,105.99,,,,,,,46.98,35.37
200805,140.35001,74.67,58.97,50.13,90.28,100.98,137.64,103.2,,,,,,,48.01,29.01
200806,127.98,69.05,51.31,44.97,92.34,100.4,131.84,101.4,,,,,,,44.29,29.93
200807,126.83,71.32,51.27,42.49,91.67,100.41,129.33,101.36,,,,,,,42.44,30.41
200808,128.78999,73.87,48.51,39.81,93.84,100.75,128.01,101.04,,,,,,,40.61,27.89
200809,115.99,68,42.59,33.97,94.88,98.59,117.3,89.79,,,,,,,36.47,18.76
200810,96.83,53.75,32.95,25.28,92.83,95.96,94.05,87.65,,,,,,,29.8,12.56
200811,90.09,47.34,30.62,22.81,105.72,98.45,85.17,90.14,,,,,,,27.38,11.43
200812,90.24,49.24,34.35,24.82,119.35,104.2,97.17,101.65,,,,,,,29.91,8.64
200901,82.83,44.48,28.08,22.51,103.75,102.13,95.64,99.82,,,,,,,26.03,9.91
200902,73.93,39.15,24.59,21.1,101.88,100.69,84.93,94.16,,,,,,,22.93,12.25
200903,79.52,42.05,27.15,24.66,105.71,101.47,88.32,94.12,,,,,,24.91,24.48,12.91
200904,87.42,48.52,30.92,28.5,98.08,101.64,99.33,96.2,,,,,,25.48,25.9,13.44
200905,92.53,50.17,35.28,33.04,94.17,102.03,105,97.95,,,,,,26.19,29.79,15.43
200906,91.95,51.08,33.3,32.04,94.57,102.15,105.57,100.28,,,,,,26.1,29.23,15.95
200907,98.81,55.57,37.17,35.57,94.81,103.1,111.24,104.46,,,,,,26.5,31.05,17.27
200908,102.46,57.2,39.3,35.1,96.6,104.02,109.92,105.33,,,,,,26.39,31.73,16.33
200909,105.59,60.24,41.33,38.68,98.66,104.92,115.47,106.68,,,,,,27.05,33.53,16.87
200910,103.56,56.33,39.66,37.34,95.78,104.81,113.97,105.68,,,,,,26.91,32.1,16.76
200911,109.94,58.09,41.7,40.28,96.63,105.83,114.42,107.25,,,,,,27.46,34.24,17
200912,111.44,62.44,41.48,41.25,89.89,103.19,116.43,104.15,,,,,,27.1251,34.08,17.36
201001,107.39,60.11,37.44,38.05,92.31,104.65,116.64,105.45,,,,,,26.7,32.89,18.74
201002,110.74,62.8,36.61,38.73,91.67,104.53,116.37,105.53,,,,,,26.69,33,19.08
201003,117,67.8,38.9,41.87,89.5,104.2,119.37,105.77,,,,,,27.2,34.21,16.62
201004,118.8125,71.65,36.66,41.8,92.13,104.89,120.6,107.31,,,,,,27.15,33.75,15.6
201005,109.369,66.25,32.22,37.87,96.5,105.71,113.43,105.46,,,,,,26.02,30.17,17.56
201006,103.22,61.12,30.57,37.1,101.75,107.25,113.49,108.46,,,,,,26.41,29.25,16.64
201007,110.27,65.02,35.2,41.15,100.48,107.85,118.25,110.3,,,,,,27.0984,32.45,18.75
201008,105.31,60.18,32.58,39.82,108.56,108.94,116.82,113,,,,,,27.152,31.83,20.35
201009,114.13,67.5,36.71,44.5,105.51,108.65,120.03,113.09,,,,,,27.77,34.16,19.69
201010,118.49,70.3,38.98,45.84,100.42,108.55,122.63,112.36,,,,,,27.94,35.82,20.71
201011,118.4925,72.75,34.04,44.51,98.41,107.37,119.46,110.12,,,,,,27.55,33.88,21.88
201012,125.75,78.24,36.84,47.36,94.12,105.75,119.13,108.44,,,,,,27.4084,35.06,22.76
201101,128.67999,77.95,39.95,45.54,91.22,105.66,121.47,108.48,,,,,,27.1,36.35,23.14
201102,133.14999,82.27,40.96,45.52,92.4,105.65,122.34,109.22,,,,,,27.17,37.48,24.5
201103,132.59,84.17,40.71,48.38,92.13,105.13,121.53,108.2,,,,,,27.32,36.93,23.48
201104,136.42999,86.39,44.03,49.7,93.89,106.46,122.7,110.47,,,,,,27.84,38.79,21.29
201105,134.89999,84.84,41.66,48.24,96.69,107.46,122.64,111.44,,,,,,27.84,38.3,21.58
201106,131.97,82.8,40.595,47.31,94.1,106.67,120.66,110.13,,,,,,27.54,37.33,19.19
201107,129.33,79.74,37.47,46.83,97.92,108.16,120.75,112.37,,,,,,27.73,36.16,16.22
201108,122.22,72.65,32.66,42.49,107.03,109.5,116.37,112.33,,,,,,27.55,34.02,18.56
201109,113.15,64.3,28.28,34.88,120.8,110.11,108.57,112.31,,,,,,26.94,31.89,17.59
201110,125.5,74.01,32.29,40.57,115.88,110.03,116.91,114.7,,,,25.96,,27.62,34.38,16.95
201111,124.99,73.73,31.031,39.77,117.88,109.38,113.64,110.69,,,,26,,27.4,34.16,18.78
201112,125.5,73.75,29.51,37.71,121.25,110.25,115.35,113.76,,,,26.72,,27.08,33.202,19.82
201201,131.32001,79.02,31.28,41.86,120.85,111.05,118.41,116.2,,,,27.07,,27.54,34.13,20.11
201202,137.02,81.05,32.93,44.06,117.43,110.76,120.27,117.7,,,,27.638,,27.9,35.34,19.65
201203,140.81,82.81,32.45,42.69,112.2,109.85,118.11,115.63,,,,28.231,,27.73,35.41,17.48
201204,139.87,81.47,30.27,41.96,117.32,110.6,119.19,116.48,,,,28.601,,27.65,35.52,18.76
201205,131.47,76.11,26.44,37.47,127.6,111.56,114.33,116.97,,,,27.975,,27.3,32.74,18.92
201206,136.105,79.56,28.22,38.9,125.2,111.3,118.38,117.59,,,,28.9399,,27.5,33.96,19.48
201207,137.71001,78.35,28.02,38.89,129.7,112.59,119.64,121.28,,,,29.5,,27.84,34.27,20.03
201208,141.16,81.12,30.08,39.04,127.72,112.37,120.42,120.83,,,,29.45,,28.03,34.45,20.76
201209,143.97,83.44,31.03,41.08,124.22,112.448,120.63,121.77,,,,29.73,,28.16,35.25,20.91
201210,141.35001,81.63,31.92,40.9,123.36,112.19,121.02,123.02,,,,29.4,,28.2,35.81,21.68
201211,142.155,82.08,33.02,41.53,124.79,112.25,121.68,122.13,,,,29.5,,28.25,35.25,23.72
201212,142.41,84.32,34.66,44.08,121.18,111.08,122.13,120.99,,,,29.04,,27.81,35.71,24.51
201301,149.7,89.58,35.94,43.95,117.32,110.39,122.46,119.42,,,,30.49,,27.9672,36.55,24.66
201302,151.61,90.48,33.68,42.95,118.51,110.83,122.68,120.33,,,,31.33,,27.96,36.35,25.93
201303,156.67,94.43,33.04,42.51,117.76,110.73,123.33,119.9,,,,32.76,,28.169,37.17,25.51
201304,159.67999,94.1,35.29,43.03,123.01,111.54,125.25,122.13,51.84,51.62,49.97,33.67,,28.44,38.88,24.05
201305,163.44501,97.8,35.79,40.95,114.45,109.11,121.74,117.85,52,52.3901,53.62,32.8828,,28.46,36.61,26.34
201306,160.42,97,33.13,38.27,110.44,107.21,118.47,113.65,51.37,51.3101,52.05,32.57,,27.67,35.19,25.64
201307,168.71001,103.65,36.07,38.78,107.7,107.3,120.84,114.54,54.44,53.9,54.645,33.77,,28.22,36.65,26.09
201308,163.64999,100.38,35.27,37.79,105.99,106.21,119.01,113.05,52.4963,52.12,52.94,32.67,,27.93,35.4,28.86
201309,168.00999,106.61,38.41,40.51,106.4,107.2,119.54,113.52,53.88,53.49,54.15,33.232,,28.57,37.77,29.43
201310,175.78999,109.19,40.825,42.2,107.64,107.899,121.89,115.2,56.88,55.78,56.565,34.8,,28.99,39.19,28.86
201311,181,113.51,41.17,42.1,104.45,107.44,122.25,114.66,58.67,56.61,58.58,35.26,,29.18,38.77,29.16
201312,184.69,115.36,42.2,41.54,101.86,106.43,121.68,114.188,60.03,57.52,59.544,35.5,,28.97,38.94,31.1
201401,178.17999,112.16,39.76,37.96,108.28,108.07,122.37,116.34,58.64,56.16,57.42,34.42,,28.75,38.43,30.52
201402,186.28999,117.52,42.36,39.24,108.57,108.27,124.59,117.32,62.58,58.89,59.7,35.93,,29.35,40.2,30.15
201403,187.00999,116.34,42.66,40.76,109.1,107.91,123.96,116.94,60.34,59.23,60.55,36.05,,29.22,41.65,30.48
201404,188.31,111.98,43.68,41.08,111.1,108.59,124.05,118.15,59.74,59.48,61.0399,36.53,,29.29,42.26,31.34
201405,192.67999,112.86,44.26,42.29,114.1,109.67,124.59,119.59,62.17,60.84,62.25,36.95,,29.71,43.4,29.89
201406,195.72,118.81,43.27,42.97,113.52,109.4,125.19,119.26,63.26,61.85,63.3,37.22,,29.99,44.33,30.22
201407,193.09,111.19,40.76,43.56,113.98,108.93,121.65,118.55,62.6001,60.74,62.79,36.69,,29.6,43.18,28.26
201408,200.71001,116.56,40.86,44.79,119.05,109.98,124.11,120.58,65.48,62.84,64.609,38.15,,30.16,44.28,28.55
201409,197.02,109.35,39.7,41.31,116.27,109.11,120.54,118.22,64.87,61.39,63.44,37.68,,29.67,42.43,29.3
201410,201.66,116.56,38.27,41.9,119.25,110.08,121.08,119.34,66.359,63.6136,64.37,39.28,,29.78,43.28,28.24
201411,207.2,116.69,39.62,41.25,122.49,110.61,118.74,120.09,68.85,65.621,66,40.68,,30.14,43.25,28.76
201412,205.53999,119.62,36.86,39.05,125.92,110.12,115.83,119.41,68.06,65.53,66.01,40.48,,29.39,42.15,30.6
201501,199.45,115.7,36.89,38.79,138.28,112.38,116.82,123.89,67.59,64.4924,63.29,40.28,,29,42.27,29.76
201502,210.66,122.58,39.26,40.5,129.53,111.2,119.34,121.8,71.26,67.35,67.04,41.75,,29.99,42.3,31.92
201503,206.42999,124.37,38.82,39.89,130.69,111.43,117.66,121.71,70.2999,66.6,65.725,41.26,,29.94,41.84,32.77
201504,208.46001,121.18,39.62,42.62,125.95,110.86,118.32,119.94,69.565,66.22,66.54,41.02,,30,43.71,31.06
201505,211.14,123.89,39.03,40.87,122.71,110.17,118.26,118.27,71.91,67.299,67.15,41.44,,29.99,43.12,32.56
201506,205.85001,124.86,37.43,39.38,117.46,108.78,115.29,115.72,71.44,65.443,65.7,40.32,,29.58,40.62,30.54
201507,210.5,122.96,38.58,36.9,122.53,109.5,113.91,116.35,74.1504,67.07,65.91,41.94,,29.57,40.81,29.12
201508,197.67,115.2,35.77,33.64,121.42,108.92,111.03,115.06,69.7,63.32,62.1,40.04,,29.07,38.65,30.45
201509,191.63,109.2,33.85,32.58,123.54,109.58,106.98,116.09,68.21,61.78,59.96,39.59,,28.8,37.73,30.4
201510,207.92999,115.34,36.62,34.66,122.78,109.45,109.41,116.42,73.2,65.9705,64.34,41.96,,29.05,39.35,29.18
201511,208.69,119.1,36.12,33.79,121.45,108.81,106.08,115.91,73.59,66.35,63.9001,41.87,,28.9,37.72,26.8
201512,203.87,112.62,34.43,32,120.58,108.01,101.73,114.01,73.29,64.44,62.24,41.82,,28.46,35.935,26.35
201601,193.72079,102.96,32.33,30.39,127.3,109.35,99.63,114.15,70.5,61.39,56.84,41.24,,28.06,35.89,28.72
201602,193.56,102.73,30.94,30.14,130.98,110.09,100.29,115.01,69.6,62.146,57.8732,41.67,,28.16,35.99,29.26
201603,205.52,110.63,33.23,34.04,130.61,110.825,102.75,118.82,73.1,66.27,61.35,43.93,,28.82,39.09,29.68
201604,206.3308,112.48,34.1,34.18,129.38,110.89,105.9,120.33,72.64,66.3417,61.81,43.77,,29.06,39.97,28.36
201605,209.84,115,33.89,32.92,130.16,110.7,105.69,119.39,74.42,67.96,62.72,44.46,,28.96,39.82,30.16
201606,209.47501,114.98,31.17,34.15,138.89999,112.615,107.07,122.735,76.4,68.1,61.63,46.21,,29.16,40.46,30.72
201607,217.12,121.07,32.565,35.99,141.56,113.02,108.18,123.99,78.45,70.425,64.42,46.89,,29.39,41.5201,30.66
201608,217.38,123.23,32.85,36.31,139.87,112.57,109.62,123.89,77.28,69.969,65.22,45.97,,29.31,40.8,30.5
201609,216.3,124.21,32.76,37.23,137.50999,112.42,110.16,123.18,77.37,69.789,65.28,45.43,,29.3,41.56,31.45
201610,212.55,118.5,32.57,36.92,131.25,111.3,108.78,120.98,75.87,68.28,64.5,44.18,,28.9,40.22,31.99
201611,220.38,131.61,31.38,35.29,120.24,108.24,108.36,116.84,75.42,71.13,69.07,44.45,47.34,28.51,38.58,33.55
201612,223.53,134.85,33.46,34.8,119.13,108.06,109.35,117.18,75.86,71.82,70.19,45.22,48.77,28.67,39.04,33.75
201701,227.53,135.23,34.02,37.12,120.1,108.29,110.73,117.35,78.25,72.95,71.08,45.79,48.84,28.73,39.72,33.98
201702,236.47,137.84,34.19,37.76,121.74,108.77,111.66,118.58,81.22,75.94,74.33,47.87,50.5366,29.0913,40.81,36.05
201703,235.74001,137.48,36.35,39.15,120.71,108.49,110.79,117.91,82.65,75.57,73.12,47.72,48.92,29.09,42.32,36.99
201704,238.08,139.06,37.83,39.82,122.35,109.25,111.42,118.99,84.78,76.185,73.28,48.39,49.04,29.16,42.94,36.61
201705,241.44,136.32,39.54,40.95,124.4,109.76,112.17,120.25,88.82,77.11,73.19,49.36,48.652,29.29,44.66,38.8
201706,241.8,140.92,38.47,41.14,125.12,109.51,111.6,120.51,88.89,77.6538,73.57,48.93,49.21,29.41,43.97,37.93
201707,246.77,141.51,39.72,43.54,124.04,109.65,112.2,121.11,91.98,78.81,75.03,49.92,49.8772,29.68,45.27,38.26
201708,247.49001,139.73,39.77,44.56,127.99,110.45,111.78,121.61,93.33,78.2876,75.19,50.3,49.635,29.83,46.03,40.09
201709,251.23,148.18,41.25,44.54,124.76,109.59,111.96,121.23,95.68,79.35,77.32,50.34,49.26,29.88,45.26,39.15
201710,257.14999,149.26,41.65,46,124.46,109.47,111.72,121.14,100.5,80.6699,79.34,51.32,48.79,30.13,45.54,38.93
201711,265.01001,153.65,41.39,45.82,125.12,109.08,110.82,120.67,103.31,83.58,82.64,52.9,50.06,30.31,46.31,42.93
201712,266.85999,152.46,40.71,46.84,126.86,109.33,110.16,121.56,103.13,83.87,83.62,52.78,49.61,30.44,45.22,40.58
201801,281.89999,156.36,43.54,50.72,122.73,108.1,110.1,120.07,111.61,86.77,87.27,54.62,47.57,31.05,45.77,38.77
201802,271.64999,150.35,40.55,47.73,118.75,106.77,108.63,117.07,109.98,83.37,84.39,52.295,43.9,30.63,42.66,40.25
201803,263.14999,151.83,40.27,47.99,121.9,107.25,107.55,117.39,105.92,82.85,82.02,51.93,45.07,30.48,42.85,39.99
201804,264.51001,153.32,41.6,46.64,119.1,106,107.61,115.22,106.45,82.7943,82.34,52.04,45.72,30.4,43.71,39.53
201805,270.94,162.77,39.61,45.42,121.22,106.46,106.86,115.49,110.12,83.3725,83.97,52.56,47.55,30.6,42.98,41.45
201806,271.28,163.77,38.33,43.07,121.72,106.32,106.44,114.57,109.7,84.28,82.61,53.16,49.15,30.39,42.95,41.75
201807,281.32999,165.87,40,44.59,119.7,106.06,107.82,115.76,111.63,86.51,85.43,54.91,49.5,30.66,43.75,40.92
201808,290.31,173.02,38.28,42.91,120.995,106.41,108,115.44,118.18,88.21,88.51,56.59,51,30.74,42.62,37.56
201809,290.72,168.55,38.27,42.66,117.27,105.52,108.15,114.93,119,87.9465,87.85,57.04,48.38,30.72,42.12,37.15
201810,270.63,150.03,35.14,38.93,113.58,104.59,105.48,112.23,107.27,83.24,82.66,54.73,46.9,29.8699,40.56,34.03
201811,275.64999,152.62,35.08,40.83,115.33,104.88,104.19,111.46,108.79,85.55,82.17,56.5,49.18,29.95,41.34,37.77
201812,249.92,133.9,33.27,38.83,121.51,106.49,100.77,112.82,100.23,76.63,72.57,52.4,44.85,28.88,39.38,38.82
201901,269.92999,149.06,35.25,42.84,121.97,107.46,106.05,116.62,106.7,84.379,79.71,55.36,50.12,29.68,42.72,38.92
201902,278.67999,156.78,36.43,42.19,120.02,107.07,107.07,116.03,110.32,87.7494,81.22,57.48,50.54,29.94,43.87,41.13
201903,282.48001,153.09,36.58,42.66,126.44,109.07,107.91,119.06,112.18,87.99,79.86,58.8,51.72,30.07,44.8177,38.92
201904,294.01999,158.29,38.55,43.67,123.65,108.59,108.81,119.22,114.71,91.35,82.59,60.08,51.59,30.27,45.49,40.59
201905,275.26999,145.86,36.29,40.47,131.83,110.4,106.15,120.83,112.19,85.03,74.66,59.11,51.68,29.875,44.71,41.01
201906,293,155.5,38.3,42.65,132.81,111.35,108.94,124.37,118.6,91,81.19,61.73,52.02,30.42,46.2,40.57
201907,297.42999,156.56,37.15,41.52,132.89,111.3,108.59,124.33,120.73,92.1,82.49,62.76,52.63,30.38,45.25,40.14
201908,292.45001,148.84,36.66,39.95,147.28,114.13,108.81,128.8,121.05,88.9214,78.76,63.755,54.39,30.29,45.46,42.57
201909,296.76999,151.34,37.74,40.62,143.08,113.17,108.74,127.48,119.25,90.78,82.04,64.1,55.55,30.42,46.47,44.01
201910,303.32999,155.45,39.17,42.32,141.24001,113.15,108.19,127.71,120.02,91.97,84.37,63.95,56.35,30.71,47.17,44.88
201911,314.31,161.77,39.72,42.28,140.42,112.86,108.34,127.97,123.97,95.45,87.49,64.84,55.48,30.86,46.81,46.29
201912,321.85999,165.67,40.79,44.87,135.48,112.37,109.54,127.96,125.56,97.41,89.73,65.6,54.59,30.8,47.91,41.63
202001,321.73001,160.53,39.1,42.11,145.89999,114.65,109.04,131.09,130.25999,96.17,86.34,67.14,55.2,30.62,48.5,29.36
202002,296.26001,146.33,35.97,40.52,155.31,116.22,106.97,132.17999,120.9,87.87,78.02,61.27,50.88,30.17,44.14,34.47
202003,257.75,114.46,29.51,34.13,164.97,115.37,94.74,123.51,106.48,71.38,63,54.01,39.17,28.47,34.15,36.29
202004,290.48001,130.31,31.07,36.64,166.74001,117.1,99.03,129.17,118.94,81.13,69.98,59.07,42.45,29.35,36.83,38.48
202005,304.32001,138.9,33.36,37.73,163.59,117.65,101.99,132.02,125.92,86.48,72.4,61.62,42.58,29.93,39.05,40.2
202006,308.35999,143.18,35.53,39.99,163.92999,118.21,101.16,134.5,131,87.59,72.28,60.63,43.48,30.32,38.29,42.61
202007,326.51999,147.36,36.55,43.29,171,119.56,106.1,138.35001,140.19,92.1,73.04,63.4,45.3,30.86,39.14,40.88
202008,349.31,155.43,38.1,44.54,162.19,118.37,105.75,135.60001,153.48,96.22,75.85,65.13,45.62,31.25,39.74,41.01
202009,334.89001,149.79,36.35,44.09,163.25999,118.06,104.27,134.71001,147.39999,93.77,73.78,63.73,43.74,30.99,38.58,47.66
202010,326.54001,153.09,33.59,44.71,157.57001,117.2,104.3,133.73,141.23,93.62,72.99,61.66,42.62,30.85,38.12,51.27
202011,362.06,181.02,40.33,48.73,160.02,118.42,107.53,138.48,156.24001,107.02,84.98,66.65,47.32,31.88,43,52.13
202012,373.88,196.06,41.72,51.67,157.73,118.19,108.94,138.13,161.28999,111.17,86.91,67.88,48.41,31.93,43.71,54.52
202101,370.07001,205.56,40.76,53.31,152,117.31,108.4,135.60001,163.86,110.04,89.78,66.03,48.47,31.97,42.63,55.91
202102,380.35999,218.31,42.48,53.73,143.12,115.34,108.16,132.27,162.89999,115.96,95.98,65.78,50.44,32.03,42.99,60.55
202103,396.32999,220.94,44.51,53.34,135.45,113.83,108.8,130.05,160.86,120.08,102.46,69.19,52.4,31.8,45.07,61.08
202104,417.29999,224.89,46.47,53.98,138.64,114.49,109.21,131.14999,172.21001,125.79,104.28,71.95,56.57,31.99,46.64,59.35
202105,420.04001,225.5,48.61,54.87,138.44,114.55,108.91,131.71001,170.39,127.7223,107.25,72.58,57.23,32.18,46.98,64.7
202106,428.06,229.37,46.83,55.15,144.35001,115.33,109.96,134.36,173.42999,129.42,105.06,73.61,58.34,32.26,45.38,65.62
202107,438.51001,221.05,47.03,51.6,149.52,116.46,109.77,136.00999,175.03,131.05,104.33,76.22,61.1,32.15,45.88,60.16
202108,451.56,225.92,47.94,52.41,148.83,116.06,110,135.3,182.24001,134.11,105.13,77.65,62.26,32.19,46.51,65.86
202109,429.14001,218.75,45.29,50.38,144.32001,114.83,109.36,133.03,175.60001,127.7,100.7,73.5,58.65,31.76,45.9,63.09
202110,459.25,228.05,47.75,50.92,147.69,114.64,108.62,133.48,190.67999,135.28,103.2,77.55,63.07,32.1,47.77,62.09
202111,455.56,218.17,44.77,48.84,151.59,114.77,106.83,133.06,183.14999,131.58,102.22,75.96,62.69,31.62,45.35,58.78
202112,474.95999,222.45,46.66,48.85,148.19,114.08,108.57,132.52,181.82001,137.25999,109.47,80.9,67.59,31.79,47.59,54.46
202201,449.91,201.24,45.33,48.84,142.39,111.8,105.57,127.76,165.39999,129.12,107.31,76.06,62.87,31.13,47.24,53.63
202202,436.63,203.32,41.74,46.73,139.87,110.36,104.3,124.8,160.97,127.6,105,73.73,60.96,30.9179,48.16,47.25
202203,451.64001,205.27,41.15,45.15,132.08,107.1,102.5,120.94,168.27,130.33,104.57,77.57,64.65,30.84,50.86,47.96
202204,412,184.95,37.96,42.38,119.45,102.87,97.61,112.6,146.92999,121,98.56,73.43,61.86,29.81,48.85,41.1
202205,412.92999,185.31,39.85,42.64,116.56,103.47,98.62,114.44,146.05,121.63,102.41,73.46,58.02,29.69,51.12,46.14
202206,377.25,169.36,34.79,40.1,114.87,101.68,90.71,110.03,136.37,110.03,90.52,70.21,53.4,28.69,46.75,42.28
202207,411.98999,187.25,36.49,39.96,117.43,104.07,96.38,114.61,143.42,119.66,95.82,73.81,58.24,29.23,48.39,35.84
202208,395.17999,183.5,33.84,39.43,111.88,100.71,91.89,109.27,140.56,115.85,92.4,71.48,54.78,28.89,47.33,38.96
202209,357.17999,164.92,30.76,34.88,102.45,96.34,87.85,102.45,131.175,104.24,81.86,66.1,47.5,27.74,41.83,43.01
202210,386.20999,183.33,34.27,34.19,96.11,94.9,90.05,101.35,147.64,113.46,92.58,71.19,49.78,28.15,44.07,40.28
202211,407.67999,187.37,40.05,39.52,102.73,98.29,92.83,107.76,152.75999,120.43,97.89,75.26,52.68,29.27,47.91,45.65
202212,382.42999,174.36,38.7,37.9,99.56,96.99,90,105.43,145.92999,113.7287,91.14,72.1,49.45,28.46,45.84,45.36
202301,406.48001,191.48,43.55,41.36,107.17,100.22,93.63,110.87,145.13,123.0388,97.68,73.2,54.74,29.29,48.26,43.14
202302,396.26001,188.18,42.85,38.23,101.71,97.31,91.39,105.92,139.27,119.02,93.73,70.64,52.04,29.04,46.52,44.63
202303,409.39001,178.4,44.9,39.46,106.37,99.64,92.82,109.61,139.03999,117.86,92.59,72.74,50.4,29.21,47.7,43.78
202304,415.92999,175.2,46.32,39.13,106.46,99.96,92.49,109.93,142.37,116.997,91.58,73.82,50.81,29.36,48.97,44.89
202305,417.85001,173.77,44.04,38.19,102.99,98.57,90.84,107.62,135.5,114.4606,88.22,71.44,49.22,29.17,46.3,48.79
202306,443.28,187.27,45.98,39.56,102.94,97.95,92.03,108.14,144.25,122.74,93.79,74.33,51.41,29.83,46.95,46.86
202307,457.79001,198.71,47.03,41.95,100.05,97.68,92.75,107.85,146.75,127.8909,97.29,75.36,52.91,30.4099,47.81,45.01
202308,450.35001,188.61,44.58,39.17,96.64,96.8,92.46,106.16,147.2,123.71,94.46,74.88,51.23,30.23,45.44,42.34
202309,427.48001,176.74,42.01,37.95,88.69,94.04,90.4,102.02,139.7,117.38,90.72,72.38,47.18,30.03,43.29,50.11
202310,418.20001,164.52,41.15,36.7,83.58,92.31,88.92,99.17,137.42999,112.1226,87.45,71.75,45.08,29.66,42.13,54.79
202311,456.39999,179.66,45.73,39.56,91.56,96.26,92.68,106.29,150.11,123.2031,94.65,76.35,49.88,30.63,46.06,55.12
202312,475.31,200.71,47.81,40.21,98.88,99.25,94.73,110.66,156.89,131.87,101.16,78.03,54.29,30.1,47.05,57.43
202401,482.88,192.88,47.85,38.39,96.66,99.1,94.87,110.17,165.64999,130.67999,100.3,79.72,51.95,29.9834,45.37,58.82
202402,508.07999,203.73,50.71,39.99,94.18,97.35,94.62,107.66,182.21001,136.95,102.83,81.39,52.97,30.45,45.64,56.89
202403,523.07001,210.3,52.55,41.08,94.62,97.94,95.2,108.92,187.35001,142.2863,108.31,83.58,53.8,30.89,47.62,59.12
202404,501.98001,195.9,50.5,40.99,88.22,95.23,93.43,104.99,177.11,134.7379,100.95,80.45,50.04,30.52,47.31,54.93
202405,527.37,205.77,52.93,41.79,90.45,96.52,94.35,106.89,186.60001,138,104.11,82.8,52.4,30.9314,50.42,62.09
202406,544.21997,202.89,50.03,42.59,91.78,97.07,94.27,107.12,194.87,137.53,103.46,83.96,53.56,31.03,47.92,62.17
202407,550.81,223.86,50.31,42.95,94.81,99.11,95.84,109.56,190.97,143.19,107.59,87.04,56.94,31.38,50.07,64.89
202408,563.67999,220.08,52.53,43.37,96.49,100.25,96.82,111.21,197.37,146.84,108.03,91.32,60.53,31.62,52.33,64.47
202409,573.76001,220.89,53.24,45.86,98.1,101.27,97.79,112.98,202.75999,148.78999,109.04,91.31,61.57,32.08,54.43,68.66
202410,568.64001,217.76,50.25,44.45,92.45,98.42,96.3,108.99,202.41,147.67,107.62,89.99,59.8,31.89,53.73,63.9
202411,602.54999,241.87,48.57,43.26,93.97,99.2,97.36,110.55,216.52,158.89,114.565,94.55,62.46,32.62,55.7,69.56
202412,586.08,220.96,48.15,41.82,87.33,96.9,95.47,106.84,206.9,148.5,105.61,88.79,57.31,31.41,52.27,66.77
202501,601.82,226.48,52.12,42.72,87.76,97.4,96.76,107.46,219.11,154.22,110,91.95,57.84,31.92,53.19,71.31
202502,594.18,214.65,54.06,43.21,92.43,99.25,97.12,109.61,218.41,152.09,111.16,94.57,59.93,31.73,53.47,68.45
202503,559.39,199.49,54.41,43.7,91.03,98.92,95.3,108.69,202.13,145.44,106.65,93.66,57.6,31.31,54.67,64.07
202504,554.54,194.86,56.25,43.76,89.47,99.02,94.71,107.98,209.63,142.68,102.56,92.54,55.94,31.23,56.39,63.63
202505,589.39,205.07,59.19,45.52,86.28,98.1,95.91,107.77,231.54,149.69,106.99,93.51,57.19,31.83,59,66.47
202506,617.85,215.79,59.73,48.24,88.25,99.2,97.27,109.61,240.32,154.54,113.21,93.87,56.56,32.32,59.2,68.85
202507,632.08,219.39,57.87,48.56,86.92,98.62,96.89,109.11,241.29,156.15,112.95,92.61,56.01,32.54,59.08,69.64
202508,645.05,235.17,59.8,49.86,86.6,99.46,97.51,109.8,243.73,159.82,119.68,94.26,58.54,33.03,60.35,71.58
202509,666.18,241.96,62.12,53.4,89.37,100.25,97.99,111.47,256.45,160.78,125.05,95.14,58.72,33.63,61.12,69.02
202510,682.06,246.23,62.48,55.3,90.29,100.54,97.39,111.23,254.22,160.59,130.41,93.18,57.64,33.86,61,66.84
202511,683.39,248.75,63.08,54.32,90.21,100.82,97.65,111.86,250.25,161.85,133.67,95.33,58.99,33.83,63.06,66.15
202512,681.92,246.16,64.39,54.71,87.16,99.88,97.21,110.19,250.31,161.57,136.73,94.16,56.96,33.51,61.36,67.07
202601,691.97,259.65,66.8,59.1,87.13,100.13,97.82,110.57,255.89,165.43,147.18,94.99,58.67,34.29,64.41,67.6
202602,685.99,261.41,68.55,62.58,90.82,101.4,97.25,111.68,252.96,169.34,150.79,97.81,63.2,34.9,69.37,60.38
202603,650.34,248,62.08,56.79,86.69,99.27,95.72,108.99,239.99,159.46,142.19,92.74,59.19,34.12,67,56.52
202604,718.66,277.97,65.97,63.99,85.62,99.1,96.83,108.85,283.98,170.59,167.07,94.64,64.59,35.69,68.53,60.92
202605,756.48,290.43,67.91,68.6,85.76,99.06,96.77,109.36,315.81,175.91,198.12,96.6,64.78,36.41,66.6,60.98
202606,746.77,300.45,68.68,68.41,86.42,98.98,96.37,109.07,342.83,178.28,199.81,96.46,66.45,36.6,66.6,55.7
