,Mkt-RF,SMB,HML,Mom,RF
192701,-0.05,-0.32,4.58,0.57,0.25
192702,4.17,0.07,2.72,-1.5,0.26
192703,0.14,-1.77,-2.38,3.52,0.3
192704,0.47,0.39,0.65,4.36,0.25
192705,5.45,1.55,4.8,2.78,0.3
192706,-2.38,0.51,-1.72,0.55,0.26
192707,7.26,-3.27,-1.13,4.22,0.3
192708,1.99,-0.77,-3.85,1.25,0.28
192709,4.77,-3.6,-0.57,1.93,0.21
192710,-4.29,2.03,-4.47,-0.92,0.25
192711,6.52,2.78,-0.08,-0.22,0.21
192712,2.09,0.98,-1.12,3.11,0.22
192801,-0.57,4.2,-0.71,-0.46,0.25
192802,-1.69,-2.06,-0.64,-1.07,0.33
192803,8.79,-0.38,-1.11,4.7,0.29
192804,4.25,4.14,3.25,-5.85,0.22
192805,1.52,2.7,-3,2.64,0.32
192806,-4.9,-3.76,0.28,1.79,0.31
192807,0.63,-1.36,-0.54,2.67,0.32
192808,6.69,-2.04,-2.13,3.68,0.32
192809,2.87,2.4,0.84,3.4,0.27
192810,1.31,2.24,-2.14,5.11,0.41
192811,11.82,-1.82,2.65,1.78,0.38
192812,0.4,-0.93,-0.52,1.58,0.06
192901,4.66,-3.35,-1.22,2.43,0.34
192902,-0.34,-0.33,1.66,3.1,0.36
192903,-0.85,-4.91,1.57,-0.54,0.34
192904,1.47,-1.12,0.93,2.07,0.36
192905,-6.38,-5.44,-1.52,-2.32,0.44
192906,9.7,-2.14,-2.74,8.31,0.52
192907,4.48,-3.87,2.67,2.95,0.33
192908,8.14,-9.75,0.32,4.4,0.4
192909,-5.45,1.34,-0.79,2.96,0.35
192910,-20.07,-4.95,7.54,2.44,0.46
192911,-12.87,-0.88,5.05,-2.07,0.37
192912,1.28,-4.1,-0.14,5.43,0.37
193001,5.61,3.49,-1.03,-5.46,0.14
193002,2.5,0.28,0.28,1.15,0.3
193003,7.09,3.39,0.3,-4.23,0.35
193004,-2.05,-0.35,-0.37,4.13,0.21
193005,-1.66,-2.1,-0.74,-0.76,0.26
193006,-16.08,-3.59,2.4,5.84,0.27
193007,4.12,-0.27,-1.7,-2.14,0.2
193008,0.3,-2.16,-0.59,3.87,0.09
193009,-12.81,-2.41,-5.09,11.59,0.22
193010,-8.78,-0.2,-1.09,6.27,0.09
193011,-3.04,2.46,-3.81,-1.32,0.13
193012,-7.86,-4.67,-5.69,12.48,0.14
193101,6.25,3.47,8.24,-11.1,0.15
193102,10.88,3.45,1.63,-13.58,0.04
193103,-6.35,2.83,-3.2,9.72,0.13
193104,-10,-4.22,-4.33,11,0.08
193105,-13.29,5.22,-6.31,9.23,0.09
193106,13.93,-5.01,11.7,-17.6,0.08
193107,-6.63,1.49,-2.2,8.4,0.06
193108,0.4,-2.08,-1.7,-3.12,0.03
193109,-28.74,-1.02,-7.24,9.29,0.03
193110,7.99,-0.28,3.12,2.97,0.1
193111,-9.14,4.4,-5.19,7.94,0.17
193112,-13.52,-0.87,-9.19,12.95,0.12
193201,-1.57,4.41,9.74,-9.94,0.23
193202,5.45,-2.51,-1.47,1.49,0.23
193203,-11.3,2.13,-2.2,10.04,0.16
193204,-17.94,0.93,2.07,7.63,0.11
193205,-20.51,4.21,-4.08,12.54,0.06
193206,-0.77,0.4,5.85,1.92,0.02
193207,33.61,-4.29,35.52,-45.74,0.02
193208,37.12,13.46,34.2,-52.61,0.03
193209,-2.94,-2.15,-7.37,2.46,0.03
193210,-13.15,-2.59,-10.47,4.62,0.02
193211,-5.88,1.83,-13.19,-0.96,0.02
193212,4.42,-8.3,-7.54,4.64,0.01
193301,1.24,0.73,6.46,-2.44,0.01
193302,-15.29,-2.63,-2.92,4.65,-0.03
193303,3.06,3.6,7.09,4.24,0.04
193304,38.81,3.02,20.1,-17.4,0.1
193305,21.43,35.96,18.66,-5.54,0.04
193306,13.1,8.65,-1.64,4.18,0.02
193307,-9.64,-1.06,3.3,-0.35,0.02
193308,12.04,-5.16,3.05,7.54,0.03
193309,-10.65,-0.58,-11.71,1.61,0.02
193310,-8.36,-0.07,-8.49,-2.21,0.01
193311,9.97,-6.37,2.27,6.48,0.02
193312,1.82,0.36,-1.99,4.01,0.02
193401,12.6,13.21,16.2,-3.39,0.05
193402,-2.51,5.05,1.86,0.09,0.02
193403,0.09,2.45,-2.59,-0.67,0.02
193404,-1.79,2.73,-3.83,-4.81,0.01
193405,-7.26,-0.31,-5.9,-2.39,0.01
193406,2.71,-2.18,-2.85,-0.79,0.01
193407,-10.94,-7.12,-10.76,8.8,0.01
193408,5.58,5.55,0.17,2.56,0.01
193409,-0.24,-1.5,-1.21,-0.06,0.01
193410,-1.66,1.23,-5,6.88,0.01
193411,8.33,6.6,-2.14,3.77,0.01
193412,0.36,3.28,-3.16,4.53,0.01
193501,-3.46,0.96,-1.77,3.1,0.01
193502,-1.96,0.32,-7.48,14.46,0.02
193503,-3.71,-3.43,-5.03,2.37,0.01
193504,9.06,-1.58,4.37,-4.75,0.01
193505,3.46,-3.2,2.45,-3.59,0.01
193506,5.93,-2.53,-1.52,2.67,0.01
193507,7.54,2.02,6.58,-4.78,0.01
193508,2.65,6.01,6.29,-6.46,0.01
193509,2.62,1.55,-4.12,8.31,0.01
193510,7.03,2.67,-2.33,1.82,0.01
193511,4.87,4.65,12.2,-7.04,0.02
193512,4.55,0.09,0.83,3.7,0.01
193601,6.89,5.6,10.95,-2.94,0.01
193602,2.49,0.84,4.33,2.53,0.01
193603,0.96,0.69,-1.59,1.63,0.02
193604,-8.14,-5.99,-2.28,-7.67,0.02
193605,5.19,0.89,2.55,2.5,0.02
193606,2.4,-3.22,-1.19,0.56,0.03
193607,6.68,1.07,2.53,2.49,0.01
193608,0.99,0.61,3.79,0.6,0.02
193609,0.97,3.12,0.94,1.41,0.01
193610,7.1,-2.35,2.51,0.68,0.02
193611,3.26,8.7,-1.25,2.04,0.01
193612,0.2,3.87,4.14,2.13,0
193701,3.35,4.49,2.78,-1.99,0.01
193702,1.08,0.64,4.28,2.78,0.02
193703,-0.26,-1.25,7.04,3.31,0.01
193704,-7.36,-3.72,-3.46,-3.54,0.03
193705,-0.83,-0.69,-3.46,0.57,0.06
193706,-4.23,-3.91,-3.12,0.78,0.03
193707,8.91,0.88,0.81,-0.45,0.03
193708,-4.88,0.45,-2.25,-1.86,0.02
193709,-13.62,-7,-4.55,-6.81,0.04
193710,-9.59,0.45,-1.52,-1.46,0.02
193711,-8.33,-3.56,0.22,-1.31,0.02
193712,-4.29,-7.92,-0.47,4.85,0
193801,0.48,4.84,-1.53,-1.74,0
193802,5.85,0.41,-1.97,-2.84,0
193803,-23.91,-4.3,-3.63,15.78,-0.01
193804,14.48,6.4,0.45,-9.85,0.01
193805,-3.86,-2.47,-0.24,6.98,0
193806,23.89,4.22,0.37,-24.87,0
193807,7.33,6.69,2.28,-6.77,-0.01
193808,-2.68,-2.48,-4.78,3.49,0
193809,0.83,-2.68,-1.7,2.45,0.02
193810,7.8,5.81,5.04,-7.53,0.01
193811,-1.74,-2.55,-1.2,3.32,-0.06
193812,4.16,-1.81,0.54,2.33,0
193901,-5.97,-1.54,-3.92,-2.96,-0.01
193902,3.51,0.61,2.92,3.08,0.01
193903,-12.03,-4.75,-8.27,-1.86,-0.01
193904,-0.18,1.67,-0.3,2.73,0
193905,6.81,2.8,0.47,3.47,0.01
193906,-5.33,-1.09,-5.28,2.25,0.01
193907,10.22,4.18,0.13,-0.69,0
193908,-6.68,-4.59,-2.47,5.96,-0.01
193909,16.89,20.57,21.76,-31.45,0.01
193910,-0.53,-0.08,-4.79,6.55,0
193911,-3.65,-5.12,-6.3,-0.39,0
193912,2.93,0.92,-4.19,5.42,0
194001,-2.41,0.23,-0.77,1.74,0
194002,1.44,2.52,-0.36,1.67,0
194003,2.05,1.24,-1.27,-0.54,0
194004,0.22,3.99,-0.22,3.35,0
194005,-22,-6.62,-3.72,2.77,-0.02
194006,6.69,-2.32,4.88,-2.46,0
194007,3.17,0.99,-0.75,0.93,0.01
194008,2.21,-0.18,0.55,-1.8,-0.01
194009,2.39,3.2,-1.14,-0.06,0
194010,3.03,0.33,4.65,-5.76,0
194011,-1.65,1.98,0.16,1.31,0
194012,0.69,-2.12,-0.89,3.54,0
194101,-4.18,0.98,3.83,-4.4,-0.01
194102,-1.43,-1.56,0.89,1.04,-0.01
194103,0.84,0.09,3.05,2.47,0.01
194104,-5.46,-1.67,3.41,3.05,-0.01
194105,1.37,-0.64,0.61,2.52,0
194106,5.83,1.31,0.61,-0.77,0
194107,5.87,5.74,7.24,-1.56,0.03
194108,-0.17,-0.43,-1.1,0.18,0.01
194109,-0.88,-0.98,-0.27,-1.59,0.01
194110,-5.26,-2.07,1.63,4.9,0
194111,-1.95,-1.08,-0.6,4.41,0
194112,-4.88,-2.86,-5.94,0.4,0.01
194201,0.79,7.45,10.1,-3.82,0.02
194202,-2.46,1.74,-1.15,-0.72,0.01
194203,-6.6,1.87,-0.61,-0.26,0.01
194204,-4.37,-0.44,2.09,-0.83,0.01
194205,5.96,-3.2,-2.67,-4.78,0.03
194206,2.68,-1.28,0.43,-1.36,0.02
194207,3.51,-0.15,2.41,0.79,0.03
194208,1.8,-0.04,1.33,0.02,0.03
194209,2.62,0.63,2.39,-0.89,0.03
194210,6.82,1.69,6.47,-4.31,0.03
194211,0.13,-1.42,-4.23,-1.07,0.03
194212,5.14,-2.55,0.55,3.18,0.03
194301,7.13,8.77,8.23,-0.3,0.03
194302,6.16,4.84,6.52,-1.63,0.03
194303,6.03,5.13,5.49,4.72,0.03
194304,0.81,2.09,5.86,5.86,0.03
194305,5.75,4.46,3.28,5.9,0.02
194306,1.82,-0.98,-0.75,-1.32,0.03
194307,-4.78,-2.31,-2.23,-4.51,0.03
194308,1.3,-0.64,-0.47,0.9,0.03
194309,2.4,1.3,1.42,1.73,0.03
194310,-1.15,0.6,1.68,-0.69,0.03
194311,-5.93,-1.57,-3.99,-4.47,0.03
194312,6.37,3.1,2.9,5.94,0.03
194401,1.74,2.61,2.29,0.75,0.03
194402,0.37,-0.08,0.85,0.34,0.03
194403,2.46,1.65,3.35,2.61,0.02
194404,-1.69,-1.31,-1.06,0.51,0.03
194405,5.08,1.68,1.03,1.9,0.03
194406,5.51,4.11,1.89,-5.52,0.03
194407,-1.49,0.58,-0.42,0.14,0.03
194408,1.56,2.37,-1.44,4.75,0.03
194409,0.02,0.48,-1.2,-1.31,0.02
194410,0.16,-0.16,-0.36,-1.32,0.03
194411,1.71,0.35,2.38,1.36,0.03
194412,4.04,2.23,5.87,3.31,0.02
194501,2.01,2.45,0.68,0.03,0.03
194502,6.23,1.62,4.43,3.2,0.02
194503,-3.91,-1.66,-1.57,-3.07,0.02
194504,7.8,0.48,3.11,4.71,0.03
194505,1.74,1.53,0.34,0.15,0.03
194506,0.39,3.14,4.27,4.14,0.02
194507,-2.17,-1.45,-2.73,-2.68,0.03
194508,6.22,1.6,-4.4,-1.3,0.03
194509,4.77,1.74,0.46,1.37,0.03
194510,3.89,2.36,2.14,0.17,0.03
194511,5.4,4.18,4.35,4.31,0.02
194512,1.19,2.16,-2.4,1.23,0.03
194601,6.24,3.98,2.28,3.77,0.03
194602,-5.84,-0.68,-1.27,-1.43,0.03
194603,5.88,0.3,-0.37,2.7,0.03
194604,4.23,2.37,0.46,3.04,0.03
194605,3.94,1.48,1.1,-0.53,0.03
194606,-3.89,-1.55,-0.53,-2.51,0.03
194607,-2.69,-1.91,0.05,0.22,0.03
194608,-6.46,-1.8,0.6,-0.05,0.03
194609,-10.18,-4.43,-1.97,0.7,0.03
194610,-1.44,0.17,3.45,0.91,0.03
194611,-0.02,-0.37,1.53,0.28,0.03
194612,4.97,0,-1.41,0.09,0.03
194701,1.25,2.2,-0.74,-6.32,0.03
194702,-1.09,0.7,0.14,-0.5,0.03
194703,-1.68,-1.6,0.61,4.1,0.03
194704,-4.8,-3.97,0.85,5.41,0.03
194705,-0.96,-3.27,0.32,3.37,0.03
194706,5.3,-0.33,-0.64,-1.84,0.03
194707,4.13,1.47,2.76,-3.38,0.03
194708,-1.74,0.33,0.14,3.4,0.03
194709,-0.54,1.62,1.36,0.1,0.06
194710,2.47,0.52,0.11,1.56,0.06
194711,-1.99,-1.69,1.07,4.26,0.06
194712,3.01,-2.47,3.74,3.64,0.08
194801,-3.93,2.52,1.38,-4.19,0.07
194802,-4.38,-1.7,0.05,1.41,0.07
194803,8.11,0.12,4.52,-0.25,0.09
194804,3.65,-1.64,4.12,4.16,0.08
194805,7.32,0.87,-1.27,2.33,0.08
194806,-0.11,-1.78,2.84,3.97,0.09
194807,-5.08,-0.38,0.11,-1.6,0.08
194808,0.24,-1.13,0.29,0.2,0.09
194809,-2.99,-1.27,-1.77,-1.36,0.04
194810,5.96,-1.48,0.58,2.73,0.04
194811,-9.34,-0.61,-4.15,0.58,0.04
194812,3.26,-2.85,-1.95,4.66,0.04
194901,0.23,1.71,1.25,-2.92,0.1
194902,-2.93,-1.87,-0.89,-0.43,0.09
194903,4.05,2.48,1.31,-0.79,0.1
194904,-1.87,-0.92,-1.12,3.13,0.09
194905,-2.98,-0.78,-2.39,3.06,0.1
194906,0.1,-0.86,-1.65,-1.29,0.1
194907,5.54,0.55,0.39,-1.47,0.09
194908,2.59,0.14,-0.59,1.58,0.09
194909,3.09,1.05,0.23,-1.4,0.09
194910,3.14,1.03,-0.49,0.02,0.09
194911,1.81,-0.94,-0.9,1.25,0.08
194912,5.14,2.08,1.73,-0.82,0.09
195001,1.7,3.34,0.15,-2.36,0.09
195002,1.48,0.02,-0.79,1.37,0.09
195003,1.26,-1.43,-2.78,1.47,0.1
195004,3.94,2,1.33,0.26,0.09
195005,4.32,-2.13,0.47,0.36,0.1
195006,-5.96,-2.41,-0.79,-1.59,0.1
195007,1.37,0.54,13.69,-0.51,0.1
195008,4.86,0.74,-1.37,3.24,0.1
195009,4.82,0.59,-1.1,-0.18,0.1
195010,-0.19,-0.66,1.36,1.51,0.12
195011,2.74,-0.89,3.19,3.52,0.11
195012,5.57,1.53,7.27,4.94,0.11
195101,5.7,1.67,3.79,2.32,0.13
195102,1.4,0.14,-2.79,-1.95,0.1
195103,-2.16,-0.66,-4.26,-2.93,0.11
195104,4.86,-1.48,3.26,5.98,0.13
195105,-2.36,-0.08,-1.42,-0.96,0.12
195106,-2.63,-1.96,-3.98,-2.45,0.12
195107,6.95,-2.05,2,7.18,0.13
195108,4.29,0.95,-0.17,0.66,0.13
195109,0.7,1.86,0.62,0.59,0.12
195110,-2.53,-0.23,0.18,-0.21,0.16
195111,0.58,-0.33,-0.08,0.47,0.11
195112,3.33,-2.24,-1.55,1.75,0.12
195201,1.45,-0.65,1.48,1.37,0.15
195202,-2.64,0.85,-0.62,-0.68,0.12
195203,4.44,-2.97,2.23,1.65,0.11
195204,-4.97,0.49,-0.03,-2.01,0.12
195205,3.2,-1,0.02,0.56,0.13
195206,3.84,-1.63,1.24,1.49,0.15
195207,0.91,-0.41,-0.32,-0.55,0.15
195208,-0.77,1.15,0.09,0.34,0.15
195209,-2.04,1.09,-1.42,1.73,0.16
195210,-0.66,-1.03,-0.55,2.73,0.14
195211,5.96,-0.72,1.02,0.36,0.1
195212,2.93,-1.51,0.19,1.54,0.16
195301,-0.34,3.54,1.28,0.74,0.16
195302,-0.27,2.22,-0.05,0.8,0.14
195303,-1.44,-0.21,-0.84,0.14,0.18
195304,-2.83,0.26,1.55,1.84,0.16
195305,0.51,-0.05,0.25,0.91,0.17
195306,-1.89,-1.89,-0.5,0,0.18
195307,2.4,-1.04,-0.25,-0.37,0.15
195308,-4.56,0.37,-3.52,2.12,0.17
195309,0.21,-0.85,-2.44,2.9,0.16
195310,4.6,-1.36,-0.19,0.25,0.13
195311,2.84,-1.3,-0.15,1.96,0.08
195312,0.02,-0.85,-2.83,5.21,0.13
195401,5.13,0.5,3.45,-5.84,0.11
195402,1.67,-0.18,-0.27,1.04,0.07
195403,3.66,-0.5,-1.45,2.13,0.08
195404,4.27,-3.47,-0.37,5.08,0.09
195405,3.1,0.39,2.45,-2.02,0.05
195406,1.08,0.38,0.02,3.55,0.06
195407,5,1.05,4.14,0.43,0.05
195408,-2.35,2.68,-1.42,-0.67,0.05
195409,6.4,-2.56,0.68,1.66,0.09
195410,-1.67,0.61,0.64,0.92,0.07
195411,9.41,-2.65,4.45,1.87,0.06
195412,5.49,2.18,5.68,-1.4,0.08
195501,0.6,0.24,2.1,1.47,0.08
195502,3.02,1.55,0.61,1.04,0.09
195503,-0.15,-0.65,1.93,0.96,0.1
195504,3.11,-1.75,0.75,-0.01,0.1
195505,0.94,-0.25,-0.96,0.61,0.14
195506,6.55,-4.61,1.85,4.72,0.1
195507,1.89,-1.2,0.39,-1.22,0.1
195508,0.22,-0.46,0.75,1.76,0.16
195509,-0.37,0.3,-1.01,1.83,0.16
195510,-2.67,1.46,-0.11,-0.52,0.18
195511,7.04,-2.2,0.33,2.57,0.17
195512,1.49,1.98,-2.11,-1.3,0.18
195601,-3.03,0.5,0.82,-1.48,0.22
195602,3.78,-0.97,-0.46,2.01,0.19
195603,6.64,-2.13,-0.49,3.52,0.15
195604,0.28,-0.03,-0.16,2.67,0.19
195605,-5.22,1.5,-1.32,-1.6,0.23
195606,3.47,-1.53,-1.1,2.67,0.2
195607,4.84,-1.69,-0.07,2.53,0.22
195608,-3.19,1.89,-0.73,-0.71,0.17
195609,-5.14,1.6,1.75,-0.76,0.18
195610,0.52,-0.12,-0.07,2.4,0.25
195611,0.35,-0.21,1.76,3.42,0.2
195612,3.16,-0.02,-2.15,3.79,0.24
195701,-3.57,3.38,2.83,-3.06,0.27
195702,-2.07,-0.75,-0.66,0.36,0.24
195703,2.13,0.33,-0.53,-0.27,0.23
195704,4.26,-1.57,-1.47,0.98,0.25
195705,3.46,-1.08,-2.01,0.17,0.26
195706,-0.75,0.59,-0.03,0.69,0.24
195707,0.66,-0.8,0.48,-0.03,0.3
195708,-5.12,0.06,-0.45,0.46,0.25
195709,-5.99,0.06,0.95,0.6,0.26
195710,-4.32,-2.46,-1.88,2.02,0.29
195711,2.31,0.4,-2.91,1.29,0.28
195712,-3.9,-0.91,-1.76,7.81,0.24
195801,4.65,4.29,4.34,-7.72,0.28
195802,-1.53,0.75,0.23,3.72,0.12
195803,3.27,0.69,-1.03,-1.65,0.09
195804,3.09,-0.69,1.64,1.9,0.08
195805,2.32,2.16,-0.2,-1.74,0.11
195806,2.93,-0.14,0.31,-0.89,0.03
195807,4.39,0.47,3.07,-3.56,0.07
195808,1.9,1.15,0.33,0.14,0.04
195809,4.66,0.08,2.8,-1.13,0.19
195810,2.53,1.05,-1.13,3.13,0.18
195811,3.01,2.05,-1.17,1.53,0.11
195812,5.16,-2.02,0.06,-0.71,0.22
195901,0.71,3.02,2.92,-0.29,0.21
195902,0.95,1.48,1.15,3.4,0.19
195903,0.28,1.45,-0.34,0.22,0.22
195904,3.66,-0.68,-1.24,3.16,0.2
195905,1.73,-2.1,1.8,1.5,0.22
195906,-0.24,0.67,1.32,3.14,0.24
195907,3.18,-0.35,0.27,-0.35,0.25
195908,-1.38,-0.78,0.44,-1,0.19
195909,-4.81,-0.15,0.53,0.78,0.31
195910,1.28,1.52,-2.1,3.43,0.3
195911,1.6,1.26,-3.22,2.29,0.26
195912,2.46,-0.63,-0.01,1.03,0.34
196001,-6.98,2.12,2.65,-3.51,0.33
196002,1.16,0.6,-1.97,4,0.29
196003,-1.63,-0.55,-2.75,1.41,0.35
196004,-1.71,0.22,-2.14,2.84,0.19
196005,3.12,1.29,-3.73,4.79,0.27
196006,2.08,-0.28,-0.27,0.89,0.24
196007,-2.37,-0.52,2.1,-0.7,0.13
196008,3,0.69,-0.18,1.51,0.17
196009,-6,-1.12,1.68,0.38,0.16
196010,-0.71,-4.09,2.83,1.26,0.22
196011,4.69,0.38,-2.39,3.64,0.13
196012,4.73,-1.58,-0.77,1.36,0.16
196101,6.2,0.6,3.65,-4.12,0.19
196102,3.57,3.89,-0.58,0.99,0.14
196103,2.89,3.22,-0.82,4.32,0.2
196104,0.29,0.07,2.13,3.62,0.17
196105,2.4,1.97,0.38,-1.57,0.18
196106,-3.08,-2.49,-0.09,0.3,0.2
196107,2.83,-1.94,-0.08,0.22,0.18
196108,2.57,-1.71,-0.3,1.64,0.14
196109,-2.15,-1.07,-0.61,0.79,0.17
196110,2.58,-1.61,0.18,3.07,0.19
196111,4.45,1.26,-1.22,1.34,0.15
196112,-0.17,-0.87,1.76,-2.18,0.19
196201,-3.87,1.74,5.11,-2.04,0.24
196202,1.81,-1.15,0.82,-1,0.2
196203,-0.68,0.66,-1.58,1.89,0.2
196204,-6.59,-0.85,0.14,2.94,0.22
196205,-8.66,-3.14,2.73,0.46,0.24
196206,-8.5,-0.46,2.42,6.4,0.2
196207,6.27,1.52,-3.37,0.51,0.27
196208,2.13,1.22,-1.12,-0.57,0.23
196209,-5.22,-2.4,1.33,3.96,0.21
196210,-0.05,-3.95,1.3,0.79,0.26
196211,10.89,2.5,0.85,-7.19,0.2
196212,1.01,-3.76,0.32,5.9,0.23
196301,4.94,3.01,2.24,-2.13,0.25
196302,-2.4,0.46,2.15,2.52,0.23
196303,3.08,-2.58,2.1,1.58,0.23
196304,4.51,-1.26,1,-0.1,0.25
196305,1.76,1.08,2.55,0.29,0.24
196306,-2,-0.32,0.65,1.16,0.23
196307,-0.39,-0.57,-0.81,1.01,0.27
196308,5.08,-0.95,1.7,1,0.25
196309,-1.57,-0.25,0,0.12,0.27
196310,2.54,-0.57,-0.04,3.13,0.29
196311,-0.86,-1.16,1.73,-0.78,0.27
196312,1.83,-1.96,-0.21,1.84,0.29
196401,2.24,-0.24,1.63,1.02,0.3
196402,1.55,0.12,2.81,0.33,0.26
196403,1.41,0.95,3.29,0.69,0.31
196404,0.1,-1.35,-0.54,-0.64,0.29
196405,1.41,-0.84,1.81,2.53,0.26
196406,1.27,-0.23,0.68,0.47,0.3
196407,1.74,0.19,0.79,-0.38,0.3
196408,-1.44,0.01,0.07,-0.25,0.28
196409,2.69,-0.63,1.72,-0.39,0.28
196410,0.6,0.48,1.08,0.19,0.29
196411,-0.01,0.62,-2.04,1.1,0.29
196412,0.04,-0.24,-2.43,-0.69,0.31
196501,3.54,2.57,0.36,-1.38,0.28
196502,0.44,3.31,0.22,0.24,0.3
196503,-1.34,1.79,1.15,0.17,0.36
196504,3.11,1.14,0.73,2.53,0.31
196505,-0.78,0.02,-1.55,0.55,0.31
196506,-5.51,-4.07,0.23,-3.18,0.35
196507,1.44,0.86,2.19,4.09,0.31
196508,2.73,2.85,-0.98,2.58,0.33
196509,2.86,0.63,-0.14,3.29,0.31
196510,2.6,2.52,1.55,3.45,0.31
196511,-0.03,4.69,0.16,4.4,0.35
196512,1.01,2.07,2.15,-0.1,0.33
196601,0.72,4.02,3.27,5.28,0.38
196602,-1.21,4.44,0.38,4.58,0.35
196603,-2.51,0.86,-2.13,1.47,0.38
196604,2.13,3.44,-0.36,5.88,0.34
196605,-5.67,-4.6,-1.6,-4.71,0.41
196606,-1.44,1.02,0.49,3.23,0.38
196607,-1.63,-0.35,0.91,-1.3,0.35
196608,-7.94,-3.26,0.5,-2.21,0.41
196609,-1.06,-1.01,0.48,-1.86,0.4
196610,3.86,-6.6,2.74,-5.2,0.45
196611,1.38,4.07,-4.63,5.73,0.4
196612,0.13,1.93,-0.95,0.99,0.4
196701,8.15,8.1,2.36,-7,0.43
196702,0.77,3.32,-2.26,3.51,0.36
196703,3.99,1.47,0.47,1.39,0.39
196704,3.89,0.47,-2.29,0.52,0.32
196705,-4.32,2.11,0.8,0.66,0.33
196706,2.42,5.85,0.8,6.01,0.27
196707,4.58,3.17,2.75,-1.1,0.32
196708,-0.9,0.43,1.43,-1.32,0.31
196709,3.1,3.04,-2.47,2.39,0.32
196710,-3.08,1.47,-3.29,3.68,0.39
196711,0.37,0.18,-1.71,1.22,0.36
196712,3.05,5.62,-0.54,3.2,0.33
196801,-4.03,3.99,4.85,-4.46,0.4
196802,-3.74,-2.94,1.23,-3.34,0.39
196803,0.21,-1.3,-0.63,3.19,0.38
196804,9.02,5.66,-1.1,5.11,0.43
196805,2.28,6.29,0.82,3.75,0.45
196806,0.7,-0.19,0.66,-2.09,0.43
196807,-2.69,-1.28,5.31,-0.89,0.48
196808,1.35,2.42,0.99,1.9,0.42
196809,4.05,2.74,0.3,-0.64,0.43
196810,0.43,-0.5,2.82,-1.46,0.44
196811,5.43,2.34,-0.96,1.74,0.42
196812,-3.93,3.36,0.04,0.32,0.43
196901,-1.25,-0.63,1.66,-0.15,0.53
196902,-5.86,-3.96,0.89,-2.55,0.46
196903,2.66,-0.3,-0.42,4.06,0.46
196904,1.46,-0.81,0.02,1.24,0.53
196905,-0.09,-0.32,0.62,1.81,0.48
196906,-7.19,-5.34,-1.1,-2.31,0.51
196907,-7,-3.24,1.18,1.82,0.53
196908,4.69,0.81,-3.75,2.14,0.5
196909,-2.97,1.23,-3.22,2.43,0.62
196910,5.06,3.92,-3.12,-4.36,0.6
196911,-3.8,-2.55,-1.25,3.67,0.52
196912,-2.63,-3.68,-2.88,5.27,0.64
197001,-8.1,2.91,3.17,0.56,0.6
197002,5.14,-2.39,3.69,0.27,0.62
197003,-1.06,-2.31,4.08,-0.36,0.57
197004,-10.99,-6.14,6.14,-0.83,0.5
197005,-6.9,-4.61,3.32,-2.66,0.53
197006,-5.8,-2.08,0.44,5.64,0.58
197007,6.92,-0.55,0.93,-3.12,0.52
197008,4.5,1.48,1.41,-6.68,0.53
197009,4.18,8.61,-5.41,-8.64,0.54
197010,-2.27,-4.17,0.21,9.45,0.46
197011,4.62,-3.97,1.58,2.59,0.46
197012,5.74,2.82,1.04,-2.3,0.42
197101,4.83,7.28,1.55,-6.86,0.38
197102,1.41,1.86,-1.24,0.82,0.33
197103,4.12,2.6,-3.95,-1.4,0.3
197104,3.15,-0.49,0.86,1.36,0.28
197105,-3.99,-1.04,-1.33,0.93,0.29
197106,-0.09,-1.53,-1.97,2.69,0.37
197107,-4.49,-1.51,-0.02,-2.32,0.4
197108,3.79,-0.22,2.64,3.44,0.47
197109,-0.86,0.5,-2.9,2.1,0.37
197110,-4.42,-1.75,-0.51,0.5,0.37
197111,-0.46,-2.77,-1.67,1.51,0.37
197112,8.71,3.29,-0.38,-0.62,0.37
197201,2.47,5.84,2.12,0.07,0.29
197202,2.87,1.32,-2.83,2.53,0.25
197203,0.62,-0.29,-1.61,2.94,0.27
197204,0.29,0.16,0.03,2.79,0.29
197205,1.29,-2.71,-2.72,3.33,0.3
197206,-2.43,0.28,-2.46,1.9,0.29
197207,-0.8,-2.9,0.6,2.68,0.31
197208,3.27,-3.99,4.56,-5.36,0.29
197209,-1.14,-2.66,0.49,1.83,0.34
197210,0.52,-2.73,1.22,0.7,0.4
197211,4.6,-1.18,4.88,-5.08,0.37
197212,0.62,-1.95,-2.18,4.95,0.37
197301,-3.27,-3.49,2.7,3.8,0.44
197302,-4.85,-3.89,1.64,2.22,0.42
197303,-1.3,-2.78,2.57,3.55,0.46
197304,-5.68,-3.84,5.39,6.35,0.52
197305,-2.97,-6.27,0.38,7.19,0.51
197306,-1.57,-2.84,1.14,4.33,0.51
197307,5.04,7.92,-5.26,-11.67,0.64
197308,-3.82,-2,1.03,3.59,0.7
197309,4.74,2.93,2.22,-6.98,0.68
197310,-0.83,-0.21,1.66,6.78,0.65
197311,-12.78,-7.72,4.09,8.93,0.56
197312,0.59,-5.4,4.01,10.16,0.64
197401,-0.16,9.68,5.95,-8.92,0.63
197402,-0.46,0,2.47,0.37,0.58
197403,-2.82,2.5,-0.14,-1,0.56
197404,-5.28,-0.68,0.92,2.06,0.75
197405,-4.7,-2.93,-2.08,-0.29,0.75
197406,-2.84,-0.24,0.83,2.32,0.6
197407,-8.06,0.78,5.16,3,0.7
197408,-9.39,-0.69,2.61,3.03,0.6
197409,-11.79,0.27,5.43,4.24,0.81
197410,16.11,-3.43,-9.91,-0.53,0.51
197411,-4.53,-1.17,-0.25,2.2,0.54
197412,-3.44,-4.74,0.12,2.98,0.7
197501,13.67,11.06,8.26,-13.8,0.58
197502,5.56,0.12,-4.47,-0.58,0.43
197503,2.66,3.75,2.42,-2.07,0.41
197504,4.22,-0.64,-1.13,1.51,0.44
197505,5.2,3.93,-4.05,-0.58,0.44
197506,4.87,0.81,1.35,-0.04,0.41
197507,-6.6,2.66,1.76,0.34,0.48
197508,-2.84,-3.17,-0.91,-0.16,0.48
197509,-4.26,-0.16,0.33,0.4,0.53
197510,5.32,-4.08,0.35,-0.22,0.56
197511,2.65,-1.22,2.03,-0.5,0.41
197512,-1.6,-0.87,1.7,-0.1,0.48
197601,12.15,4.87,8.63,4.37,0.47
197602,0.31,6.97,5.71,0.38,0.34
197603,2.32,-1.17,-0.11,0.22,0.4
197604,-1.49,-0.08,-0.16,0.53,0.42
197605,-1.34,-1.19,-1.29,-1.07,0.37
197606,4.06,-1.32,0.73,-0.44,0.43
197607,-1.06,0.28,1.74,-0.15,0.47
197608,-0.57,-2.05,0.79,-0.78,0.42
197609,2.06,0.08,-0.31,0.2,0.44
197610,-2.42,0.14,-0.17,-0.43,0.41
197611,0.36,2.34,1.53,2.82,0.4
197612,5.65,3.03,2.23,0.73,0.4
197701,-4.03,4.75,4.32,4.05,0.36
197702,-1.94,1.03,0.45,0.34,0.35
197703,-1.35,0.99,1.09,0.68,0.38
197704,0.15,-0.13,3.38,4.19,0.38
197705,-1.47,1.25,0.81,2.01,0.37
197706,4.72,2.07,-0.62,1.6,0.4
197707,-1.69,2.09,-0.6,0.38,0.42
197708,-1.76,1.55,-2.77,-1.63,0.44
197709,-0.27,1.5,-0.26,2.1,0.43
197710,-4.39,1.19,1.62,-0.12,0.49
197711,4,3.68,0.23,2.14,0.5
197712,0.27,1.36,-0.29,1.59,0.49
197801,-6,2.28,3.38,-0.58,0.49
197802,-1.39,3.59,0.81,1.96,0.46
197803,2.85,3.44,1.15,1.45,0.53
197804,7.87,0.36,-3.54,0.49,0.54
197805,1.76,4.53,-0.55,2.77,0.51
197806,-1.69,1.74,0.6,2.78,0.54
197807,5.12,0.29,-1,4.19,0.56
197808,3.78,5.06,-0.66,3,0.56
197809,-1.44,-0.49,1.88,-3.2,0.62
197810,-11.9,-9.89,1.26,-8.42,0.68
197811,2.71,3.06,-2.08,5.45,0.7
197812,0.87,1.19,-2.14,3.01,0.78
197901,4.22,3.55,2.19,-1.43,0.77
197902,-3.56,0.44,1.17,-0.99,0.73
197903,5.67,3.2,-0.68,2.91,0.81
197904,-0.07,2.17,1.12,0.87,0.8
197905,-2.2,0.21,1.32,-0.55,0.82
197906,3.84,1.13,1.42,0.77,0.81
197907,0.83,1.28,1.79,-1.07,0.77
197908,5.54,1.98,-1.58,-0.29,0.77
197909,-0.83,-0.26,-0.94,5.28,0.83
197910,-8.1,-3.38,-1.83,2.04,0.87
197911,5.22,2.81,-3.21,8.03,0.99
197912,1.78,4.13,-2.13,4.72,0.95
198001,5.5,1.62,1.85,7.45,0.8
198002,-1.23,-1.86,0.59,7.89,0.89
198003,-12.9,-6.7,-0.96,-9.58,1.21
198004,3.95,1.05,1.03,-0.48,1.26
198005,5.26,2.05,0.38,-1.18,0.81
198006,2.98,1.66,-0.8,1.58,0.61
198007,6.51,4.1,-6.29,0.29,0.53
198008,1.75,3.9,-2.46,3.06,0.64
198009,2.19,0.96,-4.61,5.43,0.75
198010,1.04,2.39,-2.93,7.13,0.95
198011,9.6,-3.27,-8.11,15.15,0.96
198012,-4.46,-0.28,2.8,-6.71,1.31
198101,-5.06,2.91,6.74,-7.82,1.04
198102,0.61,-0.47,0.97,-1.35,1.07
198103,3.67,3.34,0.61,0.82,1.21
198104,-2.16,4.5,2.28,-1.08,1.08
198105,0.13,1.94,-0.43,3.56,1.15
198106,-2.34,-0.83,5.14,-5.67,1.35
198107,-1.55,-2.07,-0.61,-2.44,1.24
198108,-7.02,-1.95,4.71,-1.1,1.28
198109,-7.19,-2.68,5.11,2.13,1.24
198110,4.92,2.13,-4.09,3.83,1.21
198111,3.4,-1.09,1.91,-0.21,1.07
198112,-3.63,1.18,0.79,1.28,0.87
198201,-3.23,-1.25,3.19,1.77,0.8
198202,-5.86,0.46,6.09,4.87,0.92
198203,-1.82,-0.19,3.76,2.9,0.98
198204,3.24,1.64,-3.08,-0.46,1.13
198205,-3.93,0.17,1.78,2.51,1.06
198206,-3.08,-0.43,1.56,4.89,0.96
198207,-3.2,0.91,0.07,4.4,1.05
198208,11.23,-4.28,1.09,-3.6,0.76
198209,1.31,2.87,0.23,4.14,0.51
198210,11.3,2.38,-3.62,0.01,0.59
198211,4.68,4.63,-1.8,5.92,0.63
198212,0.56,-0.31,-0.06,-0.02,0.67
198301,3.59,2.82,-0.72,-1.63,0.69
198302,2.59,3.18,0.66,3.69,0.62
198303,2.81,1.75,2.06,0.88,0.63
198304,6.66,0.46,0.43,1.63,0.71
198305,0.51,6.2,-1.4,-1.55,0.69
198306,3.07,0.93,-3.89,1.83,0.67
198307,-4.06,1.5,5.54,-3.08,0.74
198308,-0.5,-4.29,5.59,-5.38,0.76
198309,0.92,0.61,0.99,-0.01,0.76
198310,-3.43,-3.55,4.96,-4.46,0.76
198311,2.17,2.02,-0.73,-0.14,0.7
198312,-1.77,-0.25,1.75,0.81,0.73
198401,-1.92,-0.35,7.48,-2.57,0.76
198402,-4.77,-1.68,3.41,0.45,0.71
198403,0.65,0.1,0.53,1.09,0.73
198404,-0.51,-1.16,1.19,2.14,0.81
198405,-5.98,0.07,0.26,1.54,0.78
198406,1.81,-0.24,-2.75,-0.53,0.75
198407,-2.72,-2.2,0.39,2.77,0.82
198408,10.27,-0.27,-1.74,-5.62,0.83
198409,-0.8,0.15,5.25,3.66,0.86
198410,-0.84,-1.11,0.59,3.28,1
198411,-1.77,-0.72,3.87,1.56,0.73
198412,1.84,-0.66,-0.29,1.38,0.64
198501,7.97,3.27,-5.21,-6.82,0.65
198502,1.22,0.71,-0.24,1.91,0.58
198503,-0.83,-1.07,4.01,1.78,0.62
198504,-0.96,0.09,3.6,2.95,0.72
198505,5.07,-2.3,-0.98,4.05,0.66
198506,1.27,0.48,0.38,3.37,0.55
198507,-0.72,2.83,-1.62,-3.69,0.62
198508,-1.01,-0.3,2.34,1.77,0.55
198509,-4.51,-1.62,1.21,1.6,0.6
198510,4,-1.5,0.77,4.87,0.65
198511,6.46,0.19,-2.91,-0.55,0.61
198512,3.88,-0.53,-1.46,-0.23,0.65
198601,0.65,1.15,0.46,2.95,0.56
198602,7.14,-0.57,-0.63,2.56,0.53
198603,4.91,-0.54,-0.39,2.38,0.6
198604,-1.28,2.76,-2.81,-0.35,0.52
198605,4.62,-1.36,-0.14,2.06,0.49
198606,1.06,-0.93,1.2,4.94,0.52
198607,-6.43,-3.43,4.66,1.89,0.52
198608,6.07,-4.16,3.54,-5.17,0.46
198609,-8.59,2.4,3.23,-5.68,0.45
198610,4.64,-2.53,-1.42,4.48,0.46
198611,1.17,-1.87,-0.02,-0.27,0.39
198612,-3.26,0.19,0.36,0.45,0.49
198701,12.45,-1.89,-3.18,2.03,0.42
198702,4.38,3.45,-5.86,-2.22,0.43
198703,1.63,0.5,1.66,1.66,0.47
198704,-2.09,-1.72,-0.36,0.2,0.44
198705,0.11,-0.53,0.22,-0.77,0.38
198706,3.91,-2.03,1.13,-0.22,0.48
198707,3.84,-0.57,0.94,2.57,0.46
198708,3.52,-0.85,-0.98,-0.95,0.47
198709,-2.58,0.58,0.26,0.8,0.45
198710,-23.19,-8.27,4.18,-7.75,0.6
198711,-7.76,2.68,3.14,-1.21,0.35
198712,6.82,0.03,-4.42,5.88,0.39
198801,4.21,-0.75,4.93,-7.35,0.29
198802,4.77,3.33,-1.53,-1.45,0.46
198803,-2.26,6.01,0.86,0.61,0.44
198804,0.57,0.91,1.51,2.2,0.46
198805,-0.27,-2.54,2.44,0.66,0.51
198806,4.78,2.02,-1.35,-3.02,0.49
198807,-1.25,-0.23,2.18,0.66,0.51
198808,-3.31,0.07,2.14,0.36,0.59
198809,3.31,-1.34,-0.75,0.29,0.62
198810,1.16,-2.92,2.03,1.3,0.61
198811,-2.27,-1.64,1.47,0.18,0.57
198812,1.48,1.89,-1.83,0.31,0.63
198901,6.07,-2.19,0.61,-0.25,0.55
198902,-2.23,2.81,0.99,0.99,0.61
198903,1.57,0.67,0.47,3.51,0.67
198904,4.35,-0.67,-1.48,1.71,0.67
198905,3.28,-0.09,-0.9,1.42,0.79
198906,-1.33,-0.97,2.21,0.4,0.71
198907,7.18,-4.11,-2.8,5.32,0.7
198908,1.43,0.57,0.62,-0.49,0.74
198909,-0.76,0.3,-1.27,3.51,0.65
198910,-3.65,-3.24,-1.16,1.35,0.68
198911,1.04,-1.19,-1.13,2.7,0.69
198912,1.18,-2.37,0.15,2.79,0.61
199001,-7.8,-1.14,0.83,-2.98,0.57
199002,1.12,0.97,0.65,-0.51,0.57
199003,1.83,1.47,-2.9,1.72,0.64
199004,-3.36,-0.47,-2.57,2.28,0.69
199005,8.43,-2.56,-3.89,3.14,0.68
199006,-1.09,1.35,-2,2.49,0.63
199007,-1.9,-3.08,-0.06,6.04,0.68
199008,-10.12,-3.5,1.56,1.97,0.66
199009,-6.11,-3.64,0.59,5.71,0.6
199010,-1.92,-5.52,0.08,6.74,0.68
199011,6.35,0.42,-2.97,-5.36,0.57
199012,2.46,0.79,-1.57,0.25,0.6
199101,4.69,3.78,-1.48,-6.47,0.52
199102,7.19,4.01,-0.62,-4.94,0.48
199103,2.66,3.88,-1.3,2.71,0.44
199104,-0.28,0.5,1.49,-2.32,0.53
199105,3.66,-0.39,-0.52,-0.09,0.47
199106,-4.94,0.18,1.08,0.42,0.42
199107,4.24,-0.97,-1.3,4.26,0.49
199108,2.32,1.58,-0.79,1.58,0.46
199109,-1.59,1.68,-1.23,1.75,0.46
199110,1.29,0.77,-0.43,3.18,0.42
199111,-4.2,-0.51,-1.77,1.18,0.39
199112,10.85,-2.26,-4.23,8.29,0.38
199201,-0.59,8.48,4.67,-2.5,0.34
199202,1.08,0.83,6.51,-0.7,0.28
199203,-2.65,-0.97,3.49,-0.21,0.34
199204,1.09,-6.12,4.36,-2.55,0.32
199205,0.3,0.41,1.11,0.06,0.28
199206,-2.33,-3.1,3.24,-0.57,0.32
199207,3.78,-0.45,-0.51,1.47,0.31
199208,-2.38,-0.1,-1.09,-0.47,0.26
199209,1.19,0.55,-0.19,1.44,0.26
199210,1.02,2.11,-1.98,2.5,0.23
199211,4.14,3.68,-1.52,-0.25,0.23
199212,1.53,1.65,2.64,4.33,0.28
199301,0.93,1.89,5.9,4.85,0.23
199302,0.12,-3.39,6.48,3.18,0.22
199303,2.32,0.29,1.26,3.7,0.25
199304,-3.05,-0.62,2.55,0.36,0.24
199305,2.89,2.06,-3.46,0.21,0.22
199306,0.3,-0.3,2.64,4.57,0.25
199307,-0.34,0.96,2.87,3.22,0.24
199308,3.72,0.11,0.18,2.54,0.25
199309,-0.12,3.09,-0.24,3.39,0.26
199310,1.42,1.99,-2.78,-2.67,0.22
199311,-1.87,-1.27,-0.78,-4.77,0.25
199312,1.65,1.19,0.25,2.33,0.23
199401,2.87,0.33,1.1,0.11,0.25
199402,-2.55,2.76,-1.52,-0.34,0.21
199403,-4.79,-1.08,1.67,-1.32,0.27
199404,0.68,-0.93,1.66,0.33,0.27
199405,0.58,-2.09,0.6,-2.05,0.32
199406,-3.04,-0.43,1.77,-0.9,0.31
199407,2.82,-1.81,0.61,0.11,0.28
199408,4.02,1.5,-2.55,1.54,0.37
199409,-2.28,3.04,-1.81,1.32,0.37
199410,1.35,-2.16,-1.66,1.31,0.38
199411,-4.03,0.28,-0.73,-0.12,0.37
199412,0.86,0.17,-0.09,3.45,0.44
199501,1.8,-3.51,2.59,-1.84,0.42
199502,3.63,-0.61,0.99,-0.47,0.4
199503,2.19,-0.2,-2.13,0.45,0.46
199504,2.11,-0.51,1.67,1.8,0.44
199505,2.9,-2.53,2.28,-0.55,0.54
199506,2.72,3.17,-2.54,3.01,0.47
199507,3.71,2.09,-1.58,2.6,0.45
199508,0.55,1.31,2.68,0.05,0.47
199509,3.36,-2.16,-0.11,2.86,0.43
199510,-1.51,-3.8,-0.49,4.17,0.47
199511,3.96,-1.12,0.52,-0.72,0.42
199512,1.04,0.66,0.24,2.48,0.49
199601,2.26,-2.83,0.46,0.57,0.43
199602,1.33,1.79,-1.05,0.57,0.39
199603,0.74,1.43,0.42,-1.85,0.39
199604,2.06,5.2,-3.97,-0.94,0.46
199605,2.36,3.2,-0.9,1.62,0.42
199606,-1.13,-4,2.33,1.02,0.4
199607,-5.96,-4.3,5.19,-0.15,0.45
199608,2.77,2.45,-0.82,-0.02,0.41
199609,5.01,-1.02,-2.74,2.67,0.44
199610,0.87,-4.39,4.88,3.72,0.42
199611,6.25,-4.04,1.4,-2.35,0.41
199612,-1.7,3.12,1.28,0.53,0.46
199701,4.96,-1.93,-1.44,1.87,0.45
199702,-0.48,-3.16,5.61,-2.18,0.39
199703,-5.02,-0.33,3.39,0.88,0.43
199704,4.04,-5.74,0,4.83,0.43
199705,6.73,5.12,-4.11,-5.19,0.49
199706,4.1,1.21,1.44,2.59,0.37
199707,7.31,-2.73,0.13,3.7,0.43
199708,-4.1,7.15,1.13,-2.57,0.41
199709,5.34,2.54,0.24,1.46,0.44
199710,-3.8,-0.71,2.33,-0.53,0.42
199711,2.99,-5.11,1.22,0.38,0.39
199712,1.33,-2.48,3.74,3.91,0.48
199801,0.15,-1.01,-1.68,0.05,0.43
199802,7.03,0.13,-0.93,-1.19,0.39
199803,4.76,-1.19,1.38,2.13,0.39
199804,0.74,0.06,1.03,0.76,0.43
199805,-3.07,-3.4,3.41,1.91,0.4
199806,3.19,-3.17,-2.03,7.26,0.41
199807,-2.42,-4.83,-1.83,3.79,0.4
199808,-16.05,-5.47,3.57,1.9,0.43
199809,6.19,-0.02,-3.51,-0.65,0.46
199810,6.98,-2.98,-2.33,-5.33,0.32
199811,6.07,1.26,-3.24,1.13,0.31
199812,6.15,-0.46,-4.25,8.87,0.38
199901,3.48,0.67,-4.46,2.84,0.35
199902,-4.08,-6.02,1.95,-0.14,0.35
199903,3.48,-3.84,-2.61,-1.21,0.43
199904,4.34,3.89,2.4,-8.98,0.37
199905,-2.46,3.32,2.49,-5.25,0.34
199906,4.77,3.23,-3.22,4.66,0.4
199907,-3.49,2.48,-0.18,1.7,0.38
199908,-1.37,-0.95,-1.93,2.98,0.39
199909,-2.77,3.12,-2.9,6.38,0.39
199910,6.09,-6.94,-2.88,5.45,0.39
199911,3.41,6.87,-5.65,5.49,0.36
199912,7.66,6.56,-7.66,13.14,0.44
200001,-4.74,5.16,-1.12,1.86,0.41
200002,2.46,21.25,-9.77,18.02,0.43
200003,5.21,-17.41,8.5,-6.85,0.47
200004,-6.39,-6,6.45,-8.6,0.46
200005,-4.39,-6.08,4.59,-8.99,0.5
200006,4.68,12.71,-8.04,16.63,0.4
200007,-2.48,-2.84,8.06,-0.16,0.48
200008,7.03,-0.5,-1.37,5.59,0.5
200009,-5.44,-1.74,7.24,1.89,0.51
200010,-2.78,-3.85,5.58,-4.56,0.56
200011,-10.7,-3.08,12.24,-2.17,0.51
200012,1.18,0.82,7.55,6.59,0.5
200101,3.25,6.41,-5.05,-25.35,0.54
200102,-10.03,-0.65,12.23,12.6,0.38
200103,-7.25,0.26,6.47,8.65,0.42
200104,7.93,0.5,-4.64,-8.01,0.39
200105,0.68,2.48,3.38,2.15,0.32
200106,-1.94,6.35,-1.26,0.62,0.28
200107,-2.13,-4.05,4.95,5.48,0.3
200108,-6.4,2.19,2.86,5.46,0.31
200109,-9.24,-6.23,1.52,11.38,0.28
200110,2.48,7.49,-7.31,-8.32,0.22
200111,7.53,-0.57,2.17,-8.61,0.17
200112,1.61,4.72,0.83,0.02,0.15
200201,-1.44,1.17,3.42,3.65,0.14
200202,-2.3,-1.08,2.34,6.83,0.13
200203,4.24,4.09,1.08,-1.69,0.13
200204,-5.21,5.82,4.01,7.7,0.15
200205,-1.36,-3.27,1.52,3.09,0.14
200206,-7.23,4.08,0.37,6.24,0.13
200207,-8.19,-5.25,-3.51,3.63,0.15
200208,0.5,-2.8,3.01,1.87,0.14
200209,-10.34,2.42,1.26,9.18,0.14
200210,7.84,-3.4,-3.76,-5.58,0.14
200211,5.96,3.26,-1.16,-16.43,0.12
200212,-5.76,-0.04,2.11,9.72,0.11
200301,-2.57,1.34,-0.79,1.59,0.1
200302,-1.88,-0.44,-1.36,1.21,0.09
200303,1.09,1.17,-2.11,1.4,0.1
200304,8.18,0.76,1.22,-9.35,0.1
200305,6.05,4.61,0.7,-10.75,0.09
200306,1.42,1.7,0.14,-1.23,0.1
200307,2.33,4.93,-1.53,-0.3,0.07
200308,2.33,2.44,1.64,-0.53,0.07
200309,-1.24,0.85,0.14,-0.07,0.08
200310,6.08,2.59,2.21,4.01,0.07
200311,1.35,2.06,1.72,1.36,0.07
200312,4.29,-2.68,1.51,-5.54,0.08
200401,2.15,2.54,2.42,2.57,0.07
200402,1.4,-1.57,0.95,-1.17,0.06
200403,-1.32,1.73,0.23,0.19,0.09
200404,-1.81,-1.73,-3.23,-5.34,0.08
200405,1.18,-0.23,-0.18,1.49,0.06
200406,1.85,2.25,1.21,2.08,0.08
200407,-4.04,-3.76,3.22,-2.24,0.1
200408,0.07,-1.52,1.08,-1.55,0.11
200409,1.6,3.01,-0.05,5.48,0.11
200410,1.42,0.13,-0.26,-1.43,0.11
200411,4.53,3.74,1.57,3.08,0.15
200412,3.42,-0.03,-0.23,-2.85,0.16
200501,-2.75,-1.66,2.06,2.96,0.16
200502,1.88,-0.57,1.41,3.43,0.16
200503,-1.94,-1.41,2.07,0.43,0.21
200504,-2.61,-3.93,0.05,-0.68,0.21
200505,3.65,2.86,-0.58,0.37,0.24
200506,0.58,2.56,2.8,2.07,0.23
200507,3.92,2.87,-0.78,0.03,0.24
200508,-1.2,-1.07,1.34,2.07,0.3
200509,0.48,-0.62,0.78,3.46,0.29
200510,-2.04,-1.3,0.43,-1.19,0.27
200511,3.61,1.05,-1.19,0.34,0.31
200512,-0.24,-0.44,0.15,0.78,0.32
200601,3.03,5.46,0.99,2.52,0.35
200602,-0.3,-0.41,-0.31,-1.78,0.34
200603,1.47,3.39,0.61,1.26,0.37
200604,0.73,-1.38,2.26,0.6,0.36
200605,-3.56,-3.01,2.38,-3.66,0.43
200606,-0.35,-0.35,0.85,1.55,0.4
200607,-0.77,-3.95,2.62,-2.04,0.4
200608,2.03,0.99,-1.95,-3.36,0.42
200609,1.84,-1.3,0.06,-0.98,0.41
200610,3.22,1.77,-0.33,-0.25,0.41
200611,1.7,0.63,0.04,-1.04,0.42
200612,0.85,-1.16,2.74,0.79,0.4
200701,1.38,0.09,-0.68,0.17,0.44
200702,-1.96,1.23,-0.08,-1.29,0.38
200703,0.71,0.09,-0.88,2.58,0.43
200704,3.49,-2.21,-1.44,-0.16,0.44
200705,3.23,0.16,-0.59,-0.33,0.41
200706,-1.96,0.73,-1.05,0.52,0.4
200707,-3.72,-2.66,-3.68,2.84,0.4
200708,0.94,-0.11,-1.87,-0.03,0.42
200709,3.22,-2.25,-2.17,4.43,0.32
200710,1.79,0.19,-2.87,5.03,0.32
200711,-4.8,-2.81,-1.09,1.12,0.34
200712,-0.87,0.11,-0.51,6.56,0.27
200801,-6.33,-1.02,4,-7.74,0.21
200802,-3.09,-0.48,-0.72,6.13,0.13
200803,-0.94,0.71,0.31,4.25,0.17
200804,4.61,-1.69,-0.96,-0.33,0.18
200805,1.87,2.97,-1.5,3.39,0.18
200806,-8.43,1.15,-2.51,12.71,0.17
200807,-0.75,2.6,5.2,-5.02,0.15
200808,1.53,3.4,1.52,-4.48,0.13
200809,-9.35,-1.07,5.66,0.86,0.15
200810,-17.2,-2.31,-1.89,7.87,0.08
200811,-7.74,-3.01,-6.21,7.28,0.03
200812,1.77,3.52,0.05,-5.09,0
200901,-8.09,0.04,-11.02,-2.36,0
200902,-10.14,0.14,-6.6,4.36,0.01
200903,9.01,-0.1,3.48,-11.83,0.02
200904,10.17,5.4,5.38,-34.34,0.01
200905,5.21,-2.41,0.41,-12.53,0
200906,0.42,2.58,-2.76,5.45,0.01
200907,7.74,1.75,4.89,-5.54,0.01
200908,3.33,-1.12,7.6,-9.1,0.01
200909,4.08,2.43,1.15,-4.87,0.01
200910,-2.53,-4.26,-4.17,2.49,0
200911,5.63,-2.5,-0.33,0.39,0
200912,2.8,6.01,-0.11,3,0.01
201001,-3.35,0.43,0.33,-5.33,0
201002,3.39,1.18,3.18,3.69,0
201003,6.3,1.46,2.19,3.57,0.01
201004,1.99,4.84,2.96,3.16,0.01
201005,-7.9,0.13,-2.48,-0.2,0.01
201006,-5.56,-1.79,-4.73,-2.7,0.01
201007,6.92,0.22,-0.5,1.78,0.01
201008,-4.78,-3.01,-1.73,0.04,0.01
201009,9.55,3.82,-3.02,1.38,0.01
201010,3.87,1.08,-2.46,1.46,0.01
201011,0.59,3.67,-0.9,2.73,0.01
201012,6.82,0.72,3.56,-3,0.01
201101,1.98,-2.29,0.61,-0.3,0.01
201102,3.48,1.5,1.18,1.88,0.01
201103,0.45,2.49,-1.84,3.45,0.01
201104,2.9,-0.42,-2.44,0.05,0
201105,-1.27,-0.73,-1.85,-0.6,0
201106,-1.74,-0.27,-0.2,1.82,0
201107,-2.35,-1.17,-0.91,0.2,0
201108,-5.96,-2.96,-2.43,-0.27,0.01
201109,-7.58,-3.12,-1.53,-2.4,0
201110,11.33,3.05,0.06,-1.4,0
201111,-0.27,-0.18,-0.52,3.88,0
201112,0.75,-0.56,1.54,1.83,0
201201,5.05,2.01,-0.93,-8.01,0
201202,4.42,-1.84,0.42,-0.26,0
201203,3.12,-0.63,1.19,1.31,0
201204,-0.85,-0.37,-0.77,3.72,0
201205,-6.17,0.12,-0.95,6.44,0.01
201206,3.89,0.72,0.55,-1.1,0
201207,0.79,-2.76,-0.06,3,0
201208,2.54,0.5,1.23,-2.35,0.01
201209,2.73,0.45,1.62,-1.13,0.01
201210,-1.76,-1.09,3.52,0.05,0.01
201211,0.78,0.6,-0.86,0.53,0.01
201212,1.18,1.5,3.48,-2.93,0.01
201301,5.57,0.29,1.01,-1.82,0
201302,1.28,-0.3,0.21,1.23,0
201303,4.04,0.83,-0.22,1.92,0
201304,1.56,-2.37,0.44,0.22,0
201305,2.8,1.7,2.67,-2.01,0
201306,-1.2,1.31,-0.05,0.43,0
201307,5.65,1.81,0.58,1.74,0
201308,-2.71,0.32,-2.73,0.04,0
201309,3.77,2.89,-1.18,3.02,0
201310,4.17,-1.56,1.22,0.02,0
201311,3.11,1.31,0.19,0.39,0
201312,2.81,-0.44,0,0.02,0
201401,-3.32,0.93,-1.99,1.61,0
201402,4.66,0.36,-0.35,2.13,0
201403,0.43,-1.86,4.9,-3.27,0
201404,-0.18,-4.18,1.22,-3.82,0
201405,2.05,-1.85,-0.1,0.89,0
201406,2.6,3.05,-0.71,0.65,0
201407,-2.03,-4.18,-0.08,-0.17,0
201408,4.24,0.41,-0.57,0.83,0
201409,-1.96,-3.59,-1.47,0.6,0
201410,2.51,4.05,-1.63,-0.21,0
201411,2.56,-2.05,-3.13,0.69,0
201412,-0.05,2.53,2.12,1.03,0
201501,-3.1,-0.59,-3.45,3.74,0
201502,6.13,0.61,-1.79,-3.1,0
201503,-1.11,3.05,-0.38,2.7,0
201504,0.59,-2.99,1.8,-7.27,0
201505,1.37,0.95,-1.11,5.68,0
201506,-1.52,2.94,-0.82,3.01,0
201507,1.57,-4.17,-4.16,9.97,0
201508,-6.02,0.37,2.75,-2.16,0
201509,-3.06,-2.63,0.55,5.24,0
201510,7.75,-1.9,-0.47,-3.19,0
201511,0.57,3.58,-0.43,2.29,0
201512,-2.15,-2.8,-2.57,3.34,0.01
201601,-5.74,-3.4,2.08,1.6,0.01
201602,-0.06,0.73,-0.61,-4.35,0.02
201603,6.95,0.75,1.22,-5.04,0.02
201604,0.92,0.77,3.22,-5.98,0.01
201605,1.78,-0.18,-1.62,1.47,0.01
201606,-0.03,0.6,-1.49,4.2,0.02
201607,3.94,2.45,-1.24,-3.31,0.02
201608,0.49,1.17,3.17,-3.41,0.02
201609,0.27,2.08,-1.19,0.26,0.02
201610,-2.01,-4.39,4.11,0.51,0.02
201611,4.86,5.6,8.29,-4.77,0.01
201612,1.81,0.14,3.47,-0.27,0.03
201701,1.94,-1.16,-2.76,-0.93,0.04
201702,3.55,-2.15,-1.5,-1.51,0.04
201703,0.17,1.13,-3.33,-0.97,0.03
201704,1.08,0.66,-2.05,0.48,0.05
201705,1.07,-2.52,-3.82,1.5,0.06
201706,0.79,2.21,1.5,-0.1,0.06
201707,1.88,-1.45,-0.23,1.63,0.07
201708,0.18,-1.67,-2.13,3.31,0.09
201709,2.49,4.45,3.15,-1.35,0.09
201710,2.26,-1.93,0.13,4.21,0.09
201711,3.12,-0.6,-0.09,-0.94,0.08
201712,1.06,-1.32,0.05,-1.55,0.09
201801,5.58,-3.16,-1.32,4.08,0.11
201802,-3.64,0.27,-1.1,3.68,0.11
201803,-2.35,4.05,-0.21,-1.2,0.12
201804,0.27,1.09,0.53,0.45,0.14
201805,2.66,5.24,-3.14,3.91,0.14
201806,0.49,1.11,-2.33,-2.26,0.14
201807,3.2,-2.23,0.49,-1.43,0.16
201808,3.45,1.14,-3.91,5.3,0.16
201809,0.06,-2.29,-1.62,-0.08,0.15
201810,-7.65,-4.7,3.38,-2.06,0.19
201811,1.71,-0.73,0.36,-1.4,0.18
201812,-9.55,-2.31,-1.92,1.76,0.19
201901,8.37,2.76,-0.39,-8.62,0.21
201902,3.42,2.05,-2.66,0.5,0.18
201903,1.1,-3.03,-4.14,2.24,0.19
201904,3.97,-1.74,2.13,-2.91,0.21
201905,-6.92,-1.26,-2.45,7.55,0.21
201906,6.99,0.11,-0.64,-2.24,0.18
201907,1.23,-1.96,0.5,2.92,0.19
201908,-2.55,-2.39,-4.77,7.51,0.16
201909,1.41,-0.97,6.76,-6.74,0.18
201910,2.07,0.27,-1.92,0.13,0.15
201911,3.87,0.72,-2,-2.63,0.12
201912,2.77,0.76,1.73,-2.22,0.14
202001,-0.11,-3.1,-6.22,6.02,0.13
202002,-8.15,1.08,-3.82,-0.28,0.12
202003,-13.37,-4.69,-13.83,8.21,0.12
202004,13.6,2.5,-1.34,-5.48,0
202005,5.57,2.4,-5,0.16,0.01
202006,2.45,2.67,-2.17,-0.83,0.01
202007,5.83,-2.35,-1.44,7.71,0.01
202008,7.62,-0.2,-3.02,0.46,0.01
202009,-3.64,0.06,-2.72,3.19,0.01
202010,-2.08,4.34,4.25,-3.14,0.01
202011,12.45,5.81,2.09,-12.55,0.01
202012,4.63,5.01,-1.68,-2.37,0.01
202101,-0.07,7.14,3.22,4.31,0
202102,2.81,2.02,7.2,-7.96,0
202103,3.17,-2.33,7.35,-6.16,0
202104,4.95,-3.19,-1.02,1.23,0
202105,0.3,-0.2,7.04,0.56,0
202106,2.74,1.7,-7.86,2.07,0
202107,1.34,-3.93,-1.79,-2.18,0
202108,2.94,-0.32,-0.23,2.63,0
202109,-4.4,0.66,5.12,1.39,0
202110,6.63,-2.26,-0.53,3.32,0
202111,-1.58,-1.31,-0.37,0.96,0
202112,3.23,-1.63,3.25,-2.39,0.01
202201,-6.16,-5.93,12.86,-2.42,0
202202,-2.28,2.16,3.06,1.64,0
202203,3.08,-1.55,-1.9,2.92,0
202204,-9.41,-1.35,6.18,5,0
202205,-0.34,-1.84,8.44,2.53,0.03
202206,-8.4,2.07,-6,1.09,0.06
202207,9.57,2.84,-4.15,-4.36,0.08
202208,-3.77,1.41,0.18,1.98,0.19
202209,-9.34,-0.76,0.03,3.71,0.19
202210,7.85,0.01,7.97,3.91,0.23
202211,4.65,-3.57,1.48,-1.72,0.29
202212,-6.38,-0.76,1.34,4.97,0.33
202301,6.61,5.01,-3.94,-16.21,0.35
202302,-2.57,1.05,-0.8,0.54,0.34
202303,2.48,-5.48,-9.05,-2.35,0.36
202304,0.62,-3.37,-0.12,1.75,0.35
202305,0.34,1.6,-7.79,-0.86,0.36
202306,6.46,1.49,-0.13,-2.72,0.4
202307,3.21,2.14,4.02,-3.97,0.45
202308,-2.36,-3.04,-1.29,3.75,0.45
202309,-5.23,-2.47,1.47,0.3,0.43
202310,-3.15,-3.86,0.21,1.69,0.47
202311,8.88,-0.14,1.78,2.53,0.44
202312,4.85,6.28,4.94,-5.55,0.43
202401,0.73,-5.05,-2.36,5.22,0.47
202402,5.07,-0.22,-3.47,4.93,0.42
202403,2.84,-2.48,4.14,-0.31,0.43
202404,-4.65,-2.37,-0.5,-0.45,0.47
202405,4.33,0.56,-1.35,-0.22,0.44
202406,2.8,-3.02,-3.31,0.86,0.41
202407,1.22,6.79,5.6,-2.35,0.45
202408,1.6,-3.5,-1.1,4.86,0.48
202409,1.72,-0.12,-2.77,-0.56,0.4
202410,-1,-0.96,0.89,2.94,0.39
202411,6.49,4.54,0.29,1.01,0.4
202412,-3.17,-2.7,-2.98,-0.4,0.37
202501,2.8,-1.95,1.66,0.99,0.37
202502,-2.44,-5.78,4.88,-0.85,0.33
202503,-6.39,-2.74,2.94,-2.7,0.34
202504,-0.84,-0.54,-3.36,5.02,0.35
202505,6.06,0.67,-2.96,2.17,0.38
202506,4.86,0.8,-1.66,-2.73,0.34
202507,1.98,0.3,-1.32,-0.95,0.34
202508,1.84,3.8,4.46,-3.6,0.38
202509,3.39,-1.9,-0.94,4.63,0.33
202510,1.96,-0.82,-2.8,0.33,0.37
202511,-0.13,0.54,3.57,-1.79,0.3
202512,-0.36,-1.03,2.36,-2.33,0.34
202601,1.03,2.12,3.86,4.98,0.3
202602,-1.17,0.24,2.65,1.27,0.28
202603,-5.18,0.44,3.35,1.54,0.29
202604,9.94,0.13,-1.27,9.62,0.29
