Short Name,Aggregate Index,Long/Short,Market Neutral,Growth,Value,Event-Driven,Macro,FI Arbitrage
Date,HFRI 400 (US) Fund Weighted Composite Index (HFRI4FWC),HFRI 400 (US) EH: Long/Short Index (HFRI4ELS),HFRI 400 (US) EH: Equity Market Neutral Index (HFRI4EMN),HFRI 400 (US) EH: Fundamental Growth Index (HFRI4EHG),HFRI 400 (US) EH: Fundamental Value Index (HFRI4EHV),HFRI 400 (US) Event-Driven Index (HFRI4ED),HFRI 400 (US) Macro Index (HFRI4M),HFRI 400 (US) Relative Value Index (HFRI4RV)
Jan-05,0.47%,0.67%,1.24%,1.18%,0.49%,0.12%,-0.52%,0.32%
Feb-05,1.98%,2.79%,1.06%,3.55%,2.19%,1.11%,1.99%,0.69%
Mar-05,-1.03%,-1.72%,0.22%,-2.58%,-1.11%,0.02%,-1.02%,-0.34%
Apr-05,-1.24%,-1.65%,-0.14%,-1.65%,-1.37%,-1.05%,-1.24%,-0.66%
May-05,0.79%,1.22%,0.58%,0.82%,1.22%,0.64%,0.67%,-0.20%
Jun-05,1.52%,2.04%,0.84%,2.07%,1.94%,1.07%,1.40%,0.69%
Jul-05,2.17%,3.07%,0.31%,3.26%,2.59%,1.45%,1.21%,1.34%
Aug-05,0.84%,1.20%,0.29%,1.42%,0.76%,0.97%,-0.22%,0.45%
Sep-05,2.36%,3.21%,1.26%,4.47%,2.25%,0.76%,3.13%,0.98%
Oct-05,-1.41%,-2.24%,-0.12%,-3.01%,-1.32%,-1.60%,-0.30%,-0.22%
Nov-05,1.89%,2.98%,0.22%,3.68%,2.65%,0.97%,2.18%,0.08%
Dec-05,2.19%,3.49%,0.32%,4.59%,2.87%,1.15%,1.08%,0.63%
Jan-06,3.52%,4.68%,1.55%,5.31%,3.41%,2.12%,3.26%,1.87%
Feb-06,0.50%,0.31%,1.04%,0.96%,0.11%,0.89%,-0.46%,1.20%
Mar-06,2.12%,2.86%,1.50%,3.38%,2.31%,1.74%,0.67%,1.33%
Apr-06,2.04%,2.62%,0.98%,3.53%,1.57%,0.90%,2.27%,1.29%
May-06,-2.15%,-3.66%,0.23%,-4.74%,-2.86%,-0.52%,-1.96%,0.27%
Jun-06,-0.42%,-0.98%,0.75%,-1.40%,-0.77%,-0.43%,0.10%,0.24%
Jul-06,-0.14%,-0.28%,1.11%,-0.07%,-0.61%,-0.97%,-0.67%,0.54%
Aug-06,1.06%,1.34%,0.02%,1.63%,1.20%,1.75%,0.61%,0.66%
Sep-06,0.22%,0.33%,0.20%,0.68%,0.32%,-0.12%,-0.16%,0.40%
Oct-06,1.98%,2.55%,0.58%,2.54%,2.09%,1.99%,1.74%,1.05%
Nov-06,2.16%,2.92%,-0.02%,4.23%,1.45%,2.27%,1.64%,1.22%
Dec-06,2.04%,2.35%,1.50%,3.12%,1.86%,2.47%,1.75%,1.28%
Jan-07,1.12%,1.18%,0.99%,1.18%,1.44%,1.55%,0.87%,0.93%
Feb-07,0.64%,0.89%,0.11%,1.37%,0.53%,1.06%,-0.70%,0.78%
Mar-07,1.06%,1.33%,0.85%,1.94%,0.59%,1.77%,-0.31%,0.87%
Apr-07,1.70%,2.19%,0.92%,2.43%,1.67%,1.57%,1.70%,0.88%
May-07,2.34%,2.84%,1.25%,3.34%,2.59%,2.27%,2.89%,1.22%
Jun-07,1.14%,1.61%,0.66%,2.72%,0.75%,-0.02%,1.56%,0.39%
Jul-07,0.60%,1.51%,0.13%,3.36%,0.40%,-0.30%,-1.08%,-0.17%
Aug-07,-1.96%,-2.07%,-1.23%,-2.60%,-1.52%,-1.23%,-3.55%,-1.37%
Sep-07,2.61%,3.73%,0.67%,4.88%,2.59%,1.01%,2.41%,1.28%
Oct-07,2.85%,3.70%,0.31%,4.75%,2.76%,3.61%,2.70%,1.37%
Nov-07,-2.25%,-3.24%,-0.99%,-3.68%,-2.47%,-1.90%,-0.93%,-1.06%
Dec-07,0.48%,0.54%,0.68%,0.82%,-0.18%,0.39%,0.37%,0.29%
Jan-08,-2.74%,-5.24%,-0.99%,-6.53%,-4.44%,-2.21%,0.72%,-0.32%
Feb-08,1.99%,2.26%,0.87%,3.09%,1.26%,0.38%,4.13%,-0.32%
Mar-08,-2.28%,-3.10%,-0.97%,-3.75%,-2.68%,-1.40%,-1.18%,-2.41%
Apr-08,1.50%,2.38%,0.72%,2.41%,2.72%,1.15%,-0.08%,1.51%
May-08,1.84%,2.43%,1.56%,2.05%,2.41%,1.84%,0.97%,1.28%
Jun-08,-1.07%,-2.77%,1.69%,-3.20%,-3.24%,-1.14%,1.14%,-0.06%
Jul-08,-2.57%,-3.48%,-0.85%,-4.43%,-2.17%,-2.35%,-2.48%,-0.75%
Aug-08,-1.63%,-2.35%,-1.75%,-4.16%,-0.96%,0.17%,-1.55%,-0.20%
Sep-08,-5.66%,-8.07%,-3.58%,-9.21%,-6.82%,-7.02%,-1.17%,-4.85%
Oct-08,-5.94%,-9.17%,-0.01%,-10.24%,-9.13%,-9.38%,1.45%,-7.81%
Nov-08,-1.42%,-2.80%,-0.68%,-2.43%,-3.89%,-2.40%,1.26%,-1.51%
Dec-08,0.46%,0.40%,0.13%,0.33%,1.16%,-1.92%,1.31%,0.52%
Jan-09,0.24%,-1.32%,0.92%,-1.94%,-1.22%,1.10%,0.53%,3.37%
Feb-09,-0.62%,-1.33%,-1.12%,-0.49%,-2.10%,-0.45%,-0.33%,0.88%
Mar-09,1.38%,2.58%,0.79%,2.74%,3.23%,1.73%,-0.77%,1.60%
Apr-09,3.01%,5.00%,0.47%,5.62%,6.25%,2.81%,-0.20%,3.48%
May-09,5.54%,7.92%,1.30%,10.52%,7.29%,5.39%,2.98%,4.26%
Jun-09,0.35%,0.16%,0.72%,-0.41%,1.11%,2.15%,-1.26%,2.13%
Jul-09,2.93%,3.74%,0.48%,3.86%,4.31%,3.20%,1.71%,3.45%
Aug-09,1.37%,1.47%,0.58%,1.61%,1.59%,2.66%,0.60%,1.88%
Sep-09,2.94%,3.64%,0.05%,5.19%,2.77%,4.41%,2.02%,2.74%
Oct-09,0.15%,-0.12%,-0.14%,0.61%,-0.97%,0.50%,-0.35%,1.53%
Nov-09,1.36%,1.60%,-0.23%,1.94%,1.19%,1.18%,1.88%,0.76%
Dec-09,1.13%,2.06%,0.66%,2.54%,2.06%,2.74%,-1.18%,1.65%
Jan-10,-0.47%,-0.95%,0.09%,-1.14%,-0.50%,1.28%,-1.50%,1.07%
Feb-10,0.54%,0.64%,0.76%,0.19%,0.91%,0.31%,0.42%,0.52%
Mar-10,2.51%,3.63%,1.16%,4.62%,3.12%,2.71%,1.93%,1.24%
Apr-10,1.13%,1.02%,-0.08%,1.19%,1.24%,2.12%,0.91%,1.61%
May-10,-2.59%,-4.51%,-0.30%,-5.10%,-4.04%,-2.52%,-1.18%,-0.96%
Jun-10,-0.71%,-1.37%,-0.69%,-1.20%,-1.44%,-0.96%,-0.29%,0.31%
Jul-10,1.42%,2.29%,0.91%,2.32%,2.42%,1.64%,-0.19%,1.66%
Aug-10,0.22%,-0.84%,-0.80%,-0.05%,-1.76%,-0.48%,2.01%,1.06%
Sep-10,3.26%,4.84%,1.84%,5.54%,4.56%,2.47%,2.46%,1.47%
Oct-10,1.93%,2.34%,0.93%,2.56%,2.39%,1.33%,1.83%,1.77%
Nov-10,-0.06%,0.33%,0.70%,0.23%,0.38%,0.28%,-1.67%,0.73%
Dec-10,2.72%,3.68%,0.19%,4.05%,3.67%,2.63%,3.03%,0.94%
Jan-11,0.40%,0.18%,0.69%,-0.04%,0.14%,1.24%,-0.47%,1.68%
Feb-11,0.97%,0.81%,0.58%,0.47%,0.98%,1.07%,1.30%,0.98%
Mar-11,0.02%,0.63%,0.18%,1.30%,0.17%,0.42%,-1.53%,0.54%
Apr-11,1.63%,1.56%,0.48%,1.73%,1.51%,1.36%,2.55%,1.07%
May-11,-1.31%,-1.49%,-0.99%,-1.76%,-1.68%,-0.11%,-2.56%,0.12%
Jun-11,-1.05%,-0.98%,0.30%,-0.99%,-1.11%,-1.31%,-1.93%,-0.33%
Jul-11,0.49%,-0.10%,0.41%,0.55%,-1.02%,-0.39%,2.03%,0.17%
Aug-11,-2.76%,-4.42%,-1.57%,-5.21%,-4.64%,-4.12%,-0.57%,-1.70%
Sep-11,-2.92%,-5.03%,-1.20%,-5.92%,-5.47%,-2.81%,-1.19%,-1.23%
Oct-11,1.99%,4.45%,1.10%,4.53%,4.98%,2.20%,-1.44%,0.97%
Nov-11,-1.02%,-1.81%,0.06%,-2.92%,-1.56%,-0.64%,-0.66%,-0.13%
Dec-11,-0.29%,-0.99%,0.58%,-2.04%,-0.35%,-0.04%,0.08%,0.50%
Jan-12,2.25%,3.51%,0.15%,4.33%,3.72%,2.42%,0.96%,1.65%
Feb-12,1.93%,3.11%,0.54%,3.94%,3.16%,1.73%,0.56%,1.55%
Mar-12,-0.08%,0.12%,-0.08%,-0.71%,0.61%,1.03%,-1.31%,0.50%
Apr-12,-0.23%,-0.55%,0.21%,-0.39%,-0.92%,-0.14%,-0.36%,0.54%
May-12,-2.15%,-4.45%,-0.64%,-5.17%,-4.66%,-2.02%,0.24%,-0.58%
Jun-12,0.10%,0.79%,0.33%,0.13%,1.37%,0.61%,-1.87%,0.88%
Jul-12,1.14%,0.45%,1.16%,0.40%,0.00%,0.51%,2.51%,1.35%
Aug-12,0.67%,1.06%,0.50%,1.13%,1.36%,1.13%,-0.48%,1.11%
Sep-12,0.97%,1.97%,0.17%,2.46%,1.75%,1.21%,-1.02%,1.39%
Oct-12,-0.34%,-0.04%,-0.20%,-0.20%,0.38%,0.80%,-2.43%,0.84%
Nov-12,0.60%,0.76%,0.42%,0.32%,1.19%,0.92%,0.17%,0.69%
Dec-12,1.49%,1.88%,-0.12%,2.23%,2.59%,2.32%,1.06%,1.18%
Jan-13,2.72%,3.98%,1.10%,4.00%,4.41%,2.49%,1.77%,1.92%
Feb-13,0.41%,0.73%,0.18%,0.65%,0.70%,0.64%,-0.17%,0.41%
Mar-13,0.97%,1.26%,0.61%,0.27%,1.65%,1.07%,0.73%,0.73%
Apr-13,1.02%,0.69%,0.84%,0.77%,0.93%,0.89%,1.61%,1.09%
May-13,0.72%,1.57%,0.54%,1.43%,1.86%,1.94%,-1.10%,0.41%
Jun-13,-1.29%,-1.36%,0.18%,-2.70%,-0.80%,-1.33%,-1.77%,-1.05%
Jul-13,1.34%,2.48%,1.10%,1.91%,2.45%,1.75%,-0.08%,0.60%
Aug-13,-0.72%,-0.99%,-1.04%,-0.95%,-1.28%,-0.27%,-1.13%,0.14%
Sep-13,1.62%,2.87%,0.04%,2.95%,2.76%,1.81%,0.11%,1.08%
Oct-13,1.68%,2.05%,1.74%,2.30%,1.89%,2.06%,1.38%,1.12%
Nov-13,1.22%,1.51%,0.66%,1.16%,2.00%,1.29%,1.42%,0.47%
Dec-13,1.17%,1.80%,0.63%,1.61%,1.94%,1.16%,0.56%,0.73%
Jan-14,-0.42%,-0.93%,0.05%,-1.77%,-0.99%,0.85%,-1.41%,0.92%
Feb-14,1.76%,2.78%,0.77%,2.96%,2.38%,2.19%,0.56%,1.08%
Mar-14,-0.34%,-0.61%,0.20%,-0.88%,-0.33%,0.01%,-0.88%,0.50%
Apr-14,-0.43%,-1.36%,0.33%,-1.18%,-1.54%,0.05%,0.07%,0.53%
May-14,1.14%,1.33%,0.36%,1.39%,1.40%,0.95%,1.35%,0.84%
Jun-14,1.09%,1.34%,-0.03%,1.21%,1.40%,1.28%,0.87%,0.95%
Jul-14,-0.45%,-0.83%,0.54%,0.00%,-1.18%,-0.44%,-0.44%,0.00%
Aug-14,1.27%,1.65%,0.99%,1.69%,1.37%,0.30%,1.79%,0.51%
Sep-14,-0.10%,-0.80%,0.23%,-0.95%,-0.84%,-0.88%,1.75%,-0.39%
Oct-14,-0.06%,0.31%,0.70%,0.03%,0.35%,-1.91%,0.43%,-0.46%
Nov-14,1.35%,1.35%,0.73%,0.61%,1.68%,0.54%,3.01%,0.17%
Dec-14,0.17%,0.30%,0.12%,-0.41%,0.42%,-0.15%,0.91%,-0.77%
Jan-15,0.50%,-0.27%,0.41%,0.41%,-1.43%,-0.73%,3.09%,0.00%
Feb-15,1.80%,2.90%,0.78%,1.69%,3.91%,2.42%,0.17%,1.35%
Mar-15,0.75%,0.80%,0.71%,1.03%,0.76%,1.18%,0.97%,0.18%
Apr-15,0.77%,1.94%,-0.16%,3.29%,1.41%,1.23%,-1.74%,1.22%
May-15,1.08%,2.01%,0.34%,1.96%,1.81%,1.08%,0.06%,0.48%
Jun-15,-1.51%,-1.28%,-0.02%,-1.45%,-1.38%,-1.06%,-3.17%,-0.97%
Jul-15,0.43%,0.10%,0.95%,-0.92%,0.35%,-0.48%,1.99%,-0.32%
Aug-15,-1.99%,-3.04%,0.10%,-4.04%,-2.83%,-1.66%,-1.68%,-0.95%
Sep-15,-1.23%,-2.13%,1.79%,-1.15%,-2.66%,-2.24%,0.59%,-1.65%
Oct-15,1.23%,2.66%,-0.12%,2.66%,3.30%,0.83%,-0.73%,1.00%
Nov-15,0.44%,0.37%,0.00%,0.08%,0.20%,-0.31%,1.89%,-0.46%
Dec-15,-0.80%,-0.18%,-0.36%,0.28%,-0.58%,-0.28%,-1.85%,-1.33%
Jan-16,-2.32%,-4.82%,-0.27%,-5.44%,-5.49%,-2.83%,1.72%,-1.94%
Feb-16,-0.41%,-1.09%,-2.00%,-0.57%,-1.15%,-0.34%,1.41%,-0.65%
Mar-16,1.48%,3.19%,0.22%,4.41%,3.05%,2.04%,-1.21%,1.44%
Apr-16,0.59%,0.60%,-1.04%,0.24%,0.84%,0.89%,-0.41%,2.04%
May-16,0.82%,1.52%,0.64%,1.41%,1.45%,1.02%,-0.61%,0.86%
Jun-16,0.02%,-1.02%,-1.11%,-0.18%,-1.90%,-0.61%,2.41%,0.24%
Jul-16,1.61%,2.34%,0.98%,2.45%,2.90%,1.26%,0.73%,1.46%
Aug-16,0.43%,0.98%,-0.82%,0.94%,1.26%,0.88%,-1.05%,1.08%
Sep-16,0.69%,1.16%,0.35%,0.53%,0.75%,0.90%,-0.37%,0.86%
Oct-16,-0.52%,-1.19%,0.37%,-0.73%,-1.20%,0.19%,-0.74%,0.44%
Nov-16,0.60%,0.82%,0.25%,-0.17%,1.76%,1.95%,-0.17%,0.43%
Dec-16,1.03%,0.73%,0.16%,0.28%,1.15%,1.44%,1.28%,1.53%
Jan-17,0.96%,1.77%,0.35%,2.47%,1.43%,1.23%,-0.97%,1.40%
Feb-17,1.08%,1.36%,0.54%,1.41%,1.10%,0.96%,1.09%,0.82%
Mar-17,0.44%,1.12%,0.75%,1.23%,0.92%,-0.28%,-0.18%,0.00%
Apr-17,0.70%,1.20%,0.27%,1.40%,1.26%,1.14%,0.18%,0.26%
May-17,0.55%,1.05%,-0.93%,1.46%,0.99%,1.17%,0.54%,-0.23%
Jun-17,0.13%,0.91%,-0.45%,1.03%,1.17%,0.62%,-1.39%,0.17%
Jul-17,1.03%,1.38%,1.19%,2.09%,1.39%,0.68%,0.67%,0.78%
Aug-17,0.72%,0.96%,1.41%,1.03%,0.56%,0.33%,0.88%,-0.02%
Sep-17,0.67%,1.55%,0.05%,1.30%,1.54%,0.77%,-0.63%,0.52%
Oct-17,1.35%,1.40%,1.06%,1.57%,1.54%,0.73%,2.44%,0.41%
Nov-17,0.27%,0.84%,-0.23%,0.97%,0.69%,-0.43%,-0.19%,0.20%
Dec-17,0.95%,1.30%,0.39%,1.46%,0.86%,1.24%,0.69%,0.55%
Jan-18,2.54%,3.35%,1.55%,4.13%,3.16%,1.22%,3.25%,1.27%
Feb-18,-1.65%,-1.83%,-0.75%,-1.81%,-1.92%,-0.31%,-4.17%,-0.09%
Mar-18,-0.29%,-0.40%,0.60%,-0.50%,-0.83%,-0.78%,-0.07%,-0.28%
Apr-18,0.20%,-0.02%,-0.30%,-0.78%,0.43%,0.50%,0.43%,0.50%
May-18,0.61%,1.63%,0.43%,0.92%,1.68%,0.51%,-1.12%,0.16%
Jun-18,-0.07%,-0.23%,-0.87%,-1.65%,-0.29%,0.89%,0.00%,0.02%
Jul-18,0.23%,0.50%,-0.89%,-0.09%,0.90%,0.20%,-0.11%,0.58%
Aug-18,0.27%,0.58%,-0.33%,-0.54%,1.00%,-0.01%,0.21%,0.11%
Sep-18,-0.05%,-0.34%,-0.74%,-1.17%,-0.44%,0.36%,0.09%,0.36%
Oct-18,-2.47%,-4.52%,-2.06%,-3.32%,-5.27%,-1.37%,-1.31%,-0.57%
Nov-18,-0.59%,-0.13%,-1.95%,0.36%,-0.27%,-0.58%,-0.94%,-0.53%
Dec-18,-1.41%,-3.38%,0.93%,-2.50%,-3.98%,-1.69%,0.66%,-0.81%
Jan-19,3.21%,5.76%,1.56%,4.78%,6.90%,2.45%,0.73%,1.88%
Feb-19,1.23%,2.24%,0.17%,2.77%,2.70%,1.00%,0.15%,0.74%
Mar-19,0.81%,0.57%,-0.25%,1.38%,-0.17%,0.21%,1.99%,0.49%
Apr-19,1.29%,1.76%,-0.81%,1.48%,2.47%,1.36%,1.28%,0.84%
May-19,-1.07%,-2.12%,0.09%,-1.70%,-2.99%,-0.60%,-0.56%,-0.04%
Jun-19,1.83%,2.69%,0.70%,2.45%,3.59%,1.14%,1.97%,0.44%
Jul-19,0.71%,0.60%,0.84%,0.58%,1.17%,0.52%,1.44%,0.40%
Aug-19,-0.44%,-1.26%,-0.10%,-1.32%,-1.41%,-1.27%,1.90%,-0.35%
Sep-19,-0.20%,-0.19%,0.41%,-0.13%,-0.25%,0.58%,-1.31%,0.30%
Oct-19,0.58%,1.62%,-0.46%,1.91%,1.86%,0.40%,-0.85%,0.05%
Nov-19,0.89%,1.51%,0.49%,0.98%,1.67%,0.82%,0.61%,-0.04%
Dec-19,1.81%,2.79%,0.88%,2.94%,2.90%,1.86%,0.48%,1.08%
Jan-20,-0.02%,-0.84%,0.70%,-0.31%,-1.59%,-0.07%,1.01%,0.51%
Feb-20,-1.89%,-3.07%,-2.50%,-2.22%,-4.77%,-2.72%,-0.44%,-0.37%
Mar-20,-6.54%,-8.98%,-2.59%,-9.37%,-11.42%,-14.21%,0.63%,-5.88%
Apr-20,4.45%,7.15%,2.92%,7.54%,7.48%,5.71%,0.36%,2.37%
May-20,2.47%,3.44%,1.97%,4.06%,3.02%,2.66%,0.08%,2.62%
Jun-20,1.55%,2.15%,-0.09%,3.80%,1.86%,2.34%,-0.80%,2.19%
Jul-20,2.66%,3.73%,2.18%,4.56%,4.21%,1.21%,2.44%,1.80%
Aug-20,2.14%,3.40%,1.12%,3.92%,3.55%,2.76%,0.13%,1.45%
Sep-20,-0.94%,-1.46%,-1.28%,-2.32%,-2.12%,-0.35%,-1.01%,-0.12%
Oct-20,0.25%,0.48%,-0.58%,0.06%,0.13%,0.60%,-0.36%,0.32%
Nov-20,5.44%,8.84%,1.96%,7.90%,11.10%,7.65%,1.09%,2.60%
Dec-20,3.93%,5.45%,1.23%,6.03%,5.79%,4.30%,3.30%,1.82%
Jan-21,0.52%,0.06%,0.51%,1.70%,-0.84%,2.59%,-0.33%,1.14%
Feb-21,3.37%,4.93%,2.21%,3.73%,6.31%,4.17%,2.48%,1.07%
Mar-21,0.65%,0.30%,0.47%,-0.64%,2.16%,1.67%,1.49%,0.06%
Apr-21,2.29%,3.06%,2.18%,3.09%,3.43%,2.68%,2.04%,0.76%
May-21,1.20%,1.36%,0.16%,1.59%,1.40%,1.09%,1.69%,0.71%
Jun-21,0.39%,1.16%,0.53%,0.99%,0.48%,0.50%,-1.01%,-0.04%
Jul-21,-0.71%,-1.15%,0.53%,-1.33%,-0.49%,-0.92%,-0.29%,-0.38%
Aug-21,0.55%,0.65%,0.05%,1.26%,0.61%,0.93%,0.55%,0.28%
Sep-21,-0.27%,-1.38%,0.61%,-1.83%,-1.51%,0.38%,0.96%,0.26%
Oct-21,1.37%,1.90%,0.76%,2.12%,2.16%,1.39%,1.34%,0.41%
Nov-21,-1.81%,-2.59%,-0.14%,-2.24%,-3.26%,-1.05%,-2.29%,-0.45%
Dec-21,1.20%,1.96%,1.27%,1.16%,2.52%,1.15%,0.72%,0.10%
Jan-22,-1.85%,-4.62%,0.78%,-4.87%,-3.71%,-2.07%,1.50%,-0.01%
Feb-22,0.01%,-0.63%,-0.49%,-0.53%,-0.58%,-0.12%,1.45%,-0.11%
Mar-22,1.71%,0.28%,0.25%,-1.09%,0.59%,0.82%,6.16%,0.41%
Apr-22,-1.41%,-4.65%,1.52%,-5.15%,-4.63%,-1.93%,3.13%,-0.04%
May-22,-0.54%,-0.60%,0.13%,-0.76%,0.17%,-0.64%,-0.14%,-0.95%
Jun-22,-2.77%,-4.63%,-0.33%,-2.82%,-7.00%,-3.41%,-0.44%,-1.88%
Jul-22,1.80%,3.55%,-0.57%,3.20%,4.29%,3.42%,-0.86%,1.14%
Aug-22,0.18%,-1.13%,1.35%,-1.45%,-1.38%,0.79%,1.52%,0.51%
Sep-22,-2.40%,-5.27%,0.41%,-5.66%,-6.07%,-2.80%,1.16%,-1.79%
Oct-22,1.80%,3.36%,-0.29%,1.53%,5.41%,2.63%,0.56%,0.17%
Nov-22,1.46%,3.69%,0.21%,4.30%,3.60%,1.11%,-1.31%,1.10%
Dec-22,-0.54%,-1.44%,0.08%,-1.45%,-1.81%,-0.61%,0.28%,0.33%
Jan-23,2.46%,4.36%,0.96%,5.42%,4.99%,2.84%,0.22%,1.70%
Feb-23,-0.46%,-1.17%,0.21%,-2.10%,-1.10%,0.19%,0.00%,-0.17%
Mar-23,-1.37%,-0.15%,0.13%,0.88%,-0.50%,-2.05%,-3.66%,-0.69%
Apr-23,0.21%,0.08%,-0.17%,-0.52%,0.19%,0.22%,0.61%,0.02%
May-23,-0.36%,0.07%,-0.29%,0.32%,-0.67%,-1.89%,-0.55%,0.05%
Jun-23,2.13%,2.93%,1.74%,2.89%,4.20%,2.62%,1.52%,0.71%
Jul-23,1.40%,2.10%,0.56%,1.93%,2.89%,2.07%,0.39%,0.89%
Aug-23,-0.57%,-1.55%,0.76%,-2.02%,-2.04%,1.04%,-0.60%,0.29%
Sep-23,-0.18%,-1.96%,0.55%,-1.93%,-2.22%,-0.49%,2.16%,0.55%
Oct-23,-1.50%,-2.62%,-0.33%,-2.62%,-2.52%,-2.04%,-0.63%,-0.06%
Nov-23,1.84%,4.83%,0.94%,4.84%,5.46%,2.72%,-2.16%,0.63%
Dec-23,2.45%,3.82%,1.39%,3.53%,4.20%,3.90%,0.54%,1.07%
Jan-24,0.47%,0.34%,2.58%,-0.40%,-0.44%,-0.17%,0.54%,0.64%
Feb-24,2.22%,3.56%,1.04%,4.22%,2.92%,-0.02%,2.49%,0.87%
Mar-24,2.21%,2.11%,1.67%,1.74%,2.41%,1.91%,3.78%,1.15%
Apr-24,-0.65%,-1.78%,0.44%,-0.10%,-2.63%,-1.31%,0.71%,0.29%
May-24,0.96%,2.18%,0.61%,2.64%,2.43%,0.82%,-0.88%,0.58%
Jun-24,-0.02%,0.31%,0.97%,0.06%,-0.08%,-0.14%,-1.35%,0.59%
Jul-24,1.10%,1.78%,-0.09%,0.12%,2.59%,2.83%,-0.94%,0.89%
Aug-24,0.15%,0.93%,-0.03%,0.33%,0.76%,0.86%,-2.33%,0.54%
Sep-24,1.18%,1.24%,0.59%,3.50%,0.73%,1.09%,1.37%,1.04%
Oct-24,-0.64%,-0.76%,-0.12%,-1.16%,-0.75%,0.04%,-2.11%,0.47%
Nov-24,2.26%,3.10%,1.46%,1.95%,3.54%,2.81%,1.53%,1.18%
Dec-24,-0.39%,-1.33%,0.23%,0.12%,-1.90%,-0.58%,0.95%,0.16%
Jan-25,1.38%,1.89%,1.32%,1.34%,2.48%,0.64%,1.20%,1.15%
Feb-25,-0.53%,-1.08%,0.15%,-1.38%,-1%,0.14%,-1.26%,0.83%
Mar-25,-1.19%,-2.36%,0.28%,-2.22%,-2.71%,-1.53%,-0.10%,0.15%
Apr-25,-0.38%,0.55%,0.49%,0.35%,0.19%,-0.30%,-2.92%,0.01%
May-25,2.07%,3.76%,1.98%,6.29%,3.57%,3%,-0.53%,0.71%
Jun-25,2.36%,3.59%,1.11%,4.31%,3.35%,2.63%,1.20%,0.88%
Jul-25,0.76%,1.35%,-0.33%,2.56%,0.84%,1.33%,-0.30%,0.58%
Aug-25,2.30%,3.37%,1.75%,3.27%,3.17%,2.18%,1.70%,0.94%
Sep-25,1.94%,2.44%,0.61%,3.03%,1.34%,0.55%,2.95%,1.14%
Oct-25,0.70%,0.84%,-0.70%,1.16%,-0.21%,0.48%,0.81%,0.74%
Nov-25,0.76%,0.89%,1.60%,-0.41%,0.76%,0.75%,0.70%,0.40%
Dec-25,1.43%,1.63%,1.72%,1.33%,2.03%,1.49%,1.81%,0.57%
Jan-26,2.24%,2.21%,0.97%,4.49%,2.17%,1.62%,4.03%,1.15%
Feb-26,1.41%,1.58%,2.42%,1.68%,1.84%,0.53%,2.52%,0.37%
Mar-26,-2.34%,-4.13%,-0.88%,-5.64%,-5.07%,-0.81%,-1.90%,-0.10%
Apr-26,4.53%,7.75%,2.26%,11.14%,7.53%,4.03%,1.47%,1.21%
May-26,2.01%,3.73%,-0.55%,6.22%,3.04%,1.76%,0.02%,0.52%
