Name,3M CO,AMERICAN EXPRESS CO,AMGEN INC,APPLE COMPUTER INC,BOEING CO,CATERPILLAR INC,CHEVRON CORP NEW,CISCO SYSTEMS INC,COCA COLA CO,DISNEY WALT CO,DU PONT E I DE NEMOURS & CO,GOLDMAN SACHS GROUP INC,HONEYWELL INTERNATIONAL INC,HOME DEPOT INC,INTERNATIONAL BUSINESS MACHS COR,INTEL CORP,JOHNSON & JOHNSON,J P MORGAN CHASE & CO,MCDONALDS CORP,MERCK & CO INC,MICROSOFT CORP,NIKE INC,PROCTER & GAMBLE CO,SALESFORCE COM INC,BANK OF AMERICA CORP,UNITED HEALTHCARE CORP,VERIZON COMMUNICATIONS INC,HEWLETT PACKARD CO,PFIZER INC,WAL MART STORES INC,
Major Group,Manufacturing,Finance,Manufacturing,Technology,Energy and Transportation,Manufacturing,Energy and Transportation,Technology,Manufacturing,Trade and Services,Manufacturing,Finance,Energy and Transportation,Trade and Services,Technology,Technology,Manufacturing,Finance,Trade and Services,Manufacturing,Technology,Manufacturing,Manufacturing,Technology,Finance,Trade and Services,Energy and Transportation,Technology,Manufacturing,Trade and Services,
Shares Jan 2004,784117,1284000,1283700,369730,800216,345240,1068959,6882000,2451512,2046268,996777,473467,862051,2275216,1720423,6484000,2968143,2040271,1269164,2224997,10794393,172318,1296727,101257,1485805,586643,2770000,3050705,7631523,4327781,
Shares Dec 2024,544559,704445,537533,15115823,748176,482802,1797091,3982758,4307797,1810939,867806,313910,650247,993363,924645,4313000,2407623,2815340,716620,2529636,7434881,1190598,2355042,957000,7672880,920284,4209626,937798,5666990,8033386,
Date,MMM,AXP,AMGN,AAPL,BA,CAT,CVX,CSCO,KO,DIS,DD,GS,HON,HD,IBM,INTC,JNJ,JPM,MCD,MRK,MSFT,NKE,PG,CRM,BAC,UNH,VZ,HPQ,PFE,WMT,DJIA
200401,79.09,51.84,64.66,22.56,41.75,78.13,86.35,25.71,49.24,24,43.9,99.55,36.12,35.47,99.23,30.52,53.42,38.89,25.74,47.6,27.65,69.66,101.08,16.07,81.46,60.88,36.86,23.79,36.63,53.85,10139.71
200402,78.02,53.42,63.529,23.92,43.37,75.75,88.35,23.16,49.96,26.53,45.09,105.87,35.05,36.31,96.5,29.2,53.91,41.02,28.3,48.08,26.53,73.25,102.51,13.01,81.92,62,38.33,22.71,36.65,59.56,10173.92
200403,81.87,51.85,58.15,27.04,41.07,79.07,87.78,23.57,50.3,24.99,42.22,104.35,33.85,37.36,91.84,27.2,50.72,41.95,28.57,44.19,24.93,77.87,104.88,13,80.98,64.44,36.54,22.84,35.05,59.69,10080.27
200404,86.48,48.95,56.41,25.78,42.69,77.73,91.5,20.91,50.57,23.03,42.95,96.75,34.58,35.19,88.17,25.73,54.03,37.6,27.23,47,26.13,71.95,105.75,15.63,80.49,61.48,37.74,19.7,35.76,57,10027.47
200405,84.56,50.7,54.7,28.06,45.8,75.35,90.4,22.37,51.35,23.47,43.2,93.91,33.7,35.92,88.59,28.55,55.71,36.84,26.4,47.3,26.23,71.15,107.82,20.32,83.13,65.25,34.58,21.24,35.34,55.73,10428.02
200406,90.01,51.38,54.57,32.54,51.09,79.44,94.11,23.7,50.48,25.49,44.42,94.16,36.63,35.2,88.15,27.6,55.7,38.77,26,47.5,28.56,75.75,108.88,17.46,84.62,62.25,36.19,21.1,34.28,52.76,10783.01
200407,82.36,50.25,56.88,32.34,50.75,73.49,95.65,20.92,43.86,23.09,42.87,88.19,37.61,33.72,87.07,24.38,55.27,37.33,27.5,45.35,28.49,72.71,104.3,16.94,85.01,62.9,38.54,20.15,31.96,53.01,10489.94
200408,82.36,50.02,59.29,34.49,52.22,72.7,97.5,18.76,44.71,22.45,42.26,89.65,35.98,36.56,84.69,21.29,58.1,39.58,27.02,44.97,27.3,75.31,111.94,13.7,89.96,66.13,39.25,17.89,32.67,52.67,10766.23
200409,79.97,51.46,56.81,38.75,51.62,80.45,107.28,18.1,40.05,22.55,42.8,93.24,35.86,39.2,85.74,20.06,56.33,39.73,28.03,33,27.65,78.8,108.24,16.06,86.66,73.74,39.38,18.75,30.6,53.2,10503.76
200410,77.57,53.07,56.8,52.4,49.9,80.54,106.12,19.21,40.66,25.22,42.87,98.38,33.68,41.08,89.75,22.26,58.38,38.6,29.15,31.31,27.97,81.31,102.36,14.99,89.58,72.4,39.1,18.66,28.95,53.92,10192.51
200411,79.59,55.71,60.04,67.05,53.57,91.55,109.2,18.75,39.31,26.88,45.32,104.76,35.33,41.75,94.24,22.38,60.32,37.65,30.74,28.02,26.81,84.66,106.96,14.43,92.54,82.85,41.23,20,27.77,52.06,10467.48
200412,82.07,56.37,64.15,64.4,51.77,97.51,105.02,19.32,41.64,27.8,49.05,104.04,35.41,42.74,98.58,23.39,63.42,39.01,32.06,32.14,26.72,90.69,110.16,20.24,93.98,88.03,40.51,20.97,26.89,52.82,10274.97
200501,84.36,53.35,62.24,76.9,50.6,89.1,108.8,18.04,41.49,28.63,47.56,107.85,35.98,41.26,93.42,22.45,64.7,37.33,32.39,28.05,26.28,86.63,106.46,20.48,92.74,88.9,35.59,19.59,24.16,52.4,10640.91
200502,83.94,54.15,61.61,44.86,54.97,95.05,124.16,17.42,42.8,27.94,53.3,108.8,37.97,40.02,92.58,23.99,65.6,36.55,33.08,31.7,25.16,86.95,106.18,23.55,93.3,91.16,35.97,20.8,26.29,51.61,10481.6
200503,85.69,51.37,58.21,41.67,58.46,91.44,116.62,17.89,41.67,28.73,51.24,109.99,37.21,38.24,91.38,23.23,67.16,34.6,31.14,32.37,24.17,83.31,106,19.32,88.2,95.38,35.5,21.94,26.27,50.11,10568.7
200504,76.47,52.7,58.21,36.06,59.52,88.05,104,17.27,43.44,26.4,47.11,106.79,35.76,35.37,76.38,23.52,68.63,35.49,29.31,33.9,25.3,76.81,108.3,23.12,90.08,94.51,35.8,20.47,27.17,47.14,10440.07
200505,76.65,53.85,62.58,39.7593,63.9,94.11,107.56,19.4,44.63,27.44,46.51,97.5,36.23,39.35,75.55,26.96,67.1,35.75,30.94,32.44,25.8,82.2,110.3,24.99,92.64,48.58,35.38,22.51,27.9,47.23,10805.87
200506,72.3,53.23,60.46,36.81,66,95.31,111.84,19.08,41.75,25.18,43.01,102.02,36.63,38.9,74.2,26.02,65,35.32,27.75,30.8,24.84,86.6,105.5,31.85,91.22,52.14,34.55,23.51,27.58,48.2,10717.5
200507,75,55,79.77,42.65,66.01,53.91,116.02,19.15,43.76,25.64,42.68,107.48,39.28,43.51,83.46,27.14,63.96,35.14,31.17,31.06,25.61,83.8,111.26,32.05,87.2,52.3,34.23,24.62,26.5,49.35,10864.86
200508,71.15,55.24,79.9,46.89,67.02,55.49,122.8,17.62,44,25.19,39.57,111.18,38.28,40.32,80.62,25.72,63.39,33.89,32.45,28.23,27.38,78.91,110.96,41.05,86.06,51.5,32.71,27.76,25.48,44.96,10993.41
200509,73.36,57.44,79.67,53.61,67.95,58.75,129.46,17.92,43.19,24.13,39.17,121.58,37.5,38.14,80.22,24.65,63.28,33.93,33.49,27.21,25.73,81.68,118.92,34.85,84.2,56.2,32.69,29.2,24.97,43.82,11109.32
200510,75.98,49.77,75.62,57.59,64.64,52.59,114.14,17.45,42.78,24.37,41.69,126.37,34.2,41.04,81.88,23.5,62.62,36.62,31.6,28.22,25.7,84.05,111.98,36.33,87.48,57.89,31.51,28.04,21.74,47.31,11367.14
200511,78.48,51.42,80.93,67.82,68.19,57.78,114.62,17.54,42.69,24.93,42.75,128.96001,36.54,41.78,88.9,26.68,61.75,38.25,33.85,29.4,27.68,85.3,114.38,35.05,91.78,59.86,31.98,29.67,21.2,48.56,11168.31
200512,77.5,51.46,78.86,71.89,70.24,57.77,113.54,17.12,40.31,23.97,42.5,127.71,37.25,40.48,82.2,24.96,60.1,39.69,33.72,31.81,26.15,86.79,115.76,29.51,92.3,62.14,30.12,28.63,23.32,46.8,11150.22
200601,72.75,52.45,72.89,75.51,68.31,67.9,118.76,18.57,41.38,25.31,39.15,141.25,38.42,40.55,81.3,21.255,57.54,39.75,35.01,34.5,28.15,80.95,118.46,26.66,88.46,59.42,31.66,31.18,25.68,46.11,11185.68
200602,73.59,53.88,75.48,68.49,72.69,73.08,112.96,20.24,41.97,27.99,40.24,141.28999,40.95,42.15,80.24,20.6,57.65,41.14,34.91,34.86,26.87,86.78,119.86,25.7,91.7,58.23,33.7,32.81,26.19,45.36,11381.15
200603,75.69,52.55,72.75,62.72,77.93,71.81,115.94,21.67,41.87,27.89,42.21,156.96001,42.77,42.3,82.47,19.46,59.22,41.64,34.36,35.23,27.21,85.1,115.26,34.48,91.08,55.86,34.06,32.9,24.92,47.24,11679.07
200604,85.43,53.81,67.7,70.39,83.45,75.74,122.04,20.95,41.96,27.96,44.1,160.28999,42.5,39.93,82.34,19.98,58.61,45.38,34.57,34.42,24.15,81.84,116.42,35.88,99.84,49.74,33.03,32.47,25.33,45.03,12080.73
200605,83.66,54.36,67.59,59.77,83.25,72.95,119.58,19.68,44.03,30.5,42.53,150.95,41.18,38.12,79.9,18.02,60.22,42.64,33.17,33.29,22.65,80.31,108.5,39.02,96.8,43.96,31.21,32.38,23.66,48.45,12221.93
200606,80.77,53.22,65.23,57.27,81.91,74.48,124.12,19.53,43.02,30,41.6,150.42999,40.3,35.79,76.82,19,59.92,42,33.6,36.43,23.3,81,111.2,39,96.2,44.78,33.49,31.68,23.47,48.17,12463.15
200607,70.4,52.06,69.71,67.96,77.42,70.87,131.56,17.88,44.5,29.69,39.66,152.75,38.7,34.71,77.41,18,62.55,45.62,35.39,40.27,24.06,79,112.4,36.45,103.06,47.83,33.82,31.91,25.99,44.5,12621.69
200608,71.7,52.54,68.03,67.85,74.9,66.35,128.8,21.99,44.81,29.65,39.97,148.64999,38.72,34.29,80.97,19.57,64.66,45.66,35.9,40.55,25.7,80.76,123.8,43.83,102.94,51.95,35.18,36.56,27.56,44.72,12268.63
200609,74.42,56.08,71.53,76.98,78.85,65.8,129.72,22.98,44.68,30.91,42.84,169.17,40.9,36.27,81.94,20.57,64.94,46.96,39.12,41.9,27.35,87.62,123.96,43.24,107.14,49.2,37.13,36.69,28.36,49.32,12354.35
200610,78.84,57.81,75.91,81.08,79.86,60.71,134.4,24.13,46.72,31.46,45.8,189.78999,42.12,37.33,92.33,21.34,67.4,47.44,41.92,45.42,28.71,91.88,126.78,42.82,107.74,48.78,37,38.74,26.65,49.28,13062.91
200611,81.46,58.72,71.04,91.66,88.53,62.03,144.64,26.91,46.83,33.05,46.93,194.8,42.98,37.97,91.92,21.395,65.91,46.28,41.97,44.51,29.36,98.95,125.58,42,107.7,49.08,34.94,39.46,27.49,46.1,13627.64
200612,77.93,60.67,68.31,84.84,88.84,61.33,147.06,27.33,48.25,34.27,48.71,199.35001,45.24,40.16,97.15,20.25,66.02,48.3,44.33,43.6,29.86,99.03,128.54,47.25,106.78,53.73,37.24,41.19,25.9,46.18,13408.62
200701,74.3,58.22,70.37,85.73,89.56,64.07,145.76,26.62,47.88,35.17,49.56,212.16,45.69,40.74,99.15,20.96,66.8,50.93,44.35,44.75,30.86,98.81,129.74,42.86,105.16,52.26,38.52,43.28,26.24,47.69,13211.99
200702,74.08,56.87,64.26,84.61,87.26,64.43,137.04,25.94,46.68,34.25,50.73,201.75,46.4,39.59,92.94,19.86,62.93,49.39,43.69,44.15,28.17,104.47,126.98,38.86,101.66,52.18,37.4,39.35,24.96,48.31,13357.74
200703,76.43,56.4,55.88,92.91,88.91,67.03,147.92,25.53,48,34.43,49.43,206.63,46.06,36.74,94.26,19.13,60.26,48.38,45.05,44.17,27.87,106.26,126.32,40.43,102.04,52.97,37.92,40.14,25.26,46.95,13895.63
200704,82.77,60.67,64.14,99.8,93,72.62,155.58,26.74,52.19,34.98,49.17,218.61,54.18,37.87,102.21,21.5,64.22,52.1,48.28,51.44,29.94,107.72,128.8,51.32,101.8,53.06,38.18,42.14,26.46,47.92,13930.01
200705,87.96,64.98,56.45,121.191,100.59,78.58,162.98,26.92,52.99,35.44,52.32,230.82001,57.91,38.87,106.6,22.1799,63.27,51.83,50.55,52.45,30.6901,113.5,127.1,56.37,101.42,54.77,43.53,45.71,27.49,47.6,13371.72
200706,86.79,61.18,55.29,122.04,96.16,78.3,168.48,27.85,52.31,34.14,50.84,216.75,56.28,39.35,105.25,23.7399,61.62,48.45,50.76,49.8,29.47,116.58,122.38,56.73,97.78,51.14,41.17,44.62,25.57,48.11,13264.82
200707,88.92,58.54,53.74,131.75999,103.43,78.8,170.52,28.91,52.11,33,46.73,188.34,57.51,37.17,110.65,23.62,60.5,44.01,47.87,49.65,28.99,112.9,123.72,62.69,94.84,48.43,42.62,46.03,23.51,45.95,12650.36
200708,90.99,58.62,50.11,138.48,96.7,75.77,175.52,31.92,53.78,33.6,48.75,176.00999,56.15,38.31,116.69,25.75,61.79,44.52,49.25,50.17,28.73,112.68,130.62,51.91,101.36,50.01,41.88,49.35,24.84,43.63,12266.39
200709,93.58,59.37,56.57,153.47,104.99,78.43,187.16,33.1299,57.47,34.39,49.56,216.74001,59.47,32.44,117.8,25.86,65.7,45.82,54.47,51.69,29.46,117.32,140.68,59.72,100.54,48.43,44.28,49.79,24.43,43.65,12262.89
200710,86.36,60.95,58.11,189.95,98.59,74.61,183.02,33.06,61.76,34.63,49.51,247.92,60.41,31.51,116.12,26.9,65.17,47,59.7499,58.26,36.81,132.52,139.04,57.87,96.56,49.15,46.07,51.68,24.61,45.21,12820.13
200711,83.26,58.98,55.25,182.22,92.54,71.9,175.54,28.02,62.1,33.15,46.15,226.64,56.62,28.56,105.18,26.08,67.74,45.62,58.47,59.36,33.6,131.3,148,66.73,92.26,55,43.21,51.16,23.76,47.9,12638.32
200712,84.32,52.02,46.44,198.08,87.46,72.56,186.66,27.0699,61.37,32.28,44.09,215.05,61.57,26.94,108.1,26.66,66.7,43.65,58.91,58.11,35.6,128.48,146.84,72.31,82.52,58.2,43.69,50.48,22.73,47.53,11350.01
200801,79.65,49.13,46.59,135.36,83.18,70.99,166.5,24.5,59,29.84,45.18,199.55,59.07,30.64,107.11,21.1,63.14,47.4,53.58,46.1,32.6,122.66,130.84,68.23,88.3,50.84,38.83,43.72,23.36,50.74,11378.02
200802,78.4,42.3,45.52,125.02,82.79,72.33,173.32,24.39,58.46,32.41,46.42,169.63,57.54,26.55,113.86,19.9699,61.96,40.65,54.11,44.3,27.1999,120.4,132.36,63.79,79.48,46.48,36.32,47.77,22.28,49.59,11543.96
200803,79.15,43.72,41.78,143.5,74.37,78.29,170.72,24.09,60.87,31.38,46.76,165.39,56.42,27.97,115.14,21.18,64.87,42.95,55.77,37.95,28.38,136,140.14,56.02,75.82,34.36,36.45,45.66,20.93,52.68,10850.66
200804,76.9,48.02,41.87,173.95,84.86,81.88,192.3,25.64,58.87,32.43,48.91,191.37,59.4,28.8,120.7,22.26,67.09,47.65,59.58,38.04,28.52,133.6,134.1,48.4,75.08,32.63,38.48,46.35,20.11,57.98,9325.01
200805,77.56,46.35,44.03,188.75,82.77,82.64,198.3,26.72,57.26,33.6,47.91,176.41,59.62,27.36,129.42999,23.18,66.74,43,59.32,38.96,28.32,136.74,132.1,30.96,68.02,34.21,38.47,47.06,19.36,57.74,8829.04
200806,69.59,37.67,47.16,167.44,65.72,73.82,198.26,23.26,51.98,31.2,42.89,174.89999,50.28,23.42,118.53,21.48,64.34,34.31,56.22,37.69,27.51,119.22,121.62,28.62,47.74,26.25,35.4,44.21,17.47,56.2,8776.39
200807,70.39,37.12,62.63,158.95,61.11,69.52,169.12,21.99,51.5,30.35,43.81,184.03999,50.84,23.83,127.98,22.19,68.47,40.63,59.79,32.9,25.72,117.36,130.96,32.01,65.8,28.08,34.04,44.8,18.67,58.62,8000.86
200808,71.6,39.68,62.85,169.53,65.56,70.73,172.64,24.05,52.07,32.35,44.44,163.97,50.17,27.12,121.73,22.87,70.43,38.49,62,35.67,27.29,121.22,139.54,26.61,62.28,30.45,35.12,46.92,19.11,59.07,7062.93
200809,68.31,35.43,59.27,113.66,57.35,59.6,164.96,22.56,52.88,30.69,40.3,128,41.55,25.89,116.96,18.73,69.28,46.7,61.7,31.56,26.69,133.8,139.38,28,70,25.39,32.09,46.24,18.44,59.89,7608.92
200810,64.3,27.5,59.89,107.59,52.42,38.2,149.2,17.77,44.06,25.91,32.04,92.5,30.45,23.59,92.97,16.031,61.34,41.25,57.93,30.95,22.33,115.26,129.08,32.73,48.34,23.73,29.67,38.28,17.71,55.81,8168.12
200811,66.93,23.31,55.54,92.67,42.63,40.99,158.02,16.54,46.87,22.52,25.06,78.99,27.86,23.11,81.6,13.8,58.58,31.66,58.75,26.72,20.22,106.5,128.7,42.81,32.5,21.01,32.65,35.28,16.43,55.88,8500.33
200812,57.54,18.55,57.75,85.35,42.67,44.67,147.94,16.3,45.27,22.69,25.3,84.39,32.83,23.02,84.16,14.66,59.83,31.53,62.19,30.4,19.44,102,123.64,37.95,28.16,26.6,33.9,36.29,17.71,56.06,8447
200901,53.79,16.73,54.85,90.13,42.31,30.85,141.04,14.97,42.72,20.68,22.96,80.73,32.81,21.53,91.65,12.9,57.69,25.51,58.02,28.55,17.1,90.5,109,38.17,13.16,28.33,29.87,34.75,14.58,47.12,9171.61
200902,45.46,12.06,48.93,89.31,31.44,24.61,121.42,14.57,40.85,16.77,18.76,91.08,26.83,20.89,92.03,12.74,50,22.85,52.25,24.2,16.15,83.06,96.34,43.34,7.9,19.65,28.53,29.03,12.31,49.24,9496.28
200903,49.72,13.63,49.52,105.12,35.58,27.96,134.48,16.77,43.95,18.16,22.33,106.02,27.86,23.56,96.89,15.03,52.6,26.58,54.57,26.75,18.37,93.78,94.18,51.87,13.64,20.93,30.2,32.06,13.62,52.1,9712.28
200904,57.6,25.22,48.47,125.83,40.05,35.58,132.2,19.32,43.05,21.9,27.9,128.5,31.21,26.32,103.21,15.78,52.36,33,53.29,24.24,20.26,104.94,98.88,56.93,17.86,23.52,30.34,35.98,13.36,50.4,9712.73
200905,57.1,24.85,49.94,135.81,44.85,35.46,133.34,18.5,49.16,24.22,28.47,144.57001,33.16,23.16,106.28,15.72,55.16,36.9,58.99,27.58,20.89,114.1,103.88,56.75,22.54,26.6,29.26,34.35,15.19,49.74,10344.84
200906,60.1,23.24,52.94,142.42999,42.5,33.04,132.5,18.65,47.99,23.33,25.62,147.44,31.4,23.63,104.42,16.55,56.8,34.11,57.49,27.96,23.77,103.56,102.2,62.68,26.4,24.98,30.73,38.65,15,48.44,10428.05
200907,70.52,28.33,62.31,163.39,42.91,44.06,138.94,22.01,49.84,25.12,30.93,163.3,34.7,25.94,117.93,19.25,60.89,38.65,55.06,30.01,23.52,113.28,111.02,73.77,29.58,28.06,32.07,43.3,15.93,49.88,10067.33
200908,72.1,33.82,59.78,168.21001,49.67,45.31,139.88,21.6,48.77,26.04,31.93,165.46001,36.76,27.29,118.05,20.32,60.44,43.46,56.24,32.43,24.65,110.78,108.22,63.55,35.18,28,31.04,44.89,16.7,50.87,10325.26
200909,73.8,33.9,60.23,185.35001,54.15,51.33,140.86,23.54,53.7,27.46,32.14,184.35001,37.15,26.64,119.61,19.57,60.89,43.82,57.07,31.63,25.72,129.4,115.84,67.95,33.84,25.04,30.27,47.21,16.55,49.09,10856.63
200910,73.57,34.84,53.62,188.5,47.8,55.06,153.08,22.81,53.31,27.37,31.82,170.17,35.89,25.09,120.61,19.11,59.05,41.77,58.61,30.93,27.73,124.36,116,74.45,29.16,25.95,29.59,47.46,17.03,49.68,11008.61
200911,77.44,41.83,56.35,199.91,52.41,58.39,156.08,23.4,57.2,30.22,34.58,169.66,38.47,27.36,126.35,19.2,62.84,42.49,63.25,36.21,29.41,129.78,124.7,85.6,31.7,28.67,31.46,49.06,18.17,54.55,10136.63
200912,82.67,40.52,56.57,210.73199,54.13,56.99,153.98,23.94,57,32.25,33.67,168.84,39.2,28.93,130.89999,20.4,64.41,41.67,62.44,36.54,30.48,132.14,121.26,86.53,30.12,30.48,33.13,51.51,18.19,53.45,9774.02
201001,80.49,37.66,58.48,192.063,60.6,52.24,144.24,22.47,54.25,29.55,32.61,148.72,38.64,28.01,122.39,19.4,62.86,38.94,62.43,38.18,28.18,127.5,123.1,85.82,30.36,33,29.42,47.07,18.66,53.43,10465.94
201002,80.15,38.19,56.61,204.62,63.16,57.05,144.6,24.33,52.72,31.24,33.72,156.35001,40.16,31.2,127.16,20.53,63,41.97,63.85,36.88,28.67,135.2,126.56,98.95,33.32,33.86,28.93,50.79,17.55,54.07,10014.72
201003,83.57,41.26,59.8375,235,72.61,62.85,151.66,26.03,55,34.91,37.24,170.63,45.27,32.35,128.25,22.29,65.2,44.75,66.72,37.35,29.2875,147,126.54,109.88,35.7,32.67,31.02,53.15,17.15,55.6,10788.05
201004,88.67,46.12,57.31,261.09,72.43,68.09,162.88,26.93,53.45,36.84,39.84,145.2,47.47,35.23,129,22.84,64.3,42.58,70.59,35.04,30.535,151.82,124.32,111.8,35.66,30.31,28.9,51.97,16.72,53.64,11118.49
201005,79.31,39.87,51.78,256.88,64.18,60.76,147.74,23.16,51.4,33.42,36.17,144.25999,42.77,33.86,125.26,21.42,58.3,39.58,66.87,33.69,25.8,144.76,122.18,116.07,31.48,29.07,27.52,46.01,15.23,50.56,11006.02
201006,78.99,39.7,52.6,251.53,62.75,60.07,135.72,21.31,50.12,31.5,34.59,131.27,39.03,28.07,123.48,19.45,59.06,36.61,65.87,34.97,23.01,135.1,119.96,139.22,28.74,28.4,28.02,43.28,14.26,48.07,11577.51
201007,85.54,44.64,54.53,257.25,68.14,69.75,152.42,23.07,55.11,33.69,40.67,150.82001,42.86,28.51,128.39999,20.6,58.09,40.28,69.73,34.46,25.81,147.28,122.32,132,28.08,30.45,29.06,46.04,15,51.19,11891.93
201008,78.55,39.87,51.04,243.10001,61.13,65.16,148.16,19.985,55.8825,32.54,40.77,136.92999,39.06,27.82,123.13,17.665,57.02,36.36,73.06,35.16,23.465,140,119.34,129.14,24.92,31.72,29.53,38.45,15.91,50.14,12226.34
201009,86.71,42.03,55.11,283.75,66.54,78.68,162.1,21.9,58.52,33.1,44.62,144.58,43.94,31.68,134.14,19.2,61.96,38.06,74.51,36.81,24.49,160.28,119.94,132.27,26.205,35.11,32.59,42.07,17.17,53.52,12319.73
201010,84.22,41.46,57.19,300.98001,70.64,78.6,165.2,22.86,61.32,36.125,47.28,161.13,47.11,30.9,143.60001,20.05,63.74,37.63,77.77,36.31,26.665,162.88,127.14,133.58,22.898,36.05,32.48,42.04,17.415,54.17,12810.54
201011,83.98,43.22,52.69,311.14999,63.77,84.6,161.94,19.16,63.17,36.51,46.99,156.14,49.71,30.21,141.46001,21.1575,61.55,37.4,78.3,34.47,25.2575,172.26,122.14,138.60001,21.9,36.52,32.01,41.93,16.3,54.09,12569.79
201012,86.3,42.92,54.9,322.56,65.26,93.66,182.5,20.23,65.77,37.51,49.88,168.16,53.16,35.06,146.75999,21.03,61.85,42.42,76.76,36.04,27.91,170.84,128.66,152.25999,26.68,36.11,35.78,42.1,17.51,53.93,12414.34
201101,87.92,43.38,55.08,339.32001,69.48,97.01,189.86,21.15,62.85,38.87,50.68,163.62,56.01,36.77,162,21.46,59.77,44.94,73.67,33.17,27.725,164.96,126.26,148.98,27.46,41.05,35.62,45.69,18.22,56.07,12143.24
201102,92.23,43.57,51.33,353.20999,72.01,102.93,207.5,18.56,63.92,43.74,54.87,163.78,57.91,37.47,161.88,21.47,61.44,46.69,75.68,32.57,26.58,178.06,126.1,144.71001,28.58,42.58,36.92,43.63,19.24,51.98,11613.53
201103,93.5,45.2,53.45,348.50751,73.93,111.35,214.98,17.15,66.34,43.09,54.97,158.60001,59.71,37.06,163.07001,20.18,59.25,46.1,76.09,33.01,25.39,151.4,123.2,128.75,26.66,45.2,38.54,40.97,20.31,52.05,10913.38
201104,97.21,49.08,56.85,350.13,79.78,115.41,218.88,17.52,67.46,43.1,56.79,151.00999,61.23,37.15,170.58,23.15,65.72,45.63,78.31,35.95,25.92,164.64,129.8,114.28,24.56,49.23,37.78,40.37,20.97,54.98,11955.01
201105,94.38,51.6,60.54,347.82999,78.03,105.8,209.82,16.8,66.81,41.63,53.3,140.73,59.55,36.28,168.92999,22.51,67.29,43.24,81.54,36.75,25.01,168.9,134,133.17,23.5,48.95,36.93,37.38,21.45,55.22,12045.68
201106,94.85,51.7,58.35,335.67001,73.93,106.46,205.68,15.61,67.29,39.04,54.05,133.09,59.59,36.22,171.55,22.16,66.52,40.94,84.32,35.29,26,179.96,127.14,118.42,21.92,51.58,37.23,36.4,20.6,53.14,12217.56
201107,87.14,50.04,54.7,390.48001,70.47,98.79,208.04,15.97,68.01,38.62,51.42,134.97,53.1,34.93,181.85001,22.33,64.79,40.45,86.48,34.13,27.4,180.3,122.98,101.46,19.42,49.63,35.29,35.17,19.249,52.71,12632.91
201108,82.98,49.71,55.405,384.82999,66.86,91,197.68,15.67,70.45,34.06,48.27,116.22,47.81,33.38,171.91,20.13,65.8,37.56,90.41,33.095,26.6,173.3,127.36,116.8,16.34,47.52,36.165,26.03,18.98,53.19,12952.07
201109,71.79,44.9,54.96,381.32001,60.51,73.84,185.18,15.5,67.56,30.16,39.97,94.55,43.91,32.87,174.87,21.335,63.69,30.12,87.82,32.7,24.89,171.02,126.36,143.16,12.24,46.12,36.8,22.45,17.68,51.9,13212.04
201110,79.02,50.62,57.27,404.78,65.79,94.46,210.1,18.53,68.32,34.88,48.07,109.55,52.4,35.8,184.63,24.54,64.39,34.76,92.85,34.5,26.63,192.7,127.98,154.50999,13.66,47.99,36.98,26.61,19.26,56.72,13213.63
201111,81.04,48.04,57.91,382.20001,68.69,97.88,205.64,18.64,67.23,35.85,47.72,95.86,54.15,39.22,188,24.91,64.72,30.97,95.52,35.75,25.58,192.36,129.14,155.73,10.88,48.77,37.73,27.95,20.07,58.9,12393.45
201112,81.73,47.17,64.21,405,73.35,90.6,212.8,18.08,69.97,37.5,45.78,90.43,54.35,42.04,183.88,24.25,65.58,33.25,100.33,37.7,25.96,192.74,133.42,138.62,11.12,50.68,40.12,25.76,21.64,59.76,12880.09
201201,86.71,50.14,67.93,456.48001,74.18,109.12,206.24,19.645,67.53,38.9,50.89,111.47,58.04,44.39,192.60001,26.42,65.91,37.3,99.05,38.27,29.53,207.98,126.08,138.25999,14.26,51.79,37.66,27.98,21.4,61.36,13008.68
201202,87.6,52.89,68.01,542.44,74.95,114.21,218.24,19.88,69.86,41.99,50.85,115.14,59.57,47.57,196.73,26.88,65.08,39.24,99.28,38.17,31.74,215.84,135.24,124.36,15.94,55.75,38.11,25.31,21.125,59.08,13090.84
201203,89.21,57.86,67.97,599.54999,74.37,106.52,214.42,21.15,74.01,43.78,52.9,124.37,61.05,50.31,208.64999,28.115,65.96,45.98,98.1,38.4,32.255,216.88,134.42,145.17999,19.14,58.94,38.23,23.83,22.645,61.2,13437.13
201204,89.36,60.21,71.11,583.97998,76.8,102.77,213.12,20.155,76.32,43.11,53.46,115.15,60.66,51.79,207.08,28.395,65.1,42.98,97.45,39.24,32.015,223.74,127.28,152.69,16.22,56.15,40.38,24.76,22.9,58.91,13096.46
201205,84.41,55.83,69.52,577.72998,69.61,87.62,196.62,16.33,74.73,45.71,48.26,95.7,55.66,49.34,192.89999,25.84,62.43,33.15,89.34,37.58,29.19,216.36,124.58,145.98,14.7,55.77,41.64,22.68,21.87,65.82,13025.58
201206,89.6,58.21,72.91,584,74.3,84.91,211,17.17,78.19,48.5,50.57,95.86,55.84,52.99,195.58,26.65,67.56,35.73,88.53,41.75,30.59,175.56,122.5,157.67,16.36,58.5,44.44,20.11,23,69.72,13104.14
201207,91.23,57.71,82.6,610.76001,73.91,84.21,219.16,15.95,80.8,49.14,49.7,100.9,58.05,52.18,195.98,25.7,69.22,36,89.36,44.17,29.47,186.7,129.08,168.10001,14.68,51.09,45.14,18.24,24.04,74.43,13860.58
201208,92.6,58.3,83.92,665.23999,71.4,85.33,224.32,19.08,74.8,49.47,49.75,105.72,58.45,56.75,194.85001,24.83,67.43,37.14,89.49,43.05,30.82,194.72,134.38,172.13,15.98,54.3,42.94,16.88,23.86,72.6,14054.49
201209,92.42,56.86,84.29,667.10498,69.595,86.04,233.12,19.095,75.86,52.28,50.27,113.68,59.75,60.37,207.45,22.655,68.91,40.48,91.75,45.095,29.76,189.82,138.72,169.22,17.66,55.41,45.57,17.06,24.85,73.8,14578.54
201210,87.6,55.97,86.49,595.32001,70.44,84.81,220.4814,17.145,74.36,49.12,44.52,122.39,61.24,61.38,194.53,21.63,70.82,41.68,86.8,45.63,28.54,182.76,138.48,178.83,18.64,56,44.64,13.85,24.87,75.02,14839.8
201211,90.95,55.9,88.8,585.28003,74.28,85.24,211.38,18.91,75.84,49.66,43.14,117.79,61.33,65.07,190.07001,19.565,69.73,41.08,87.04,44.3,26.615,194.96,139.66,164.44,19.72,54.39,44.12,12.99,25.02,72.02,15115.57
201212,92.85,57.48,86.2,532.17291,75.36,89.6085,216.28,19.6494,72.5,49.79,44.9785,127.56,63.47,61.85,191.55,20.62,70.1,43.9691,88.21,40.94,26.7097,206.4,135.78,169.32,23.22,54.24,43.27,14.25,25.0793,68.23,14909.6
201301,100.55,58.81,85.46,455.48999,73.87,98.39,230.3,20.57,74.48,53.88,47.45,147.86,68.24,66.92,203.07001,21.04,73.92,47.05,95.29,43.25,27.45,216.2,150.32,152.72,22.64,55.21,43.61,16.51,27.28,69.95,15499.54
201302,104,62.15,91.55,441.39999,76.9,92.37,234.3,20.855,77.44,54.59,47.9,149.75999,70.1,68.5,200.83,20.88,76.11,48.92,95.9,42.73,27.8,217.84,152.36,175,22.46,53.45,46.53,20.14,27.37,70.78,14810.31
201303,106.31,67.46,102.51,442.66,85.85,86.97,237.64,20.895,80.88,56.8,49.16,147.14999,75.35,69.78,213.3,21.835,81.53,47.46,99.69,44.2,28.605,236.04,154.12,196.52,24.36,57.21,49.15,23.84,28.86,74.83,15129.67
201304,104.71,68.41,104.21,442.78,91.41,84.67,244.02,20.92,84.66,62.84,54.51,146.07001,73.54,73.35,202.53999,23.95,85.23,49.01,102.14,47,33.1,254.4,153.54,207.64,24.62,59.93,53.91,20.6,29.07,77.72,15545.75
201305,110.27,75.71,100.53,449.73499,99.02,85.8,245.5,24.115,79.98,63.08,55.79,162.08,78.46,78.66,208.02,24.28,84.18,54.59,96.57,46.7,34.9,246.64,153.52,213.44,27.32,62.63,48.48,24.42,27.23,74.84,16086.41
201306,109.35,74.76,98.66,396.53,102.44,82.49,236.68,24.335,80.22,63.15,52.5,151.25,79.34,77.47,191.11,24.23,85.86,52.79,99,46.45,34.545,254.72,153.98,208.36,25.72,65.48,50.34,24.8,28.01,74.49,16576.66
201307,117.43,73.77,108.29,452.53,105.1,82.91,251.78,25.59,80.16,64.65,57.69,164.03,82.98,79.03,195.03999,23.335,93.5,55.73,98.08,48.17,31.84,251.68,160.6,220.76,29.2,72.85,49.48,25.68,29.23,77.94,15698.85
201308,113.58,71.91,108.94,487.216,103.92,82.54,240.86,23.31,76.36,60.83,56.62,152.13,79.57,74.49,182.27,21.98,86.41,50.53,94.36,47.29,33.4,251.28,155.78,242.12,28.24,71.74,47.38,22.34,28.21,72.98,16321.71
201309,119.41,75.52,111.925,476.75,117.5,83.4,243,23.431,75.76,64.49,58.56,158.21001,83.04,75.85,185.17999,22.921,86.69,51.69,96.21,47.609,33.28,290.56,151.18,249.48,27.6,71.61,46.675,20.99,28.725,73.96,16457.66
201310,125.85,81.8,116.14,522.70203,130.5,83.36,239.92,22.56,79.14,68.59,61.2,160.86,86.73,77.89,179.21001,24.47,92.61,51.54,96.52,45.09,35.405,303.04,161.5,228.36,27.94,68.26,50.51,24.37,30.685,76.75,16580.84
201311,133.50999,85.8,114.08,556.07001,134.25,84.6,244.88,21.25,80.38,70.54,61.38,168.94,88.51,80.67,179.67999,23.84,94.66,57.22,97.37,49.83,38.13,316.56,168.44,206.6,31.64,74.48,49.62,27.35,31.73,81.01,16717.17
201312,140.25,90.73,114.08,561.02002,136.49001,90.81,249.82,22.43,82.62,76.4,64.97,177.25999,91.37,82.34,187.57001,25.955,91.59,58.48,97.03,50.05,37.41,314.56,162.82,210.52,31.14,75.3,49.14,27.98,30.63,78.69,16826.6
201401,128.19,85.02,118.95,500.60001,125.26,93.91,223.26,21.91,75.64,72.61,61.01,164.12,91.23,76.85,176.67999,24.54,88.47,55.36,94.17,52.97,37.84,291.4,153.24,232.32,33.5,72.28,48.02,29,30.4,74.68,16563.3
201402,134.73,91.28,124.02,526.23999,128.92,96.97,230.66,21.8,76.4,80.81,66.62,166.45,94.44,82.03,185.17,24.76,92.12,56.82,95.15,56.99,38.31,313.2,157.32,217,33.06,77.27,47.58,29.88,32.11,74.7,17098.45
201403,135.66,90.03,123.34,536.73999,125.49,99.37,237.82,22.415,77.32,80.07,67.1,163.85001,92.76,79.13,192.49001,25.814,98.23,60.71,98.03,56.77,40.99,295.44,161.2,236.36,34.4,81.99,47.57,32.36,32.12,76.43,17042.9
201404,139.09,87.43,111.75,590.09003,129.02,105.4,251.04,23.11,81.58,79.34,67.32,159.82001,92.9,79.51,196.47,26.69,101.29,55.98,101.38,58.56,40.4,291.8,165.1,230.12,30.28,75.04,46.73,33.06,31.28,79.71,17390.52
201405,142.55,91.5,115.99,633,135.25,102.23,245.58,24.62,81.82,84.01,69.31,159.81,93.15,80.23,184.36,27.32,101.46,55.57,101.43,57.86,40.94,307.64,161.58,255.96,30.28,79.63,49.96,33.5,29.63,76.77,17828.24
201406,143.24001,94.87,118.37,557.58,127.23,108.67,261.1,24.85,84.72,85.74,65.44,167.44,92.95,80.96,181.27,30.9,104.62,57.62,100.74,57.85,41.7,310.2,157.18,239.48,30.74,81.75,48.93,33.68,29.68,75.07,17823.07
201407,140.89,88,127.39,573.6,120.48,100.75,258.48002,25.23,78.58,85.88,64.31,172.87,91.83,80.85,191.67,33.89,100.09,57.67,94.56,56.74,43.16,308.52,154.64,237.24,30.5,81.05,50.42,35.61,28.7,73.58,17164.95
201408,144,89.55,139.38,615,126.8,109.07,258.9,24.99,83.44,89.88,66.11,179.11,95.23,93.5,192.3,34.92,103.73,59.45,93.72,60.11,45.43,314.2,166.22,225.8,32.18,86.68,49.82,38,29.39,75.5,18132.7
201409,141.67999,87.54,140.46001,604.5,127.38,99.03,238.64,25.17,85.32,89.03,71.76,183.57001,93.12,91.74,189.83,34.82,106.59,60.24,94.81,59.28,46.36,356.8,167.48,277.52,34.1,86.25,49.99,35.47,29.57,76.47,17776.12
201410,153.77,89.95,162.17999,648,124.91,101.41,239.9,24.47,83.76,91.38,69.15,189.99001,96.12,97.52,164.39999,34.01,107.78,60.48,93.73,57.94,46.95,371.88,174.54,267.24,34.32,95.01,50.25,35.88,29.95,76.27,17840.52
201411,160.09,92.42,165.31,713.58,134.36,100.6,217.74,27.64,89.66,92.51,71.4,188.41,99.07,99.4,162.17,37.25,108.25,60.16,96.81,60.4,47.81,397.16,180.86,291.28,34.08,98.63,50.59,39.06,31.15,87.54,18010.68
201412,164.32001,93.04,159.28999,662.28,129.98,91.53,224.36,27.815,84.44,94.19,73.94,193.83,99.92,104.97,160.44,36.29,104.57,62.58,93.7,56.79,46.45,384.6,182.18,291,35.78,101.09,46.78,40.13,31.15,85.88,17619.51
201501,162.3,80.69,152.25999,702.96,145.37,79.97,205.06,26.365,82.34,90.96,71.21,172.41,97.76,104.42,153.31,33.04,100.14,54.38,92.44,60.28,40.4,369,168.58,278.52,30.3,106.25,45.71,36.13,31.25,84.98,17689.86
201502,168.64999,81.59,157.72,770.76006,150.85001,82.9,213.36,29.51,86.6,104.08,77.85,189.78999,102.78,114.75,161.94,33.25,102.51,61.28,98.9,58.54,43.85,388.48,170.26,293.2,31.62,113.63,49.45,34.84,34.32,83.93,16528.03
201503,164.95,78.12,159.85001,746.58,150.08,80.03,209.96,27.525,81.1,104.89,71.47,187.97,104.31,113.61,160.5,31.27,100.6,60.58,97.44,57.48,40.655,401.32,163.88,277.44,30.78,118.29,48.63,31.16,34.79,82.25,16284.7
201504,156.39,77.45,157.91,750.9,143.34,86.88,222.12,28.83,81.12,108.72,73.2,196.42,100.92,106.98,171.28999,32.55,99.2,63.26,96.55,59.56,48.64,395.36,159.02,277.72,31.86,111.4,50.44,32.97,33.93,78.05,17663.54
201505,159.08,79.72,156.25999,781.68,140.52,85.32,206,29.31,81.92,110.37,71.01,206.19,104.2,111.42,169.64999,34.46,100.14,65.78,95.93,60.89,46.86,406.68,156.78,310.84,33,120.21,49.44,33.4,34.75,74.27,17719.92
201506,154.3,77.72,153.52,752.55,138.72,84.82,192.94,27.46,78.46,114.14,63.95,208.78999,101.97,111.13,162.66,30.415,97.46,67.76,95.07,56.93,44.15,432.08,156.48,318.76,34.04,122,46.61,30.01,33.53,70.93,17425.03
201507,151.34,76.06,176.59,727.8,144.17,78.63,176.96,28.42,82.16,120,55.76,205.07001,105.05,117.03,161.99001,28.95,100.21,68.53,99.86,58.96,46.7,460.88,153.4,313.6,35.76,121.4,46.79,30.52,36.06,71.98,16466.3
201508,142.14,76.72,151.78,676.56,130.67999,76.44,161.98,25.88,78.64,101.88,51.5,188.60001,99.27,116.46,147.89,28.54,93.98,64.1,95.02,53.85,43.52,447,141.34,272.24,32.68,115.7,46.01,28.06,32.22,64.73,16516.5
201509,141.77,74.13,138.32001,661.8,130.95,65.36,157.76,26.25,80.24,102.2,48.2,173.75999,94.69,115.49,144.97,30.14,93.35,60.97,98.53,49.39,44.26,491.88,143.88,271,31.16,116.01,43.51,25.61,31.41,64.84,17685.09
201510,157.21001,73.26,158.17999,717,148.07001,72.99,181.76,28.85,84.7,113.74,63.4,187.5,103.28,123.64,140.08,33.86,101.03,64.25,112.25,54.66,52.64,524.12,152.76,295.32,33.56,117.78,46.88,26.96,33.82,57.24,17773.64
201511,156.58,71.64,161.10001,709.8,145.45,72.65,182.64,27.25,85.24,113.47,67.34,190.02,103.95,133.88,139.42,34.77,101.24,66.68,114.16,53.01,54.35,529.12,149.68,303.2,34.86,112.71,45.45,12.54,32.77,58.84,17787.2
201512,150.64,69.55,162.33,631.56,144.59,67.96,179.92,27.155,85.92,105.08,66.6,180.23,103.57,132.25,137.62,34.45,102.72,66.03,118.14,52.82,55.48,500,158.82,334.84,33.66,117.64,46.22,11.84,32.28,61.3,17929.99
201601,151,53.5,152.73,584.04,120.13,62.24,172.94,23.79,85.84,95.82,52.76,161.56,103.2,125.76,124.79,31.02,104.44,59.5,123.78,50.67,55.09,496.08,163.38,317.64,28.28,115.16,49.97,9.71,30.49,66.36,18432.24
201602,156.87,55.58,142.28,580.14,118.18,67.7,166.88,26.18,86.26,95.52,60.87,149.53,101.35,124.12,131.03,29.59,105.21,56.3,117.19,50.21,50.88,492.72,160.58,327.2,25.04,119.1,50.73,10.69,29.67,66.34,18400.88
201603,166.63,61.4,149.92999,653.94,126.94,76.54,190.8,28.47,92.78,99.31,63.32,156.98,112.05,133.42999,151.45,32.35,108.2,59.22,125.68,52.91,55.23,491.76,164.62,317.68,27.04,128.89999,54.08,12.32,29.64,68.49,18308.15
201604,167.38,65.43,158.3,562.44,134.8,77.72,204.36,27.49,89.6,103.26,65.91,164.11,114.27,133.89,145.94,30.28,112.08,63.2,126.49,54.84,49.87,471.52,160.24,285.32,29.12,131.67999,50.94,12.27,32.71,66.87,18142.42
201605,168.32001,65.76,157.95,599.16,126.15,72.51,202,29.05,89.2,99.22,65.41,159.48,113.83,132.12,153.74001,31.59,112.69,65.27,122.06,56.26,53,441.76,162.08,300.64,29.58,133.67,50.9,13.38,34.7,70.78,19123.58
201606,175.12,60.76,152.14999,573.6,129.87,75.81,209.66,28.69,90.66,97.82,64.8,148.58,116.32,127.69,151.78,32.8,121.3,62.14,120.34,57.61,51.17,441.6,169.34,288,26.54,141.2,55.84,12.55,35.21,73.02,19762.6
201607,178.36,64.46,172.03,625.26,133.66,82.76,204.96,30.53,87.26,95.95,69.17,158.81,116.33,138.24001,160.62,34.86,125.23,63.97,117.65,58.66,56.68,444,171.18,273.84,28.98,143.2,55.41,14.01,36.89,72.97,19864.09
201608,179.24001,65.58,170.06,636.6,129.45,81.95,201.16,31.44,86.86,94.46,69.6,169.46001,116.71,134.12,158.88,35.89,119.34,67.5,115.66,62.79,57.46,461.12,174.62,316.4,32.28,136.05,52.33,14.37,34.8,71.44,20812.24
201609,176.23,64.04,166.81,678.3,131.74001,88.77,205.84,31.72,84.64,92.86,66.97,161.27,116.59,128.67999,158.85001,37.75,118.13,66.59,115.36,62.41,57.6,421.2,179.5,325.4,31.3,140,51.98,15.53,33.87,72.12,20663.22
201610,165.3,66.42,141.16,681.24,142.42999,83.46,209.5,30.68,84.8,92.69,68.79,178.24001,109.68,122.01,153.69,34.87,115.99,69.26,112.57,58.72,59.92,401.44,173.6,329.96,33,141.33,48.1,14.49,31.71,70.02,20940.51
201611,171.74001,72.04,144.07001,663.12,150.56,95.56,223.12,29.82,80.7,99.12,73.61,219.28999,113.94,129.39999,162.22,34.7,111.3,80.17,119.27,61.19,60.26,400.56,164.92,344.48,42.24,158.32001,49.9,15.4,32.14,70.43,21008.65
201612,178.57001,74.08,146.21001,694.92,155.67999,92.74,235.4,30.22,82.92,104.22,73.4,239.45,115.85,134.08,165.99001,36.27,115.21,86.29,121.72,58.87,62.14,406.64,168.16,358.56,44.2,160.03999,53.38,14.84,32.48,69.12,21349.63
201701,174.82001,76.38,156.67999,728.1,163.42,95.66,222.7,30.72,83.14,110.65,75.5,229.32001,118.32,137.58,174.52,36.82,113.25,84.63,122.57,61.99,64.65,423.2,175.2,346.4,45.28,162.10001,49.01,15.05,31.73,66.74,21891.12
201702,186.35001,80.06,176.53,821.94006,180.23,96.66,225,34.18,83.92,110.09,78.54,248.06,124.5,144.91,179.82001,36.2,122.21,90.62,127.65,65.87,63.98,457.28,182.14,363.2,49.36,165.38,49.63,17.37,34.12,70.93,21948.1
201703,191.33,79.11,164.07001,861.96,176.86,92.76,214.74,33.8,84.88,113.39,80.33,229.72,124.87,146.83,174.14,36.07,124.55,87.84,129.61,63.54,65.86,445.84,179.7,381.96,47.18,164.00999,48.75,17.88,34.21,72.08,22405.09
201704,195.83,79.25,163.32001,861.89994,184.83,102.26,213.4,34.07,86.3,115.6,79.75,223.8,131.14,156.10001,160.28999,36.15,123.47,87,139.92999,62.33,68.46,443.28,174.66,373.68,46.68,174.88,45.91,18.82,33.92,75.18,23377.24
201705,204.47,76.94,155.24001,916.55994,187.63,105.43,206.96,31.53,90.94,107.94,78.92,211.25999,132.99001,153.50999,152.63,36.11,128.25,82.15,150.89,65.11,69.84,423.92,176.18,409.36,44.82,175.17999,46.64,18.76,32.65,78.6,24272.35
201706,208.19,84.24,172.23,864.12,197.75,107.46,208.66,31.3,89.7,106.25,80.71,221.89999,133.28999,153.39999,153.83,33.74,132.28999,91.4,153.16,64.09,68.93,472,174.3,417.28,48.52,185.42,44.66,17.48,33.59,75.68,24719.22
201707,201.17,85.23,174.50999,892.38,242.46001,113.95,218.38,31.45,91.68,109.93,82.21,225.33,136.12,149.60001,144.67,35.47,132.72,91.8,155.14,63.88,72.7,472.4,181.64,408.92,48.24,191.81,48.4,19.1,33.16,79.99,26149.39
201708,204.32001,86.1,177.77,984,239.66,117.49,215.24,32.21,91.1,101.2,83.93,223.74001,138.27,149.87,143.03,35.07,132.37,90.89,159.97,63.86,74.77,422.48,184.54,455.64,47.78,198.89999,47.97,19.08,33.92,78.07,25029.2
201709,209.89999,90.46,186.45,924.72,254.21001,124.71,235,33.63,90.02,98.57,84.3,237.19,141.74001,163.56,145.08,38.08,130.00999,95.51,156.67999,64.03,74.49,414.8,181.96,465,50.68,195.85001,49.49,19.96,35.7,78.14,24103.11
201710,230.19,95.52,175.22,1014.23994,257.98001,135.8,231.78,34.15,91.96,97.81,88.05,242.48,144.16,165.78,154.06,45.49,139.41,100.61,166.91,55.09,83.18,439.92,172.68,465.2,54.78,210.22,47.87,21.55,35.06,87.31,24163.15
201711,243.14,97.71,175.66,1031.10006,276.79999,141.14999,237.98,37.3,91.54,104.82,87.62,247.64,155.96001,179.82001,153.97,44.84,139.33,104.52,171.97,55.27,84.17,483.36,179.98,483.96,56.34,228.17,50.89,21.45,36.26,97.23,24415.84
201712,235.37,99.31,173.89999,1015.38,294.91,157.58,250.38,38.3,91.76,107.51,87.19,254.75999,153.36,189.53,153.42,46.16,139.72,106.94,172.12,56.27,85.54,500.4,183.76,517.32,59.04,220.46001,52.93,21.01,36.22,98.75,24271.41
201801,250.5,99.4,186.05,1004.57994,354.37,162.78,250.7,41.54,95.18,108.67,92.53,267.89001,159.67,200.89999,163.7,48.14,138.19,115.67,171.14,59.25,95.01,545.76,172.68,545.59996,64,236.78,54.07,23.32,37.04,106.6,25415.19
201802,235.50999,97.51,183.77,1068.72,362.20999,154.63,223.84,44.78,86.44,103.16,86.07,262.92999,151.11,182.27,155.83,49.29,129.88,115.5,157.74001,54.22,93.77,536.24,157.04,548.59996,64.2,226.16,47.74,23.39,36.31,90.01,25964.82
201803,219.52,93.28,170.48,1006.68,327.88,147.38,228.08,42.89,86.86,100.44,78.4,251.86,144.50999,178.24001,153.42999,52.08,128.14999,109.97,156.38,54.47,91.27,531.52,158.56,610.71996,59.98,214,47.82,21.92,35.49,88.97,26458.31
201804,194.39,98.75,174.48,991.55994,333.56,144.36,250.22,44.29,86.42,100.33,77.82,238.33,144.67999,184.8,144.96001,51.62,126.49,108.78,167.44,58.87,93.52,547.12,144.68,636.12,59.84,236.39999,49.35,21.49,36.61,88.46,25115.76
201805,197.23,98.3,179.62,1121.22,352.16,151.91,248.6,42.71,86,99.47,78.89,225.88,147.91,186.55,141.31,55.2,119.62,107.01,160.00999,59.53,98.84,574.4,146.34,548.96004,58.08,241.50999,47.67,22.03,35.93,82.54,25538.46
201806,196.72,98,184.59,1110.66,335.51001,135.67,252.86,43.03,87.72,104.81,81.6,220.57001,144.05,195.10001,139.7,49.71,121.34,104.2,156.69,60.7,98.61,637.44,156.12,571.03996,56.38,245.34,50.31,22.69,36.28,85.65,23327.46
201807,212.32001,99.52,196.55,1141.73994,356.29999,143.8,252.54,42.29,93.26,113.56,85.13,237.42999,159.64999,197.52,144.92999,48.1,132.52,114.95,157.53999,65.87,106.08,615.28,161.76,547.88,61.76,253.22,51.64,23.08,39.93,89.23,24999.67
201808,210.92,105.98,199.81,1365.78,342.79001,138.85001,236.92,47.77,89.14,112.02,86.82,237.81,159.06,200.77,146.48,48.43,134.69,114.58,162.23,68.59,112.33,657.6,165.9,607.88,61.86,268.45999,54.37,24.65,41.52,95.86,25916
201809,210.71001,106.49,207.28999,1354.44006,371.89999,152.49001,244.56,48.65,92.38,116.94,80.04,224.24001,166.39999,207.14999,151.21001,47.29,138.17,112.84,167.28999,70.94,114.37,677.76,166.46,654.59996,58.92,266.04001,53.39,25.77,44.07,93.91,25928.68
201810,190.25999,102.73,192.78999,1313.16,354.85999,121.32,223.3,45.75,95.76,114.83,67.11,225.37,144.82001,175.88,115.43,46.88,139.99001,109.02,176.89999,73.61,106.81,600.32,177.36,633.48,55,261.35001,57.09,24.14,43.06,100.28,26592.91
201811,207.92,112.27,208.25,1071.48,346.76001,135.67,237.88,47.87,100.8,115.49,70,190.69,146.75,180.32001,124.27,49.31,146.89999,111.19,188.50999,79.34,110.89,600.96,189.02,661.40004,56.8,281.35999,60.3,23,46.23,97.65,24815.04
201812,190.53999,95.32,194.67,946.44006,322.5,127.07,217.58,43.33,94.7,109.65,67,167.05,132.12,171.82001,113.67,46.93,129.05,97.62,177.57001,76.41,101.57,593.12,183.84,605.64,49.28,249.12,56.22,20.46,43.65,93.15,26599.96
201901,200.3,102.7,187.11,998.64,385.62,133.16,229.3,47.29,96.26,111.52,67.42,198.00999,143.63,183.53,134.42,47.12,133.08,103.5,178.78,74.43,104.43,655.04,192.94,606.92,56.94,270.20001,55.06,22.03,42.45,95.83,26864.27
201902,207.39,107.74,190.08,1038.89994,439.95999,137.34,239.16,51.77,90.68,112.84,66.69,196.7,154.07001,185.14,138.13,52.96,136.64,104.36,183.84,81.29,112.03,685.84,197.1,618,58.16,242.22,56.92,19.73,43.35,98.99,26403.28
201903,207.78,109.3,189.98,1139.7,381.42001,135.49001,246.36,53.99,93.72,111.03,67.25,191.99001,158.92,191.89,141.10001,53.7,139.78999,101.23,189.89999,83.17,117.94,673.68,208.1,624.28004,55.18,247.25999,59.13,19.43,42.47,97.53,26916.83
201904,189.50999,117.23,179.32001,1204.02,377.69,139.42,240.12,55.95,98.12,136.97,71.12,205.92,173.63,203.7,140.27,51.04,141.2,116.05,197.57001,78.71,130.60001,702.64,212.96,593.76,61.16,233.07001,57.19,19.95,40.61,102.84,27046.23
201905,159.75,114.71,166.7,1050.42006,341.60999,119.81,227.7,52.03,98.26,132.03999,66.79,182.49001,164.31,189.85001,126.99,44.04,131.14999,105.96,198.27,79.21,123.68,617.12,205.82,625.96004,53.2,241.8,54.35,18.68,41.52,101.44,28051.41
201906,173.34,123.44,184.28,1187.52,364.01001,136.28999,248.88,54.73,101.84,139.64,75.07,204.60001,174.59,207.97,137.89999,47.87,139.28,111.8,207.66,83.85,133.96001,671.6,219.3,651.56,58,244.00999,57.13,20.79,43.32,110.49,28538.44
201907,174.72,124.37,186.58,1278.23994,341.17999,131.67,246.22,55.4,105.26,143.00999,72.16,220.13,172.46001,213.69,148.24001,50.55,130.22,116,210.72,82.99,136.27,688.24,236.08,650.56,61.36,249.00999,55.27,21.04,38.84,110.38,28256.03
201908,161.72,120.37,208.62,1252.44006,364.09,119,235.44,46.81,110.08,137.25999,67.93,203.91,164.62,227.91,135.53,47.41,128.36,109.86,217.97,86.47,137.86,676,240.46,729.24,55.02,234,58.16,18.29,35.55,114.26,25409.36
201909,164.39999,118.28,193.50999,1343.82,380.47,126.31,237.2,49.41,108.88,130.32001,71.31,207.23,169.2,232.02,145.42,51.53,129.38,117.69,214.71001,84.18,139.03,751.36,248.76,681.59996,58.34,217.32001,60.36,18.92,35.93,118.68,21917.16
201910,164.99001,117.28,213.25,1492.55994,339.91,137.8,232.28,47.51,108.86,129.92,65.91,213.38,172.73,234.58,133.73,56.53,132.03999,124.92,196.7,86.66,143.37,716.4,249.02,575.92,62.54,252.7,60.47,17.37,38.37,117.26,24345.72
201911,169.77,120.12,234.72,1603.5,366.17999,144.73,234.26,45.31,106.8,151.58,64.81,221.35001,178.55,220.50999,134.45,58.05,137.49001,131.75999,194.48,87.18,151.38,747.92,244.12,647.8,66.64,279.87,60.24,20.08,38.52,119.09,25383.11
201912,176.42,124.49,241.07001,1761.89994,325.76001,147.67999,241.02,47.96,110.7,144.63,64.2,229.92999,177,218.38,134.03999,59.85,145.87,139.39999,197.61,90.95,157.7,810.48,249.8,699.15996,70.44,293.98001,61.4,20.55,39.18,118.84,25812.88
202001,158.66,129.87,216.05,1857.06006,318.26999,131.35001,214.28,45.97,116.8,138.31,51.18,237.75,173.22,228.10001,143.73,63.93,148.87,132.36,213.97,85.44,170.23,770.4,249.24,749.32,65.66,272.45001,59.44,21.32,37.24,114.49,26428.32
202002,149.24001,109.93,199.73,1640.15994,275.10999,124.24,186.68,39.93,106.98,117.65,42.9,200.77,162.17,217.84,130.14999,55.52,134.48,116.11,194.17,76.56,162.00999,715.04,226.46,779.40004,57,254.96001,54.16,20.79,33.42,107.68,28430.05
202003,136.50999,85.61,202.73,1525.73994,149.14,116.04,144.92,39.31,88.5,96.6,34.1,154.59,133.78999,186.71001,110.93,54.12,131.13,90.03,165.35001,76.94,157.71001,661.92,220,1090.59996,42.46,249.38,53.73,17.36,32.64,113.62,27781.7
202004,151.92,91.25,239.22,1762.79994,141.02,116.38,184,42.38,91.78,108.15,47.02,183.42,141.89999,219.83,125.56,59.98,150.03999,95.76,187.56,79.34,179.21001,697.44,235.74,1005.28004,48.1,292.47,57.45,15.51,38.36,121.55,26501.6
202005,156.44,95.07,229.7,1907.64,145.85001,120.13,183.4,47.82,93.36,117.3,50.73,196.49001,145.85001,248.48,124.9,62.93,148.75,97.31,186.32001,80.72,183.25,788.64,231.84,929.08,48.24,304.85001,57.38,15.14,38.19,124.06,29638.64
202006,155.99001,95.2,235.86,2188.79994,183.3,126.5,178.46,46.64,89.36,111.51,53.13,197.62,144.59,250.50999,120.77,59.83,140.63,94.06,184.47,77.33,203.50999,784.4,239.14,983.2,47.5,294.95001,55.13,17.43,32.7,119.78,30606.48
202007,150.47,93.32,244.67,2550.24006,158,132.88,167.88,47.1,94.48,116.94,53.48,197.96001,149.37,265.48999,122.94,47.73,145.75999,96.64,194.28,80.24,205.00999,780.88,262.24,890.12,49.76,302.78,57.48,17.58,38.48,129.39999,29982.62
202008,163.02,101.59,253.32001,2322.71982,171.82001,142.31,167.86,42.22,99.06,131.87,55.76,204.87,165.55,285.04001,123.31,50.95,153.41,100.19,213.52,85.27,225.53,895.12,276.66,902.24,51.48,312.54999,59.27,19.55,37.79,138.85001,30932.37
202009,160.17999,100.25,254.16,2084.58,165.25999,149.14999,144,39.39,98.74,124.08,55.48,200.97,164.61,277.70999,121.67,51.78,148.88,96.27,219.49001,82.95,210.33,1004.32,277.98002,866,48.18,311.76999,59.49,18.99,36.7,139.91,32981.55
202010,159.96001,91.24,216.94,1959.48,144.39,157.05,139,35.9,96.12,121.25,56.88,189.03999,164.95,266.70999,111.66,44.28,137.11,98.04,213,75.21,202.47,960.64,274.20002,847.48,47.4,305.14001,56.99,17.96,35.48,138.75,33874.85
202011,172.73,118.59,222.03999,2142.9,210.71001,173.59,174.36,43.02,103.2,148.00999,63.44,230.58,203.92,277.41,123.52,48.35,144.67999,117.88,217.44,80.39,214.07001,1077.6,277.74,921.28004,56.32,336.34,60.41,21.93,38.31,152.78999,34529.45
202012,174.78999,120.91,229.92,2388.42,214.06,182.02,168.9,44.75,109.68,181.17999,71.11,263.70999,212.7,265.62,125.88,49.82,157.38,127.07,214.58,81.8,222.42,1131.76,278.28,952.40004,60.62,350.67999,58.75,24.59,36.81,144.14999,34502.51
202101,175.66,116.26,241.42999,2375.28018,194.19,182.84,170.4,44.58,96.3,168.17,79.45,271.17001,195.37,270.82001,119.11,55.51,163.13,128.67,207.84,77.07,231.96001,1068.72,256.42002,977.08,59.3,333.57999,54.75,24.34,35.9,140.49001,34935.47
202102,175.06,135.25999,224.92,2182.68,212.00999,215.88,200,44.87,97.98,189.03999,70.32,319.48001,202.35001,258.34,118.93,60.78,158.46001,147.17,206.14,72.62,232.38,1078.24,247.06,967.71996,69.42,332.22,55.3,28.97,33.49,129.92,35360.73
202103,192.67999,141.44,248.81,2198.7,254.72,231.87,209.58,51.71,105.42,184.52,77.28,327,217.07001,305.25,133.25999,64,164.35001,152.23,224.14,77.09,235.77,1063.12,270.85998,1061.07996,77.38,372.07001,58.15,31.75,36.23,135.83,33843.92
202104,197.14,153.35001,239.64,2366.28018,234.31,228.11,206.14,50.91,107.96,186.02,77.11,348.45001,223.03999,323.67001,141.88,57.53,162.73,153.81,236.08,74.5,252.17999,1060.96,266.84,1084.88,81.06,398.79999,57.79,34.11,38.65,139.91,35819.56
202105,203.03999,160.13,237.94,2242.98,247.02,241.08,207.58,52.9,110.58,178.64999,84.59,372.01999,230.91,318.91,143.74001,57.12,169.25,164.24001,233.89,75.89,249.67999,1091.68008,269.70002,1198.76,84.78,411.92001,56.49,29.23,38.73,142.03,34483.72
202106,198.63,165.23,243.75,2465.28018,239.56,217.63,209.48,53,108.22,175.77,77.41,379.53,219.35001,318.89001,146.59,56.14,164.74001,155.53999,230.99001,77.77,270.89999,1235.92008,269.85998,1139.83996,82.46,400.44,56.03,30.19,39.16,141.02,36338.3
202107,197.94,170.53,241.53999,2625.48,226.48,206.75,203.62,55.37,114.06,176.02,75.05,374.88,233.78999,328.19,140.96001,53.72,172.2,151.78,242.71001,76.87,284.91,1340.07992,284.46,1016.52,76.72,412.22,55.78,28.87,42.81,142.55,35131.86
202108,194.74001,165.96001,225.53,2732.94,219.5,210.87,193.54,59.02,112.62,181.3,74.02,413.51001,231.91,326.17999,140.34,54.06,173.13,159.95,237.46001,76.29,301.88,1317.92008,284.78,930.52,83.5,416.26999,55,29.74,46.07,148.10001,33892.6
202109,175.42,167.53,212.64999,2547,219.94,191.97,202.9,54.43,104.94,169.17,67.99,378.03,212.28,328.26001,138.92999,53.28,161.5,163.69,241.11,75.11,281.92001,1161.84,279.6,842.12,84.9,390.73999,54.01,27.36,43.01,139.38,34678.35
202110,178.67999,173.78,206.97,2696.4,207.03,204.00999,228.98,55.97,112.74,169.07001,69.6,413.35001,218.62,371.73999,125.1,49,162.88,169.89,245.55,88.05,331.62,1338.31992,285.98002,849.28004,95.56,460.47,52.99,30.33,43.74,149.42,32977.21
202111,170.03999,152.3,198.88,2975.4,197.85001,193.35001,225.74,54.84,104.9,144.89999,73.96,380.98999,202.24001,400.60999,117.1,49.2,155.92999,158.83,244.60001,74.91,330.59,1353.92008,289.16,703.76,88.94,444.22,50.27,35.28,53.73,140.63,32990.12
202112,177.63,163.60001,224.97,3196.26018,201.32001,206.74001,234.7,63.37,118.42,154.89,80.78,382.54999,208.50999,415.01001,133.66,51.5,171.07001,158.35001,268.07001,76.64,336.32001,1333.36,327.16,640.96004,88.98,502.14001,51.96,37.67,59.05,144.69,30775.43
202201,166.02,179.82001,227.14,3146.04,200.24001,201.56,262.66,55.67,122.02,142.97,76.6,354.67999,204.48,366.98001,133.57001,48.82,172.28999,148.60001,259.45001,81.48,310.98001,1184.56008,320.9,660.15996,92.28,472.57001,53.23,36.73,52.69,139.81,32845.13
202202,148.64999,194.53999,226.48,2972.16,205.34,187.58,288,55.77,124.48,148.46001,77.37,341.29001,189.75,315.82999,122.51,47.7,164.57001,141.8,244.77,76.58,298.79001,1092.4,311.78,736.08,88.4,475.87,53.67,34.36,46.94,135.16,31510.43
202203,148.88,187,241.82001,3142.98,191.5,222.82001,325.66,55.76,124,137.16,73.58,330.10001,194.58,299.32999,130.02,49.56,177.23,136.32001,247.28,82.05,308.31,1076.48,305.6,624.48,82.44,509.97,50.94,36.3,51.77,148.92,28725.51
202204,144.22,174.71001,233.19,2837.69982,148.84,210.53999,313.34,48.98,129.22,111.63,65.93,305.48999,193.50999,300.39999,132.21001,43.59,180.46001,119.36,249.16,88.69,277.51999,997.6,321.1,575.36,71.36,508.54999,46.3,36.63,49.07,152.99001,32732.95
202205,149.28999,168.82001,256.73999,2679.12,131.39999,215.85001,349.32,45.05,126.76,110.44,67.85,326.85001,193.62,302.75,138.84,44.42,179.53,132.23,252.21001,92.03,271.87,950.8,295.76,650.36,74.4,496.78,51.29,38.84,53.04,128.63,34589.77
202206,129.41,138.62,243.3,2460.96,136.72,178.75999,289.56,42.64,125.82,94.4,55.58,297.01999,173.81,274.26999,141.19,37.41,177.50999,112.61,246.88,91.17,256.82999,817.6,287.57998,641,62.26,513.63,50.75,32.78,52.43,121.58,33147.25
202207,143.24001,154.02,247.47,2925.17982,159.31,198.25,327.56,45.37,128.34,106.1,61.23,333.39001,192.46001,300.94,130.78999,36.31,174.52,115.36,263.37,89.34,280.73999,919.36,277.82,530.36,67.62,542.34003,46.19,33.39,50.51,132.05,34086.04
202208,124.35,152,240.3,2829.96,160.25,184.71001,316.12,44.72,123.42,112.08,55.64,332.67001,189.35001,288.42001,128.45,31.92,161.34,113.73,252.28,85.36,261.47,851.6,275.88,671.88,67.22,519.33002,41.81,28.71,45.23,132.55,32656.7
202209,110.5,134.91,225.39999,2487.6,121.08,164.08,287.34,40,112.04,94.33,50.4,293.04999,166.97,275.94,118.81,25.77,163.36,104.5,230.74001,86.12,232.89999,664.96,252.5,654.44,60.4,505.04001,37.97,24.92,43.76,129.7,33274.15
202210,125.79,148.45,270.35001,2760.12,142.50999,216.46001,361.79998,45.43,119.7,106.54,57.2,344.51001,204.02,296.13,138.28999,28.43,173.97,125.88,272.66,101.2,232.13,741.44,269.34,799.12,72.08,555.15002,37.37,27.62,46.55,142.33,34098.16
202211,125.97,157.59,286.39999,2664.54,178.88,236.41,366.62,49.72,127.22,97.87,70.51,386.14999,219.55,323.98999,148.89999,30.07,178,138.17999,272.79001,110.12,255.14,877.52,298.32,793.48,75.7,547.76001,38.98,30.04,50.13,152.42,32908.27
202212,119.92,147.75,262.64001,2338.73982,190.49001,239.56,358.98002,47.64,127.22,86.88,68.63,343.38,214.3,315.85999,140.89,26.43,176.64999,134.10001,263.53,110.95,239.82001,936.08,303.12,893.52,66.24,530.17999,39.4,26.87,51.24,141.78999,34407.6
202301,115.08,174.92999,252.39999,2597.21982,213,252.28999,348.04,48.67,122.64,108.49,73.95,365.81,208.48,324.17001,134.73,28.26,163.42,139.96001,267.39999,107.41,247.81,1018.64,284.76,845.03996,70.96,499.19,41.57,29.14,44.16,143.87,35559.53
202302,107.74,173.99001,231.66,2653.38,201.55,239.55,321.54,48.42,119.02,99.61,73.03,351.64999,191.48,296.54001,129.3,24.93,153.25999,143.35001,263.91,106.24,249.42,950.32,275.12,900.03996,68.6,475.94,38.81,29.52,40.57,142.13,34721.91
202303,105.11,164.95,241.75,2968.19982,212.42999,228.84,326.32,52.275,124.06,100.13,71.77,327.10999,191.12,295.12,131.09,32.67,155,130.31,279.60999,106.39,288.29999,981.12,297.38,885.84004,57.2,472.59,38.89,29.35,40.8,147.45,33507.5
202304,106.22,161.34,239.74001,3054.23982,206.78,218.8,337.16,47.25,128.3,102.5,69.72,343.44,199.84,300.54001,126.41,31.06,163.7,138.24001,295.75,115.47,307.26001,1013.76,312.76,811.12,58.56,492.09,38.83,29.71,38.89,150.97,33052.87
202305,93.31,158.56,220.64999,3190.5,205.7,205.75,301.24,49.67,119.32,87.96,67.19,323.89999,191.60001,283.45001,128.59,31.44,155.06,135.71001,285.10999,110.41,328.39001,842.08,285,803.32,55.58,487.23999,35.63,29.06,38.02,146.87,35950.89
202306,100.09,174.2,222.02,3491.46,211.16,246.05,314.70002,51.74,120.44,89.28,71.44,322.54001,207.5,310.64001,133.81,33.44,165.52,145.44,298.41,115.39,340.54001,882.96,303.48002,1007.59996,57.38,480.64001,37.19,30.71,36.68,157.17999,37689.54
202307,111.5,168.88,234.14999,3536.1,238.85001,265.17001,327.32,52.04,123.86,88.89,77.63,355.87,194.13,333.84,144.17999,35.77,167.53,157.96001,293.20001,106.65,335.92001,883.12,312.6,1052.56004,64,506.37,34.08,32.83,36.06,159.86,38150.3
202308,106.67,157.99001,256.34,3381.66,224.03,281.13,322.20002,57.35,119.66,83.68,76.89,327.70999,187.94,330.29999,146.83,35.14,161.67999,146.33,281.14999,108.98,327.76001,813.68,308.68,1124.36,57.34,476.57999,34.98,29.71,35.38,162.61,38996.39
202309,93.62,149.19,268.76001,3081.78018,191.67999,273,337.24,53.76,111.96,81.05,74.59,323.57001,184.74001,302.16,140.3,35.55,155.75,145.02,263.44,102.95,315.75,764.96,291.72,1235.28004,54.76,504.19,32.41,25.7,33.17,159.92999,39807.37
202310,90.95,146.03,255.7,3073.86,186.82001,226.05,291.46,52.13,112.98,81.59,72.88,303.60999,183.25999,284.69,144.64,36.5,148.34,139.06,262.17001,102.7,338.10999,822.16,300.06,1204.71996,52.68,535.56,35.13,26.33,30.56,163.41,37815.92
202311,99.07,170.77,269.64001,3419.1,231.63,250.72,287.20002,48.38,116.88,92.69,71.54,341.54001,195.92,313.48999,158.56,44.7,154.66,156.08,281.84,102.48,378.91,882.16,307.04,1075.76,60.98,552.96997,38.33,29.34,30.47,155.69,38686.32
202312,109.32,187.34,288.01999,3465.54,260.66,295.67001,298.32,50.52,117.86,90.29,76.93,385.76999,209.71001,346.54999,163.55,50.25,156.74001,170.10001,296.51001,109.02,376.04001,868.56,293.07998,937.76,67.34,526.46997,37.7,30.09,28.79,157.64999,39118.86
202401,94.35,200.74001,314.26001,3319.19982,211.03999,300.31,294.85998,50.18,118.98,96.05,61.8,384.01001,202.25999,352.95999,183.66,43.08,158.89999,174.36,292.72,120.78,397.57999,812.24,314.28,1028.40004,68.02,511.73999,42.35,28.71,27.08,165.25,40842.79
202402,92.12,219.42,273.82999,3253.5,203.72,333.95999,304.01998,48.37,120.04,111.58,69.19,389.04999,198.73,380.60999,185.03,43.05,161.38,186.06,292.28,127.15,413.64001,831.44,317.88,1035.19996,69.04,493.60001,40.02,28.33,26.56,175.83,41563.08
202403,106.07,227.69,284.32001,3086.64,192.99001,366.42999,315.48002,49.91,122.36,122.36,76.67,417.69,205.25,383.60001,190.96001,44.17,158.19,200.3,281.95001,131.95,420.72,751.84,324.5,1011.59996,75.84,494.70001,41.96,30.22,27.75,180.51,42330.15
202404,96.51,234.03,273.94,3065.94,167.84,334.57001,322.54,46.98,123.54,111.1,72.5,426.70999,192.73,334.22,166.2,30.47,144.59,191.74001,273.04001,129.22,389.32999,738.08,326.4,1094.83996,74.02,483.70001,39.49,28.09,25.62,178.05,41763.46
202405,100.14,240,305.85001,3460.5,177.61,338.51999,324.6,46.5,125.86,103.91,82.16,456.51999,202.19,334.87,166.85001,30.85,146.67,202.63,258.89001,125.54,415.13,760.4,329.07998,1165.48,79.98,495.37,41.15,36.5,28.66,197.28,44910.65
202406,102.19,231.55,312.45001,3791.16,182.00999,333.10001,312.84,47.51,127.3,99.29,80.49,452.32001,213.53999,344.23999,172.95,30.97,146.16,202.25999,254.84,123.8,446.95001,602.96,329.84,1319.95996,79.54,509.26001,41.24,35.02,27.98,203.13,42544.22
202407,127.55,253.03999,332.47,3997.44,190.60001,346.20001,320.94,48.45,133.48,93.69,83.7,509.03,204.75,368.16,192.14,30.74,157.85001,212.8,265.39999,113.13,418.35001,598.88,321.51998,1366.8,80.62,576.15997,40.52,36.09,30.54,205.92,44544.66
202408,134.69,258.64999,333.82999,4122,173.74001,356.10001,295.9,50.54,144.94,90.38,84.25,510.25,207.91,368.5,202.13,22.04,165.86,224.8,288.66,118.45,417.14001,666.56,343.07998,1191.4,81.5,590.20001,41.78,36.18,29.01,231.69,43840.91
202409,136.7,271.20001,322.20999,4194,152.03999,391.12,294.54,53.22,143.72,96.19,89.11,495.10999,206.71001,405.20001,221.08,23.46,162.06,210.86,304.51001,113.56,430.29999,707.2,346.4,1073.44,79.36,584.67999,44.91,35.87,28.94,242.25,42001.76
202410,128.47,270.07999,320.16,4066.38,149.31,376.20001,297.64002,54.77,130.62,96.2,82.99,517.78998,205.67999,393.75,206.72,21.52,159.86,221.92,292.10999,102.32,406.35001,617.04,330.35998,1074.84,83.64,564.5,42.13,35.52,28.3,245.85,40669.36
202411,133.53,304.67999,282.87,4271.94,155.44,406.10999,323.85998,59.21,128.16,117.47,83.59,608.57001,232.92999,429.13,227.41,24.05,155.00999,249.72,296.01001,101.64,423.45999,630.16,358.51998,1061.48,95.02,610.20001,44.34,35.43,26.21,277.5,42270.07
202412,129.09,296.79001,260.64001,4507.56,177,362.76001,289.68,59.2,124.52,111.35,76.25,572.62,225.89,388.98999,219.83,20.05,144.62,239.71001,289.89001,99.48,421.5,605.36,335.29998,1090.76,87.9,505.85999,39.99,32.63,26.53,271.05,44094.77
