Month,Mkt-RF,RF,Raw market return (pp),Regime
2005-01,-2.75,0.16,-2.59,Down
2005-02,1.88,0.16,2.04,Up
2005-03,-1.94,0.21,-1.73,Down
2005-04,-2.61,0.21,-2.4,Down
2005-05,3.65,0.24,3.8899999999999997,Up
2005-06,0.58,0.23,0.8099999999999999,Up
2005-07,3.92,0.24,4.16,Up
2005-08,-1.2,0.3,-0.8999999999999999,Down
2005-09,0.48,0.29,0.77,Up
2005-10,-2.04,0.27,-1.77,Down
2005-11,3.61,0.31,3.92,Up
2005-12,-0.24,0.32,0.08000000000000002,Up
2006-01,3.03,0.35,3.38,Up
2006-02,-0.3,0.34,0.040000000000000036,Up
2006-03,1.47,0.37,1.8399999999999999,Up
2006-04,0.73,0.36,1.0899999999999999,Up
2006-05,-3.56,0.43,-3.13,Down
2006-06,-0.35,0.4,0.050000000000000044,Up
2006-07,-0.77,0.4,-0.37,Down
2006-08,2.03,0.42,2.4499999999999997,Up
2006-09,1.84,0.41,2.25,Up
2006-10,3.22,0.41,3.6300000000000003,Up
2006-11,1.7,0.42,2.12,Up
2006-12,0.85,0.4,1.25,Up
2007-01,1.38,0.44,1.8199999999999998,Up
2007-02,-1.96,0.38,-1.58,Down
2007-03,0.71,0.43,1.14,Up
2007-04,3.49,0.44,3.93,Up
2007-05,3.23,0.41,3.64,Up
2007-06,-1.96,0.4,-1.56,Down
2007-07,-3.72,0.4,-3.3200000000000003,Down
2007-08,0.94,0.42,1.3599999999999999,Up
2007-09,3.22,0.32,3.54,Up
2007-10,1.79,0.32,2.11,Up
2007-11,-4.8,0.34,-4.46,Down
2007-12,-0.87,0.27,-0.6,Down
2008-01,-6.33,0.21,-6.12,Down
2008-02,-3.09,0.13,-2.96,Down
2008-03,-0.94,0.17,-0.7699999999999999,Down
2008-04,4.61,0.18,4.79,Up
2008-05,1.87,0.18,2.0500000000000003,Up
2008-06,-8.43,0.17,-8.26,Down
2008-07,-0.75,0.15,-0.6,Down
2008-08,1.53,0.13,1.6600000000000001,Up
2008-09,-9.35,0.15,-9.2,Down
2008-10,-17.2,0.08,-17.12,Down
2008-11,-7.74,0.03,-7.71,Down
2008-12,1.77,0.0,1.77,Up
2009-01,-8.09,0.0,-8.09,Down
2009-02,-10.14,0.01,-10.13,Down
2009-03,9.01,0.02,9.03,Up
2009-04,10.17,0.01,10.18,Up
2009-05,5.21,0.0,5.21,Up
2009-06,0.42,0.01,0.43,Up
2009-07,7.74,0.01,7.75,Up
2009-08,3.33,0.01,3.34,Up
2009-09,4.08,0.01,4.09,Up
2009-10,-2.53,0.0,-2.53,Down
2009-11,5.63,0.0,5.63,Up
2009-12,2.8,0.01,2.8099999999999996,Up
2010-01,-3.35,0.0,-3.35,Down
2010-02,3.39,0.0,3.39,Up
2010-03,6.3,0.01,6.31,Up
2010-04,1.99,0.01,2.0,Up
2010-05,-7.9,0.01,-7.890000000000001,Down
2010-06,-5.56,0.01,-5.55,Down
2010-07,6.92,0.01,6.93,Up
2010-08,-4.78,0.01,-4.7700000000000005,Down
2010-09,9.55,0.01,9.56,Up
2010-10,3.87,0.01,3.88,Up
2010-11,0.59,0.01,0.6,Up
2010-12,6.82,0.01,6.83,Up
2011-01,1.98,0.01,1.99,Up
2011-02,3.48,0.01,3.4899999999999998,Up
2011-03,0.45,0.01,0.46,Up
2011-04,2.9,0.0,2.9,Up
2011-05,-1.27,0.0,-1.27,Down
2011-06,-1.74,0.0,-1.74,Down
2011-07,-2.35,0.0,-2.35,Down
2011-08,-5.96,0.01,-5.95,Down
2011-09,-7.58,0.0,-7.58,Down
2011-10,11.33,0.0,11.33,Up
2011-11,-0.27,0.0,-0.27,Down
2011-12,0.75,0.0,0.75,Up
2012-01,5.05,0.0,5.05,Up
2012-02,4.42,0.0,4.42,Up
2012-03,3.12,0.0,3.12,Up
2012-04,-0.85,0.0,-0.85,Down
2012-05,-6.17,0.01,-6.16,Down
2012-06,3.89,0.0,3.89,Up
2012-07,0.79,0.0,0.79,Up
2012-08,2.54,0.01,2.55,Up
2012-09,2.73,0.01,2.7399999999999998,Up
2012-10,-1.76,0.01,-1.75,Down
2012-11,0.78,0.01,0.79,Up
2012-12,1.18,0.01,1.19,Up
2013-01,5.57,0.0,5.57,Up
2013-02,1.28,0.0,1.28,Up
2013-03,4.04,0.0,4.04,Up
2013-04,1.56,0.0,1.56,Up
2013-05,2.8,0.0,2.8,Up
2013-06,-1.2,0.0,-1.2,Down
2013-07,5.65,0.0,5.65,Up
2013-08,-2.71,0.0,-2.71,Down
2013-09,3.77,0.0,3.77,Up
2013-10,4.17,0.0,4.17,Up
2013-11,3.11,0.0,3.11,Up
2013-12,2.81,0.0,2.81,Up
2014-01,-3.32,0.0,-3.32,Down
2014-02,4.66,0.0,4.66,Up
2014-03,0.43,0.0,0.43,Up
2014-04,-0.18,0.0,-0.18,Down
2014-05,2.05,0.0,2.05,Up
2014-06,2.6,0.0,2.6,Up
2014-07,-2.03,0.0,-2.03,Down
2014-08,4.24,0.0,4.24,Up
2014-09,-1.96,0.0,-1.96,Down
2014-10,2.51,0.0,2.51,Up
2014-11,2.56,0.0,2.56,Up
2014-12,-0.05,0.0,-0.05,Down
2015-01,-3.1,0.0,-3.1,Down
2015-02,6.13,0.0,6.13,Up
2015-03,-1.11,0.0,-1.11,Down
2015-04,0.59,0.0,0.59,Up
2015-05,1.37,0.0,1.37,Up
2015-06,-1.52,0.0,-1.52,Down
2015-07,1.57,0.0,1.57,Up
2015-08,-6.02,0.0,-6.02,Down
2015-09,-3.06,0.0,-3.06,Down
2015-10,7.75,0.0,7.75,Up
2015-11,0.57,0.0,0.57,Up
2015-12,-2.15,0.01,-2.14,Down
2016-01,-5.74,0.01,-5.73,Down
2016-02,-0.06,0.02,-0.039999999999999994,Down
2016-03,6.95,0.02,6.97,Up
2016-04,0.92,0.01,0.93,Up
2016-05,1.78,0.01,1.79,Up
2016-06,-0.03,0.02,-0.009999999999999998,Down
2016-07,3.94,0.02,3.96,Up
2016-08,0.49,0.02,0.51,Up
2016-09,0.27,0.02,0.29000000000000004,Up
2016-10,-2.01,0.02,-1.9899999999999998,Down
2016-11,4.86,0.01,4.87,Up
2016-12,1.81,0.03,1.84,Up
2017-01,1.94,0.04,1.98,Up
2017-02,3.55,0.04,3.59,Up
2017-03,0.17,0.03,0.2,Up
2017-04,1.08,0.05,1.1300000000000001,Up
2017-05,1.07,0.06,1.1300000000000001,Up
2017-06,0.79,0.06,0.8500000000000001,Up
2017-07,1.88,0.07,1.95,Up
2017-08,0.18,0.09,0.27,Up
2017-09,2.49,0.09,2.58,Up
2017-10,2.26,0.09,2.3499999999999996,Up
2017-11,3.12,0.08,3.2,Up
2017-12,1.06,0.09,1.1500000000000001,Up
2018-01,5.58,0.11,5.69,Up
2018-02,-3.64,0.11,-3.5300000000000002,Down
2018-03,-2.35,0.12,-2.23,Down
2018-04,0.27,0.14,0.41000000000000003,Up
2018-05,2.66,0.14,2.8000000000000003,Up
2018-06,0.49,0.14,0.63,Up
2018-07,3.2,0.16,3.3600000000000003,Up
2018-08,3.45,0.16,3.6100000000000003,Up
2018-09,0.06,0.15,0.21,Up
2018-10,-7.65,0.19,-7.46,Down
2018-11,1.71,0.18,1.89,Up
2018-12,-9.55,0.19,-9.360000000000001,Down
2019-01,8.37,0.21,8.58,Up
2019-02,3.42,0.18,3.6,Up
2019-03,1.1,0.19,1.29,Up
2019-04,3.97,0.21,4.180000000000001,Up
2019-05,-6.92,0.21,-6.71,Down
2019-06,6.99,0.18,7.17,Up
2019-07,1.23,0.19,1.42,Up
2019-08,-2.55,0.16,-2.3899999999999997,Down
2019-09,1.41,0.18,1.5899999999999999,Up
2019-10,2.07,0.15,2.2199999999999998,Up
2019-11,3.87,0.12,3.99,Up
2019-12,2.77,0.14,2.91,Up
2020-01,-0.11,0.13,0.020000000000000004,Up
2020-02,-8.15,0.12,-8.030000000000001,Down
2020-03,-13.37,0.12,-13.25,Down
2020-04,13.6,0.0,13.6,Up
2020-05,5.57,0.01,5.58,Up
2020-06,2.45,0.01,2.46,Up
2020-07,5.83,0.01,5.84,Up
2020-08,7.62,0.01,7.63,Up
2020-09,-3.64,0.01,-3.6300000000000003,Down
2020-10,-2.08,0.01,-2.0700000000000003,Down
2020-11,12.45,0.01,12.459999999999999,Up
2020-12,4.63,0.01,4.64,Up
2021-01,-0.07,0.0,-0.07,Down
2021-02,2.81,0.0,2.81,Up
2021-03,3.17,0.0,3.17,Up
2021-04,4.95,0.0,4.95,Up
2021-05,0.3,0.0,0.3,Up
2021-06,2.74,0.0,2.74,Up
2021-07,1.34,0.0,1.34,Up
2021-08,2.94,0.0,2.94,Up
2021-09,-4.4,0.0,-4.4,Down
2021-10,6.63,0.0,6.63,Up
2021-11,-1.58,0.0,-1.58,Down
2021-12,3.23,0.01,3.2399999999999998,Up
2022-01,-6.16,0.0,-6.16,Down
2022-02,-2.28,0.0,-2.28,Down
2022-03,3.08,0.0,3.08,Up
2022-04,-9.41,0.0,-9.41,Down
2022-05,-0.34,0.03,-0.31000000000000005,Down
2022-06,-8.4,0.06,-8.34,Down
2022-07,9.57,0.08,9.65,Up
2022-08,-3.77,0.19,-3.58,Down
2022-09,-9.34,0.19,-9.15,Down
2022-10,7.85,0.23,8.08,Up
2022-11,4.65,0.29,4.94,Up
2022-12,-6.38,0.33,-6.05,Down
2023-01,6.61,0.35,6.96,Up
2023-02,-2.57,0.34,-2.23,Down
2023-03,2.48,0.36,2.84,Up
2023-04,0.62,0.35,0.97,Up
2023-05,0.34,0.36,0.7,Up
2023-06,6.46,0.4,6.86,Up
2023-07,3.21,0.45,3.66,Up
2023-08,-2.36,0.45,-1.91,Down
2023-09,-5.23,0.43,-4.800000000000001,Down
2023-10,-3.15,0.47,-2.6799999999999997,Down
2023-11,8.88,0.44,9.32,Up
2023-12,4.85,0.43,5.279999999999999,Up
2024-01,0.73,0.47,1.2,Up
2024-02,5.07,0.42,5.49,Up
2024-03,2.84,0.43,3.27,Up
2024-04,-4.65,0.47,-4.180000000000001,Down
2024-05,4.33,0.44,4.7700000000000005,Up
2024-06,2.8,0.41,3.21,Up
2024-07,1.22,0.45,1.67,Up
2024-08,1.6,0.48,2.08,Up
2024-09,1.72,0.4,2.12,Up
2024-10,-1.0,0.39,-0.61,Down
2024-11,6.49,0.4,6.890000000000001,Up
2024-12,-3.17,0.37,-2.8,Down
2025-01,2.8,0.37,3.17,Up
2025-02,-2.44,0.33,-2.11,Down
2025-03,-6.39,0.34,-6.05,Down
2025-04,-0.84,0.35,-0.49,Down
2025-05,6.06,0.38,6.4399999999999995,Up
2025-06,4.86,0.34,5.2,Up
2025-07,1.98,0.34,2.32,Up
2025-08,1.84,0.38,2.22,Up
2025-09,3.39,0.33,3.72,Up
2025-10,1.96,0.37,2.33,Up
2025-11,-0.13,0.3,0.16999999999999998,Up
2025-12,-0.36,0.34,-0.019999999999999962,Down
2026-01,1.03,0.3,1.33,Up
2026-02,-1.17,0.28,-0.8899999999999999,Down
2026-03,-5.18,0.29,-4.89,Down
2026-04,9.94,0.29,10.229999999999999,Up
