Ticker,P1 Baseline 60/40,P2 Regional equities,P3 Three bonds,P4 Four equities/four bonds,P5 Equity factors,P6 Alternatives,P7 Equal weight
SPY,0.6,0.0,0.6,0.15,0.0,0.6,0.0625
IWM,0.0,0.3,0.0,0.15,0.0,0.0,0.0625
FEZ,0.0,0.15,0.0,0.15,0.0,0.0,0.0625
EEM,0.0,0.15,0.0,0.15,0.0,0.0,0.0625
TLT,0.4,0.4,0.0,0.1,0.4,0.0,0.0625
AGG,0.0,0.0,0.13333333333333333,0.1,0.0,0.0,0.0625
JNK,0.0,0.0,0.13333333333333333,0.1,0.0,0.0,0.0625
LQD,0.0,0.0,0.13333333333333333,0.1,0.0,0.0,0.0625
MTUM,0.0,0.0,0.0,0.0,0.15,0.0,0.0625
SIZE,0.0,0.0,0.0,0.0,0.15,0.0,0.0625
VLUE,0.0,0.0,0.0,0.0,0.15,0.0,0.0625
USMV,0.0,0.0,0.0,0.0,0.15,0.0,0.0625
USRT,0.0,0.0,0.0,0.0,0.0,0.1,0.0625
QAI,0.0,0.0,0.0,0.0,0.0,0.1,0.0625
IGF,0.0,0.0,0.0,0.0,0.0,0.1,0.0625
PSP,0.0,0.0,0.0,0.0,0.0,0.1,0.0625
