Month,P1 Baseline 60/40,P2 Regional equities,P3 Three bonds,P4 Four equities/four bonds,P5 Equity factors,P6 Alternatives,P7 Equal weight
2016-12,0.004883481064008687,0.011552737898326428,0.009960523006612076,0.013811814797825738,0.0036683071559991285,0.013946456555505948,0.012202442145453303
2017-01,0.01399376004372419,0.016612790204013295,0.012896711731703725,0.018051515552753927,0.014135560372514289,0.013512907460725929,0.014296395886248925
2017-02,0.029037028102506034,0.014588016208692468,0.026683288646219338,0.015821372253541386,0.0309756363615555,0.0371423038390225,0.026472660345004395
2017-03,-0.005236479581332332,0.010830392543237366,-0.003987677123429652,0.011695698437228586,-0.0043859630618011125,0.0012520066488228116,0.005886043375576952
2017-04,0.011390200685608897,0.01755662673187003,0.008869183709447285,0.01543089894332398,0.01295519648289355,0.006879342862367866,0.01087872491383067
2017-05,0.015169826120199926,0.011827954697735565,0.011399555852593815,0.014072746232519973,0.018493815778686272,0.018109928590424897,0.017610395229544766
2017-06,0.003209744746952392,0.009075142096152055,0.0002016845742475995,0.0019811353000034784,0.0029632374315431476,-0.0013360254199827894,-0.0002863302264281345
2017-07,0.00887982078147913,0.011427881786079307,0.013883653680571302,0.017635867115723368,0.010006703398418913,0.01843296829388965,0.016831684874134487
2017-08,0.014488468806074729,0.012667073459833679,0.0027747895474785475,0.006206267043340863,0.01540680097485195,0.008232319762981277,0.008572517182982194
2017-09,-0.0010275302341584698,0.013562364720267433,0.00782690630455655,0.013398878598156277,8.647293930296106e-05,0.004461563190998563,0.006227027808909186
2017-10,0.013176568252457032,0.007596157208368348,0.013607614513057387,0.010360780705334692,0.015928598574759412,0.014077680622136313,0.01118368476524429
2017-11,0.020460701374261613,0.009421361766206077,0.016273100307937667,0.00645378074764606,0.022583373493570202,0.033505615137831984,0.020481390796958633
2017-12,0.009751135595067063,0.004113987267379387,0.004683379620467809,0.002522020430849187,0.007260304912152432,-0.00410927498366619,-0.0030608496537607027
2018-01,0.020793255812354246,0.017504605761210677,0.030608508135430753,0.029482844244984263,0.016275046708140048,0.02846330374486001,0.019967272184985514
2018-02,-0.03478781126484574,-0.043646184088893716,-0.028568293878357385,-0.0386700669074237,-0.03237501347504533,-0.033861310278015436,-0.03345607228215564
2018-03,-0.008163632299125267,0.013344973570038488,-0.019135885650091947,-0.001054310802601971,-0.0011219621004103439,-0.016799307157841392,-0.0035974391174622977
2018-04,-0.006086920154740306,-0.005509345698574737,-0.0008433975443536154,-0.002273510152882313,-0.007635178806534886,0.005137386169999747,-0.00012240308089603302
2018-05,0.02170550384257699,0.014511654057332372,0.014547217115005588,0.0035439290171509212,0.017807287274494363,0.02243292828453919,0.011199192750914314
2018-06,0.0024028269859513343,-0.009115174839679496,-0.0010085966731256946,-0.012407054766128975,0.0019934118941881407,0.004085502457468405,-0.0031329253249368152
2018-07,0.015589748237030899,0.009037731215739097,0.025015436398103795,0.019740551696478714,0.010028111360021108,0.023703097198482938,0.016181305649342906
2018-08,0.023479393073996314,0.005157808085600519,0.01944592475057692,0.00045477673087548903,0.026073783278740038,0.011649136174634112,0.004832545591419546
2018-09,-0.011467188400126373,-0.020978214637944515,-0.0006716787612435955,-0.00879446536087099,-0.011647579095125688,-0.006619691594156463,-0.008932100660537269
2018-10,-0.05404891489137938,-0.07093327716213794,-0.04906177423244655,-0.06107680943104189,-0.05033575743731944,-0.0593910322449505,-0.054225793487003876
2018-11,0.017292621226060945,0.01840673496279698,0.008953832935228733,0.012345552728556109,0.01641309936770089,0.029172514129759165,0.02067270946623035
2018-12,-0.03457163923168424,-0.030450120034612012,-0.05670872917818904,-0.04265574653830553,-0.034417986291133046,-0.07034398445608757,-0.048999797458520136
2019-01,0.04955362725174184,0.05989748594251011,0.060730995842670034,0.0633075265313531,0.04959679673603908,0.0712987722479322,0.0630115969347785
2019-02,0.01305447245688618,0.011887718566953684,0.019573445057317805,0.013870636171905561,0.013271327962110422,0.0295337492898444,0.01996269955872957
2019-03,0.029577904007392686,0.0166242192560083,0.01519995534851987,0.011416550080863692,0.025269705100372554,0.0077374954227306105,0.008304310618685216
2019-04,0.015685105705404778,0.012993284426306772,0.02521586653172303,0.02117416953645794,0.008677588445355277,0.030716117791024653,0.01964416276481274
2019-05,-0.011800917215961191,-0.016881540787745657,-0.037499189246315345,-0.03394190773660572,-0.004035388334333671,-0.040073099414049324,-0.02648359753190975
2019-06,0.04161924303140441,0.039188891256086496,0.047203848971924874,0.043125159045505186,0.04184348232603778,0.043387557780649975,0.038620361347717805
2019-07,0.009312597589052318,-0.006192163335260276,0.008540527447648513,-0.005525811010615061,0.009652670242531613,0.0069966118195536,0.0002517916610672022
2019-08,0.03326799786330823,0.02087053752832239,-0.001591961219263209,-0.0003894118023502129,0.034130194283852944,-0.0004802684015223548,0.005566632309102149
2019-09,-0.0025438319287587785,0.0005667537386294986,0.006289248038501696,0.006887832748826306,-0.0034435597492028683,0.01702933895672225,0.01029566258712658
2019-10,0.008118849109641911,0.014964591259898139,0.012805402276778406,0.017721596181048162,0.0017000011274885532,0.01913943238096192,0.013569159254667673
2019-11,0.01939662402482338,0.011838958191010367,0.021833519518690045,0.012997941002032512,0.015924688387060723,0.023041973098203758,0.01374257181233391
2019-12,0.00034043407350034933,0.006389948287611036,0.015300028367378846,0.017596524616319234,-0.0034694574131558203,0.004896851572031335,0.005208113252248292
2020-01,0.030522354875352754,0.0060155858848973546,0.005115874468691965,-0.008446020546005427,0.03232437811494868,-0.027951760307327836,-0.01774816098638273
2020-02,-0.021700933287108332,-0.018409985031535663,-0.04709614611003536,-0.036062710361082696,-0.025494606350671554,-0.048380227809168876,-0.03554205916720094
2020-03,-0.053113047966521464,-0.09105344560355437,-0.10295727362193277,-0.1152653861685248,-0.0678120833621115,-0.12399457454448506,-0.11800502929488242
2020-04,0.08048184361580711,0.06479547686320088,0.09033723737829005,0.07046310613681357,0.07300523893092106,0.10153730925887663,0.07626626243257298
2020-05,0.021030466486603446,0.027737237328753793,0.03614059433755422,0.036328665007184305,0.022800155751724626,0.04136710692290193,0.03655974198260364
2020-06,0.008796582198585144,0.028817469586087382,0.010019508100429878,0.02710394877254647,0.006149533475900654,0.015430770891534405,0.018539451962092397
2020-07,0.05258661473360293,0.04269381230993213,0.047185789404857466,0.04309792096076808,0.043927919243214826,0.03946197966553276,0.03440202889199593
2020-08,0.021269818558195958,0.006513369402021093,0.037460797941398456,0.02091152881536641,0.010185768197344165,0.045699141855689865,0.022168630038812268
2020-09,-0.022129957139270618,-0.016652329166543706,-0.027859159473061577,-0.021698469438848882,-0.014440595071209872,-0.01642522850942534,-0.011288152823896364
2020-10,-0.028901040650686462,-0.016611601114083642,-0.016863026056748144,-0.014627750575046753,-0.02693792016498714,-0.011590321314654125,-0.010427600498562187
2020-11,0.07148553546416418,0.10453710173014978,0.07551906946653453,0.09651252289433408,0.08041080644207857,0.09411159867272234,0.09108101318272713
2020-12,0.013863629141037713,0.03342085350056876,0.02074030553371721,0.03101262789382982,0.01111555207086815,0.028284072420082174,0.025255547527532292
2021-01,-0.020645406056848614,0.0013146067612670154,-0.010210045482336942,0.00034438267983720184,-0.012800435101445908,-0.00578633720376751,-0.00032722907126092604
2021-02,-0.006685123748967438,0.0027507867841228793,0.0108746668415255,0.010787601163241366,-0.006386705561213209,0.030078870732345563,0.01781807822616706
2021-03,0.003755367367662152,-0.01174312815842837,0.021997468069679754,0.006429365043620299,-8.25471952145665e-05,0.03407329637483557,0.01551164266117331
2021-04,0.04116672319771117,0.023188929714074748,0.03414956761207455,0.02318090769175055,0.035784919975570796,0.04095289153340393,0.027264207157054007
2021-05,0.0033626065957688134,0.009617517687505505,0.00421259194855419,0.010833051283561513,0.0057274450055685155,0.01544358218719657,0.014343195891065641
2021-06,0.028532055739264806,0.017497325872837168,0.01633205386618221,0.008637054400742649,0.020811789444221414,0.01166042395619604,0.006934339149883478
2021-07,0.02897375490587466,-0.005570589565193809,0.017360884830735793,-0.005177378246730956,0.021875621159968037,0.011818574709710093,0.000390378293597074
2021-08,0.016010000195678352,0.010020511379566164,0.016981307527076116,0.011908286453958172,0.011799940871243786,0.030726732282384966,0.018459024501020563
2021-09,-0.04191123307908522,-0.03574382909946796,-0.034215871807358286,-0.03265928540166692,-0.03909348066895315,-0.04244156893892373,-0.03407653942849608
2021-10,0.051438461229310575,0.031849886911530144,0.04142632595582015,0.028488176305646557,0.04311477665720517,0.0531939325025195,0.03325913981204517
2021-11,0.005741761394390355,-0.01792299969534265,-0.007286506830002737,-0.022400851901519036,-0.003963327903009816,-0.017315648041074473,-0.023030512291763408
2021-12,0.016579389018447972,0.0032768286967024586,0.026379919206642184,0.01407230620975599,0.016808266501171586,0.0314947520516513,0.019982186681633256
2022-01,-0.04730033541893373,-0.048566075059326225,-0.042783027963530444,-0.038787193640270286,-0.050031231065652146,-0.04296366721299833,-0.040114587250273365
2022-02,-0.024789357525038726,-0.02233826757008522,-0.024120677599781256,-0.027814697400143425,-0.020686491852149175,-0.03137838455738527,-0.027172134852279664
2022-03,-0.001651656222911147,-0.02659254831196181,0.010262561810421024,-0.013938960415265093,-0.005068069615854489,0.03353632298757113,0.006652058805865432
2022-04,-0.09091096959264032,-0.08877786471033572,-0.07348314788633813,-0.07402361858493359,-0.08463737139972573,-0.07857239901309893,-0.0716113527938936
2022-05,-0.008323335040862868,-0.0007051146285754659,0.0056904790268907934,0.009851863711553055,-0.0038744166590393156,0.011653891339669476,0.013133657287052083
2022-06,-0.057643713151793285,-0.05960288057441939,-0.06998306256961168,-0.06890762575493552,-0.05409862622153042,-0.08008939022329048,-0.06962567158763114
2022-07,0.064166894187067,0.047410318025157404,0.072270737922655,0.051456372445225086,0.04627110243344295,0.05447456182377845,0.039642642806982105
2022-08,-0.043386056824490704,-0.037795775123888306,-0.04120986839404942,-0.03927992279105546,-0.03676104530228012,-0.025070477984398383,-0.027773503614360047
2022-09,-0.09140992326658107,-0.09505235384858819,-0.07766479319027722,-0.08397930262998854,-0.08716262062066335,-0.07619062625476766,-0.07369718677902322
2022-10,0.02401179145976164,0.02288449443669154,0.04867982031234588,0.03683236634573808,0.03853579726957463,0.05405098715324225,0.04371830402661721
2022-11,0.06090667500874796,0.08284591873262971,0.05066687500097175,0.08019928193221283,0.05914730968456479,0.06520431853714007,0.07062703979610553
2022-12,-0.04950453526726661,-0.04437844278113385,-0.04587271679610692,-0.04052973273936987,-0.04403775887185945,-0.05101606732133069,-0.04075662204429188
2023-01,0.06830695575886789,0.09252320624957863,0.05443028816523136,0.07682066385540404,0.055083728879511726,0.0517315283301713,0.055171678819632385
2023-02,-0.035464450058367424,-0.03931165933190323,-0.02809987406643807,-0.034974504128291076,-0.04264653279023487,-0.02102315332364046,-0.03065675549194327
2023-03,0.03820750067052687,0.014737408766312821,0.029804743872272877,0.021201290108841003,0.01925178538455156,0.017946858163227195,0.010515705341065211
2023-04,0.009923404049431638,-0.0015532842218039739,0.009928394095257163,0.003537281962105021,0.0034234711366793787,0.016109855678009887,0.006908642957780681
2023-05,-0.010268034919696635,-0.026473183858201927,-0.004264767702687407,-0.020053986941555725,-0.03386729391552836,0.002228867541335622,-0.019151026091849356
2023-06,0.036321287147244696,0.03510109534052306,0.03806772414268538,0.033886458408743436,0.03588093306617185,0.040675649183122095,0.03198318949624645
2023-07,0.008410127595208783,0.01958422422906689,0.01995801268664857,0.0239918903617794,0.005340882624998876,0.0223855124860226,0.018081860252298354
2023-08,-0.023384379158504554,-0.046636101695911904,-0.013458609824851924,-0.034005397698445294,-0.023395547204056986,-0.024407119636081807,-0.028685864802935113
2023-09,-0.06337526319104055,-0.06510517650122023,-0.042441639489222936,-0.047582252715819374,-0.05917053495932494,-0.025416825968052833,-0.0311961050381475
2023-10,-0.036071737156501936,-0.051800308979467004,-0.02138567811030236,-0.033670890625172166,-0.03891473437954895,-0.01204845974794448,-0.02253750143438983
2023-11,0.09299723753794673,0.09418293200074028,0.07572250984429693,0.0811246640695894,0.08882110731471461,0.07865498729341096,0.07506055329427128
2023-12,0.05683881596493423,0.0764160228371144,0.03743242062124615,0.05050130915323639,0.06292357502007816,0.03831090170405487,0.04597276861345008
2024-01,0.0005752862771420275,-0.027347894390656106,0.00896101172305063,-0.01281790673448958,1.4628397313625926e-05,0.003707975650197969,-0.005808408233186728
2024-02,0.021049338067909578,0.02183014621189559,0.025568503193233748,0.024609659915868217,0.018855593300530438,0.03214564563724707,0.02147567697882409
2024-03,0.019570722614829436,0.021074566827362105,0.0208878139230802,0.021650590834517525,0.0239748389665551,0.028972022186375443,0.025870854310082056
2024-04,-0.05124738109539462,-0.05377787052566392,-0.03517098587702233,-0.037497480320213813,-0.05902211226092176,-0.04011670362369979,-0.042021049562872136
2024-05,0.04045889598674539,0.0353713055245937,0.03587981770179757,0.03196652206837373,0.030857075783163157,0.05602044022953172,0.03939993574184196
2024-06,0.02505226975211103,-0.003664061513504662,0.02010418567724173,-0.00048305137716423427,0.013183674420114205,0.016873572898633657,0.0018578120136576795
2024-07,0.020470968989689944,0.04631984053694531,0.015325243646447112,0.028773441139525874,0.027867130308716206,0.023565842849574258,0.03023280276117199
2024-08,0.021107202353364187,0.01010797820794105,0.018924407448672253,0.014508550655804276,0.02392777757823178,0.02495547476677317,0.021032520289698813
2024-09,0.017403780152720927,0.01841776735787323,0.015544045349075207,0.019153272628642703,0.014148542689721271,0.024414586482307522,0.020747871260321606
2024-10,-0.02839187156978782,-0.04032468066307357,-0.015846862423486294,-0.03012897021537247,-0.028547582958191004,-0.017039968355612,-0.024992515224222876
2024-11,0.04235661304246698,0.0307613210169625,0.04021284880950613,0.021490785855285504,0.04571079771634097,0.0550414351059771,0.0383339303885103
2024-12,-0.04466462872777482,-0.06048992169719827,-0.026554615571607845,-0.03803977416447718,-0.06560033097802803,-0.03852386181761371,-0.0482925164694077
2025-01,0.018083381936009956,0.025059831737561836,0.019377191350218665,0.026311364500284734,0.028173065077834483,0.02722187547909622,0.029436203852185705
2025-02,0.013668428192610518,0.012918840746766571,-0.001920651397724844,0.007157936129413239,0.024590276696073846,-0.008082960143743045,0.006066895451844162
2025-03,-0.04118940742403523,-0.024574481089030126,-0.03919183982075007,-0.02126500728343549,-0.03132725983402391,-0.044496888239327945,-0.026192933107999146
2025-04,-0.012056978144950792,-0.008539091425076306,-0.0067637481571996005,-0.0023883152064426982,-0.011681875925796592,-0.005880148249104901,-0.004031195020277628
2025-05,0.023445164545185637,0.01533012077208492,0.03789818155374663,0.027737126730923076,0.016836924337398248,0.05095447855593167,0.03208172489290342
2025-06,0.038105382490684514,0.03514707261470441,0.03463451470001331,0.031945778654489144,0.028979020840701652,0.03332971005726979,0.025663654413659795
2025-07,0.0077905594677329494,-0.004699457482632186,0.011910214296879721,-0.0006574272617596693,-0.006218099010656393,0.014471881707532386,-0.0005570837348687005
2025-08,0.01083911419229433,0.02912363601804955,0.015143791970071917,0.02464107164445897,0.015179765311698078,0.023270005122780414,0.02442033709115951
2025-09,0.0324487476399149,0.03792549387230308,0.02339761508848284,0.03171980749521087,0.0296546353310625,0.01947777549961126,0.021382611326607397
2025-10,0.01842015366081293,0.015618340299704537,0.013584660599670915,0.012920198941975457,0.005975349539948782,0.00979227703755555,0.003440890220063386
2025-11,0.0008155714889853449,0.0014981196689819619,0.0026524622994213024,0.001633133975185613,0.005690792887964257,0.0057682416543719086,0.006286396920343593
2025-12,-0.014814624236494756,-0.012455574301191763,-0.005125132852954232,-0.003949302888286389,-0.01215467893753488,-0.006982858604345365,-0.005936155693899853
2026-01,0.00870500165932695,0.03395326528877702,0.010472901758034503,0.029269596992687715,0.019576178868830427,0.019933333721122534,0.02758898277389922
2026-02,0.011755008402441392,0.03173583896420286,-0.002932479678115792,0.018407170609506814,0.02690024427758051,0.001335094841313057,0.017129142003176036
2026-03,-0.04937103858362777,-0.0616152289634508,-0.03929124471311069,-0.054155877778240394,-0.05096261182343038,-0.0495704140437985,-0.04992810671666328
2026-04,0.05809451267516796,0.0597334949652595,0.06417821829672342,0.061927169298818766,0.062347152683821246,0.0868246514897973,0.0686307447925565
2026-05,0.032229484845504607,0.02931901907427994,0.03206370824617536,0.030364797471347738,0.05312878439031255,0.0311691720340503,0.034372916337972605
2026-06,-0.004623101181907762,0.014713857195556018,-0.008713845531765959,0.004545348866977484,0.018995080063912956,-0.01326024515323312,0.0050537675215253305
