Month,P1 Cap Jan 2004,P2 Cap Jun 2014,P3 Alpha higher,P4 Alpha lower,P5 Tangency,P6 Min variance,P7 Inverse vol,P8 Most diversified,P9 Group budget,P10 ERC,DJIA price index
2004-02,0.0038351376131401118,0.012515446615573404,0.004847712788005904,0.01244158478151394,0.018838192341006692,0.033140936531398185,0.014870849327176732,0.007431228922174068,0.015736167976992305,0.009303443032441534,0.0033738637495550616
2004-03,-0.025384664186947126,-0.017625082305748052,-0.01883945925151389,-0.002554222425099991,0.031112487275225795,-0.005589369670349571,-0.013298238152856422,0.0063105882901416804,-0.011373940557644886,-0.011160057371049385,-0.009204908235960096
2004-04,-0.012644504886642163,-0.01170859487381937,0.003374902276161385,-0.03028922345708802,0.0042160618298295325,0.0014089055534674028,-0.01105583244289618,0.007078197954340125,-0.017835223389769495,-0.003060627967055583,-0.005237954935730982
2004-05,0.013204050979549358,0.014209052110448782,0.02210725808985147,0.020961451162366303,0.07122805291806637,0.010840014275559388,0.012570119198081578,0.048588477739004585,0.018619415920510824,0.02312179686487763,0.03994527034236972
2004-06,0.013296230265800174,0.023491271577538192,0.001989838180574848,0.03978246188844683,0.0038742466906795357,-0.01788047024347077,0.018900959379184092,-0.01176831205547589,0.023905464648922323,0.009103179110729219,0.03404193701201175
2004-07,-0.035487862267586184,-0.028535652229679822,-0.015772671311264145,-0.04395611235564376,0.0019281192169804764,-0.00260616817568071,-0.028298131151597634,-0.011251627271165474,-0.022506441508938886,-0.024669743207889096,-0.02717886749618148
2004-08,-0.00648854628915961,-7.056261651690646e-05,-0.01001486200142869,0.004190767835695277,-0.02966430991808564,0.005677406706402687,0.0017546415135622382,-0.00816778598824049,-4.598941333267642e-05,-0.003833331404666059,0.026338568190094502
2004-09,-0.018056893201061634,-0.0004236887381080578,-0.002714759682232818,0.018556185865656532,0.08460317104647619,0.01600694386799058,-3.924692710416147e-05,0.03812682614537982,0.01564480739263901,0.007626712215861636,-0.024379007321968738
2004-10,0.013654676387129812,0.02887491314177868,-0.003389910589571532,0.04259462078949887,0.07463341334168268,0.0007821270685054981,0.015098651428557531,0.02290386725084492,0.019556869918884605,0.012670255912705096,-0.029632245976678795
2004-11,0.007521214551114844,0.026007708722002823,0.012890754800412697,0.06023460429962818,0.07194687363988514,0.019063549527941943,0.03048648584634359,0.03322202929437546,0.039345900461709986,0.028132764038548894,0.02697765319827994
2004-12,0.02513544585997016,0.024761485760290757,0.05995529935813224,0.02348419677502119,0.1065945384165737,0.04799852671433945,0.03615250618000368,0.08161748450971254,0.03222069305763792,0.05150615821182242,-0.018391246030563302
2005-01,-0.03512455366102947,-0.01628445752681252,-0.034685952740639674,-0.005439103204112206,0.037283365998582,-0.018124107182090666,-0.021656494193019047,-0.0038924291670978358,-0.017144599565254243,-0.020387296387581428,0.03561470252467891
2005-02,0.019721000865356438,0.001923293154062852,0.031792671320666877,0.001194881629488748,-0.03254647892025009,0.02057430600447555,0.019235108839047037,0.007672756378764302,0.016614433832295713,0.020921370062490296,-0.014971463906752303
2005-03,-0.015200510969428996,-0.0190081339685645,-0.026057469932077536,-0.01567974393155757,-0.07873682857462928,-0.03043679654042473,-0.01738534065437078,-0.04679557365531419,-0.021203636578681406,-0.025218920585805375,0.008309800030529724
2005-04,-0.013663232541443507,-0.027836402564098944,0.00046072950746810893,-0.043146941794077805,-0.021356117360468746,-0.025220668039382204,-0.024782500518540335,-0.012812511345098272,-0.022013701041740445,-0.015740222720810076,-0.01217084409624658
2005-05,0.026676788765220803,0.02841771035388062,-0.00890249536000193,0.04729838840932247,0.06726785594195604,0.006515073578414027,0.019380423767815548,0.00023911864899996087,0.013195967156658618,0.01710444467868677,0.03503807924659519
2005-06,-0.019015994781279955,-0.020399613952974738,0.00450157444600314,-0.017702246678758547,0.011635722222247267,-0.003274811179378217,-0.014850457134396634,0.0407390598424621,-0.002804479250343031,-0.0014770958255823207,-0.008177962533326921
2005-07,0.028826729598580507,0.04425268119023601,0.025921634489797188,0.02595791737314673,0.07743620042573729,0.046653252498720627,0.03243642801751987,0.04718409233174252,0.029003457821779835,0.03603949236855838,0.013749475157452729
2005-08,-0.01875785399197487,-0.006442749077614178,-0.006974272947882635,0.004524327079821787,0.08428560374405512,-0.005567425774912563,-0.008993921952232501,0.022566748448713276,-0.0004758240128447134,0.002307229391476343,0.011831721715696242
2005-09,-0.005864763863323944,0.0028858877520796765,-0.008717024646354064,0.02362308470114798,0.004961326292298206,0.0046097802521083125,0.00651392144386187,-0.0009536481492160218,0.008918477158395671,0.0013133955340086604,0.01054358929576904
2005-10,-0.016184789959956442,-0.011555552965738566,-0.007213527183624579,-0.012872622949084374,0.00682552162485614,-0.004048590865656338,-0.012439620748660153,0.014305879641926134,-0.011049385377811978,-0.007805099433501135,0.023207541055618064
2005-11,0.037719489030083535,0.04286430329317099,0.03745021856514775,0.04459959430371586,0.053691128357593605,0.02619245190857953,0.03696916676198767,0.03440207504138591,0.04107967011089222,0.034661410533059066,-0.017491646975404507
2005-12,-0.012828811858784567,-0.015511207851080922,-0.01143078864659204,-0.010070290608966222,-0.026996477132082825,-0.02933631516865768,-0.011888499913626404,-0.012082404858741375,-0.010411923459232404,-0.01711947773913528,-0.001619761629109484
2006-01,0.017079691530438836,0.01669259881303161,-0.0010991123515766389,0.024665467959517354,-0.0014808195929461015,0.0031523988976273655,0.011423981427158343,-0.003566198982143814,0.013786081479358088,0.007342038059164898,0.0031802063098307354
2006-02,0.011541179630995697,0.0067502613962150204,0.007787726038642823,0.029300458489215486,-0.011118770039118847,-0.002252746559629474,0.01805503014376042,-0.008752704234864038,0.019939418684339422,0.013108007109312689,0.017475021634804522
2006-03,0.005331540488225477,0.006778655547024144,0.02070859114581558,0.012575188929163511,0.05224672291400997,0.02698526271376785,0.012294717260919684,0.040105418199887555,0.019748578321072883,0.023906776970938494,0.02617661659849846
2006-04,-0.007005052504368667,-0.002590371593394421,-0.012583997981387925,0.029880924103410013,0.026699120686632598,-0.009812799724581184,0.003907057084383741,-0.007544218565032658,0.010907563991878259,0.0014670473389599083,0.03439143698941782
2006-05,-0.029044312856038226,-0.025951520272416283,-0.032509014798246035,-0.021016695785489384,-0.021846468140960057,-0.0032346758896807646,-0.023040250368733223,-0.0111495861691176,-0.026903844468815014,-0.018737756033430624,0.01168803540845631
2006-06,0.004015806428864638,-0.0003845042685303935,0.014754668029896391,-0.01670809619362709,-0.004470526853938395,0.007465813678444358,0.00014867528047919285,0.0025587339940200183,-0.001013522600838461,0.0015106303852769536,0.019736653703629425
2006-07,0.012574908208507176,0.016641298320690504,0.017772715708680827,0.0012384083455653366,0.035229904154858126,-0.000734647599383837,0.008498407935844422,0.022853607491847245,0.009861036336347707,0.00898525650510888,0.012720700625443948
2006-08,0.04609818858125227,0.034841299565149426,0.05171590974356355,0.015571850179638644,0.051107118078206594,0.044160706416262845,0.032080151280658775,0.04127439910930421,0.027772971088103386,0.03835531705097484,-0.027972482290406497
2006-09,0.04167768931555397,0.04501046878243504,0.03643518110358788,0.04929822911599516,0.06740860840310695,0.04202567529481468,0.0421091321355816,0.04590627624603656,0.046451615675842196,0.04083671982226077,0.006986925190506366
2006-10,0.03139596650130832,0.03820692956719049,0.029065647891777416,0.03809625370177503,0.04133262336786561,0.030636085002478157,0.03527710654842889,0.019710610284615168,0.032761767330331176,0.032410239000666606,0.05735307806562062
2006-11,0.008751955832572971,0.015292883123091133,-0.003893903676530016,0.03842250367336471,0.03304663546777061,-0.01775536459239318,0.012912580081987951,0.00600882973022216,0.01785217589249674,0.008394326784279016,0.04323156172705778
2006-12,0.007363057516439726,0.01149838033308464,0.02719603142788586,0.008206299575662738,0.04012382029120217,0.03389441976980705,0.017601856720724104,0.01671613952002772,0.023594284671986373,0.021530497381238942,-0.016071748299778865
2007-01,0.015188880082841584,0.014194382431630839,0.01061469760493425,0.008130691474295347,-0.01661483683360327,0.008115344838938242,0.010810967304367602,-0.0007138996440269671,0.010025520998325816,0.007072497543882215,-0.014664447198891484
2007-02,-0.03867542415300313,-0.03725777918711823,-0.028460536323212153,-0.030697734971461624,-0.026037975808732416,-0.025705131745912834,-0.02867365970327236,-0.02781452943711688,-0.029590984724711954,-0.030993953276053515,0.011031646254652028
2007-03,-0.006680990961655845,-0.0002007656321264378,-0.00043858300814040744,0.006527959799930564,0.038505502923344564,0.002710620918793786,0.0012006133551213324,0.00797857428479688,0.004916340419855621,0.0023874197378040236,0.040268039353962504
2007-04,0.06247028619526295,0.06493678656195387,0.08114269181156623,0.05622846326921404,0.1027741857783846,0.05527860664572443,0.06487071849841476,0.08735634031469343,0.06490112577597658,0.0726529766926981,0.0024741591421189035
2007-05,0.02527196336525612,0.034392442522839316,0.03724080579135239,0.046796954551229064,0.08549666301274497,0.026374785540820626,0.03688970686324727,0.0449313352624359,0.04545598881570097,0.03851649688468577,-0.040078219613625565
2007-06,-0.01902786991964756,-0.016247791755421494,-0.022075323577451688,-0.01671871726055273,0.005652970803100909,-0.010596067260044938,-0.018536005423508084,-0.007754487091886774,-0.022188861681994836,-0.017195650864297012,-0.007994483880906844
2007-07,-0.016552845519075245,-0.009476485442586878,-0.011782020816154837,-0.00918910903368058,0.008639502233699805,-0.007103849069837592,-0.011823473742313054,-0.000767345279393585,-0.01326088499090942,-0.007126093063333241,-0.04632252831172978
2007-08,0.025189014622506625,0.018706780028118025,0.005837903393484682,0.015836838459357697,-0.015186697689389598,0.0014701241699834734,0.013672167141370702,-0.02256595315423893,0.007520928899597945,0.003746146780159252,-0.030352495897350007
2007-09,0.027484032219745994,0.036895860110646855,0.04036005541047599,0.04608189875557353,0.09092748491691777,0.04841387589069825,0.04245675522517962,0.04582299188240705,0.04380389037616239,0.04675410222611205,-0.00028533252244544727
2007-10,0.040651582382677916,0.04759202385313484,0.04788647753387427,0.018311397491311984,0.08317038169919137,0.020391657977590055,0.031904667303414264,0.04784435948835448,0.0307102203905172,0.03285331477528481,0.04544116435848311
2007-11,-0.03346511576159547,-0.031961596779493125,0.0015425090438266793,-0.052552238792699206,0.011285022820326717,0.020219271686222878,-0.023743891637608525,0.025320376111444713,-0.02970685863636556,-0.012126214927812441,-0.014181603462679382
2007-12,-0.01244828870146301,-0.0034840032811505033,0.013160169220235699,-0.033555406935866186,0.03216190318002043,0.007837539628675531,-0.008569852898678317,0.008404447081034574,-0.0109486413355524,-0.00470742140809098,-0.10193680805676697
2008-01,-0.0481939214422932,-0.060596640182150545,-0.06402209061309823,-0.052396835307606665,-0.1081473778244312,-0.04049925800588494,-0.05529211235415907,-0.06422592871350372,-0.052840103342359425,-0.05666178324682309,0.0024678392353838507
2008-02,-0.04168258409278531,-0.03520715524991004,-0.04423434906464515,-0.02597766047648222,-0.026419519420431213,-0.010107267027081621,-0.027864166945064738,-0.03772149630597233,-0.04334273250525083,-0.030630944070718896,0.014584259827280954
2008-03,0.00416613053918382,0.013596747300259903,-0.006818331952152844,0.0011482969144771826,0.022669231629743533,0.020620206967685854,0.003733529338983734,-0.02403606951909625,-0.007300274041798562,-0.003727030579211378,-0.060057380656204584
2008-04,0.03164152219505601,0.0452360102707419,0.01609163278700876,0.0600415271604557,0.03695683729794911,0.033338343406259296,0.036131501848590666,0.02847274575036145,0.05063357012781245,0.029702788108611163,-0.14060435033444962
2008-05,-0.002366931641914969,0.0034396498892722586,-0.021176511440234257,-0.003343520136322194,-0.06135639207274415,-0.018939270131515955,-0.0056426513548652095,-0.03221148260005224,-0.01662552740762276,-0.018333297041167245,-0.05318707433021508
2008-06,-0.08445935662687155,-0.07718285363485858,-0.09236964633451922,-0.10359662270248142,-0.08135986760136503,-0.06111949192348276,-0.08818625777075366,-0.0693769885854229,-0.10833278191616706,-0.08400239803224976,-0.005963275735527462
2008-07,0.03414699628857411,0.01708286595238987,0.03775632972076101,0.026041989252070775,0.034308137921932415,0.04061010027592133,0.02651449273521027,0.03329857082129105,0.033778920994093194,0.031992229002209834,-0.08836548968311575
2008-08,0.028914178123020086,0.03161190470061526,0.013591104321988639,0.031675208241690275,0.0027308568372382534,0.01596067955820418,0.02659867124210941,0.012121804262405592,0.019918191351698224,0.019781400331754552,-0.11722864792034848
2008-09,-0.040041845604815725,-0.05307719357376973,-0.03039055003259271,-0.08085202303818252,-0.045194656529797254,-0.013163583523974783,-0.04849803189412954,-0.055259142904798685,-0.05606771380702675,-0.04541474159743303,0.07730361195707736
2008-10,-0.13002113928054373,-0.12207688177088157,-0.09223328611004188,-0.16357435252634864,-0.025528946534868882,-0.07473629144260954,-0.12165582330773103,-0.036349289801759554,-0.13576566616058983,-0.10096814841338332,0.07349269015839299
2008-11,-0.0749378832945652,-0.06372738477159777,-0.046479279906808904,-0.0869306693327196,0.031277828721045065,0.013073423997224328,-0.05540182051024546,-0.0018346339973230653,-0.0770213049265925,-0.035634222629896226,0.04067153763656761
2008-12,0.007183146875073421,0.0006029931402928847,0.042493271672260434,-0.028582334738575407,-0.02135801457589766,0.004679687912701475,0.010114134490656575,0.013334139054277737,0.006156636187694124,0.00828244140748568,-0.006273874073124186
2009-01,-0.10793261657075945,-0.07678660347931794,-0.07480321069963941,-0.10161041719926975,-0.03414818897210419,-0.07756970404739479,-0.08154487867847697,-0.06086333444672101,-0.09224086492469684,-0.07678580285603971,0.08578311826684026
2009-02,-0.09661170303867751,-0.08870040236464824,-0.08402130069525447,-0.13717562308853568,-0.03479115999011931,-0.04905910614314742,-0.10353618228864117,-0.057328715278877534,-0.11739729487826665,-0.08882121255396244,0.03539945549363743
2009-03,0.12453550233203221,0.10351812156204089,0.09100366784928313,0.16074698360462375,0.11783244834602762,0.05637769548851494,0.10402715907217268,0.10712205904928125,0.13726246118113428,0.10376894169167705,0.022745748861659587
2009-04,0.08489269796661977,0.08881422785733195,0.053404184458878866,0.19424282005567353,0.0783607099404209,0.013491171052990943,0.09350334766515864,0.046101405878656174,0.1442593974632978,0.08242404152999634,4.6333095833128723e-05
2009-05,0.048122694086540393,0.04231126904606849,0.05932374836196988,0.04393164252329985,0.0637621925443428,0.03201160909952904,0.049415068092565226,0.03921630767046466,0.0549589556487968,0.04657604438330449,0.06508056952061891
2009-06,0.020828640161567973,0.01371848581470968,0.000613177800941825,0.01024398400825601,0.010346795030137735,-0.0044299588682001,0.001380326979742045,0.010387898264240834,0.004294111456762803,0.006479616641686354,0.00804362368098488
2009-07,0.09118729954584417,0.08814686518507614,0.08259868297888466,0.13714150251507642,0.07062305105681498,0.05857311745344442,0.09605722847086952,0.10282835026611076,0.10301024418601473,0.09626707487476793,-0.034591318607026134
2009-08,0.03446953376882571,0.028319833575050284,0.01541619649060387,0.047862053781163365,-0.015069010387695604,-0.006134040503081873,0.02514341535971268,-0.0044622578514468755,0.04302712378660563,0.015573571746095421,0.02562049719240367
2009-09,0.015681208032155693,0.024676145209414108,0.011291769851639781,0.048092130656847316,0.05796534782135467,0.011314927014266831,0.02796993543372423,0.01649198751773093,0.023851032578731467,0.026435676030752676,0.051463110856288186
2009-10,-0.004752266785585778,-3.982240476372713e-07,0.0046620403793581145,-0.023039875605757737,0.02922242759144346,0.013910894053646247,-0.007867314697597442,0.01529256856527271,-0.013585412402988708,-0.002649961490257963,0.0139988191547471
2009-11,0.06579824503414201,0.06691361967646647,0.07449314830116956,0.06927977638883132,0.08828886261639234,0.07940907725226276,0.07000449937406186,0.08884904896262205,0.07253801536312546,0.07478961543439248,-0.07920891011671782
2009-12,0.014465341685713898,0.018127557388517495,0.016965048043721426,0.01351528867527405,0.0158816885258317,0.00027958875317476463,0.015441828713896804,0.013292540842271388,0.014161608048008516,0.014846604802166175,-0.035772243832516204
2010-01,-0.03108550707044414,-0.03624622443053382,-0.01870803059824185,-0.042193576783509316,-0.028542737564885113,-0.017012753162652265,-0.028972823296402588,-0.008703382334384294,-0.032175849748495786,-0.025541384493301577,0.07079175201196652
2010-02,0.022233578840645106,0.025437027960936585,0.028404957819754932,0.04450610561357698,0.0681476402425023,0.02440193102558011,0.0282333756391796,0.0364170257018896,0.039994924299699225,0.031217561343584305,-0.04311318429113875
2010-03,0.04177302863355693,0.05060194597149887,0.0428076024476382,0.08064825288881997,0.08557732491502924,0.03231860179337744,0.055380163460171695,0.05278296136740186,0.06631447942210636,0.05474390784804055,0.07721933314161555
2010-04,0.002604582620394044,0.013750924252425585,-0.007507365472101822,0.03004255009482342,0.05595251797324999,-0.004579276721561967,0.008647719550496352,0.0034392783639669326,0.009618184843248404,0.005396193780398276,0.030630188032128247
2010-05,-0.08229499272616134,-0.0767893267521454,-0.05739700158640519,-0.08725063263401973,-0.028404228237259008,-0.04449800126277041,-0.07096722143636892,-0.045426230102254134,-0.07365200044820037,-0.06356303183573006,-0.010115582241833176
2010-06,-0.05070277902600506,-0.04609182815928507,-0.022933168362943616,-0.04944126358582836,0.014429581074893033,-0.014753029594944499,-0.03701783805356406,-0.00534594268486846,-0.042404655833526254,-0.0252247464749489,0.05192521910736114
2010-07,0.06305179765292242,0.06491411320022512,0.04871273073570875,0.08464912416979041,0.03202878157888542,0.04180122273147643,0.06509817960864132,0.041309307345384245,0.06936760506886763,0.057556284661094914,0.027157825819196013
2010-08,-0.047953412165497165,-0.04561225007669463,-0.027208557324820092,-0.06995214569019345,-0.006115200200581837,-0.008445460782883673,-0.03994960337139917,-0.020055366207818757,-0.05286771033119234,-0.035174865054094055,0.028120750794866867
2010-09,0.07344036851997693,0.07723482573516237,0.07175477173186247,0.09267222259694495,0.06786450649874376,0.057701977003945595,0.0788563407254301,0.08806730982239128,0.08007020701352496,0.07673932414034072,0.00763842654465674
2010-10,0.02781513053859719,0.03561047157452713,0.030621116992925582,0.02276906627914778,0.0355965791631708,0.030706193858722055,0.03003314307758237,0.01709361884415261,0.025113685711133284,0.02788727949312089,0.039839347128549196
2010-11,-0.027234881260642965,-0.019174179413414767,-0.0035122186403873153,-0.01817383613551331,0.02216551919393773,-0.010368018986070397,-0.012643768229863595,-0.002244632286985755,-0.010710966866520696,-0.011041720330533664,-0.018793118791245345
2010-12,0.05945968062370166,0.05413375957417859,0.04615716073749774,0.06683047187291392,0.03133242204923131,0.03771793240958886,0.051296429017929836,0.04713320581495378,0.06262108363645066,0.05190753136781276,-0.012366952828965383
2011-01,0.020379049865252283,0.02037696833037454,0.014340547159279276,0.027676505405366276,-0.007149994514614447,0.011061042204496494,0.016663254551220464,0.02325899079046438,0.02621510866405562,0.015363236932509043,-0.02183764904135055
2011-02,0.0008478972885542941,0.009248040521302696,0.011647738445783644,0.022323240599905803,0.029854350124750666,-0.0022963497479884043,0.01740795910624806,0.00014109817767446136,0.01976764156392526,0.011954448511370725,-0.043621801100859336
2011-03,-0.007410996187957008,-0.005632840032500599,-0.014427784609265134,0.00012121310101818658,-0.040495568803330106,-0.004293358056154082,-0.004382293979679038,-0.010999516664742371,-0.004601873854624819,-0.006732697610606235,-0.0602874405973034
2011-04,0.0391342945838257,0.03850895182846623,0.04291095384312811,0.017364910824486875,-0.0023594748201345235,0.036091558272106826,0.035881234528138115,0.025708733498521593,0.02416044600034076,0.03035189880448882,0.09544522411938372
2011-05,-0.011418059862257678,-0.009533391172537597,0.010516216983101557,-0.028069032620064098,0.04845699307692817,0.01853022522613723,-0.007113726424812244,0.02574775983064069,-0.012631199525197702,0.002623697824520047,0.007584268018178131
2011-06,-0.018290554357373826,-0.014971638622385687,-0.00946446544187222,-0.026095913093965698,-0.015126943942523126,-0.019198471397936633,-0.014327217156127668,-0.02746449254657375,-0.019772005062251453,-0.018300590038602637,0.014269015945965524
2011-07,-0.014847373659468104,-0.003601097451410445,-0.024681329964590895,-0.021001495962761865,0.004995322685536253,-0.015040503350022156,-0.020095100407258967,-0.022947733857354848,-0.02412643155697777,-0.023383065274870884,0.03399614980405263
2011-08,-0.03670326579149184,-0.03186002262182619,-0.013156406687864273,-0.06665404898693915,0.03216527108992522,0.01683513261448517,-0.03193060469491462,0.0002075431212698898,-0.04627371992676736,-0.020103375536126393,0.025264171121301304
2011-09,-0.05241548241880616,-0.047039176399795754,-0.01596558922996031,-0.10160373899523345,0.026590258890559902,-0.004016667092417347,-0.052810136036563794,0.004580982416839538,-0.06745284518171116,-0.035700556940453584,0.02007169510356266
2011-10,0.09341027003017412,0.08929636678675511,0.07954685108992246,0.12984823866685496,0.07939760092133548,0.05642121329134654,0.09416930394738995,0.08551552896058633,0.10766640724297287,0.08847640066053046,0.00012034477643108055
2011-11,-0.0010111970404257807,0.002235287606038491,0.008039872411472778,-0.01220246577025052,0.007363616426818612,0.019785969233811422,0.005251685427703968,0.015104056537574686,-0.009451856496179278,0.006987461316675465,-0.062070755727229976
2011-12,0.02057485228354851,0.02300211268799212,0.018835411586608546,0.010811764385211647,0.01189023104003716,0.01995697775225873,0.020357313147801575,0.018753939972114306,0.017406583622370162,0.018185039667705294,0.03926590255336482
2012-01,0.05504468474103076,0.04801105504353493,0.031283036129746394,0.09010713138948469,0.030046139641417714,-0.005601170265511655,0.04439601312970215,0.03432477868098612,0.06450640233108501,0.038857919526222306,0.009983625890812808
2012-02,0.02418486160162656,0.03201195317287473,0.015166278300834448,0.04145810334183868,0.026044730466623863,0.00822580104406272,0.02500173784706288,0.012321551392514651,0.03278681135472122,0.01956374590913498,0.006315783000273578
2012-03,0.04291869242467343,0.03671003175635914,0.04409387870110685,0.04071606004641611,0.056671787103360856,0.026785325848704897,0.034211644444324694,0.04931428313595076,0.04898992281727579,0.038870847387932,0.026452847945586333
2012-04,-0.010318931747599461,-0.005423889550775407,-0.004096145516729325,-0.008324624331754639,0.007296857317919531,-0.013037908347918166,-0.003768584931249321,0.003179938341317551,-0.010408275452656978,-0.001174590829132866,-0.025352884135228293
2012-05,-0.05648188114454645,-0.0504990658639481,-0.04838410656970663,-0.074744276520184,-0.04468745786535597,-0.004339086072484736,-0.05279514196177769,-0.008493238843839622,-0.06465221621230775,-0.04524642235374786,-0.0054121495427007504
2012-06,0.04617781748820549,0.041479626202536354,0.03068378331715598,0.037014187897347776,0.005097595419330748,0.03593769208447782,0.033672151798497946,0.03764493434066072,0.03942160768774886,0.03630556000638312,0.006031209358815515
2012-07,0.005578200486352637,0.013630525948260908,0.016933757389280508,0.000895909827906681,0.0330601379500308,0.03506086642431158,0.014744458471472268,0.03910399576173561,0.004392448973093337,0.01953266716294726,0.05772526850293125
2012-08,0.014621346538457322,0.013838321575788261,0.005666404699927691,0.027490273048771274,0.03124452655438545,-4.984436489056259e-06,0.010049842421261085,0.018325468315659642,0.01847159411456055,0.010276666429311897,0.013990035049038285
2012-09,0.018907403333761955,0.01850920265596134,0.018632714581684928,0.022661820997228545,0.010416076447560308,0.028984755301407625,0.02154136871333668,0.01506746755395044,0.025823407593832143,0.02051858300460586,0.03728701646235488
2012-10,-0.02078582709167423,-0.02582396807372351,-0.0055242923817485365,-0.03611462833387769,-0.03417169452105287,-0.008246781145920437,-0.021151491341718873,-0.007450073135275093,-0.014841329250830126,-0.016318909523662342,0.01792086175981944
2012-11,-0.010030671602881312,-0.01100627117589008,-0.021339584514642095,0.0124242100875442,-0.010648729523268672,-0.017489962447046883,-0.0037234853637085528,-0.020999561597855116,-0.0044160221828662685,-0.008002942499621135,0.018583134543592283
2012-12,0.010984051076138566,0.001506850736759842,0.006779125306666753,0.024423027907472687,-0.00014467951316339694,-0.015197875810062919,0.008439231884655174,-0.016615872843418984,0.02115822593326836,0.004194962907897442,-0.01362634687279407
2013-01,0.049879748368485306,0.04418010958521451,0.04265706876504043,0.045495057117207326,-0.0029974971696341084,0.048152151516698424,0.05013168452627916,0.005928558995573764,0.043471301296719174,0.04059403934643482,0.03956779524601606
2013-02,0.019716828919466852,0.020491416031516736,0.020160664228606507,0.030217898462741432,0.03142324361721779,0.02283004357634238,0.024042924666094697,0.030045901017031862,0.02613644819749433,0.028431357574551168,-0.044467771301599957
2013-03,0.04663155758630205,0.045108577757613885,0.05222355654077617,0.04567301063649497,0.05483720319741381,0.04863128138430379,0.04810817807926082,0.06280931540289723,0.049274232694088115,0.05202299238057747,0.02156335687774269
2013-04,0.03842500493899919,0.0381995873303634,0.0444263257182619,0.01751599097312155,0.03924249467771752,0.027254591464923737,0.032841829118300254,0.03397287638327106,0.03146031776445893,0.0338974423658286,0.027500930291275427
2013-05,0.022184520166847313,0.01972332109167086,0.0029342670639464037,0.056314157921682394,-0.010353078781537375,-0.01920040159483693,0.017390764349600595,-0.0004853073222185661,0.037316688945971635,0.012894977942724995,0.03477863724812247
2013-06,-0.007083241714039987,-0.012271725098717257,0.0029522883552853415,-0.024563390264304572,-0.0147639470163948,-0.002607089844212474,-0.0061885891850405,-0.013290403422003879,-0.01093326276889213,-0.006629833217935739,0.030476035361525655
2013-07,0.02917670907667616,0.032086276824848874,0.026634832091211796,0.056212856866140005,0.038394403816638174,0.036114404297438236,0.03722401120043157,0.06079205129157192,0.041803173782050916,0.039297557403086214,-0.052954575891645206
2013-08,-0.04025601011969825,-0.0345294442074991,-0.028802042510187482,-0.03609862364959755,0.013613402285552752,-0.040161319855451245,-0.03709734894812435,-0.005819414652215528,-0.03603046951050782,-0.030010986897906093,0.039675517633457114
2013-09,0.011717213235024547,0.014858868419107054,0.021568223738487657,0.02162180484912553,0.031202326488078098,0.0048898696158948115,0.020782983530588977,0.019596147036847162,0.022988511865987486,0.019243963675780667,0.008329396858540061
2013-10,0.03814109679326585,0.039890612941965324,0.021815106382542047,0.046780651905584246,0.008823844671763826,0.02493883958161721,0.036945666414771254,0.011561209055733499,0.034300438539615695,0.030265755050667836,0.007484660638268137
2013-11,0.035613205849412244,0.03409905547588885,0.03173325571336418,0.03665013426330973,0.003151369202455518,0.0229138814338949,0.031972400216903174,0.030143472104547726,0.037470687123816994,0.027753755119278342,0.008222140735933747
2013-12,0.010496895422583197,0.012789739816101207,0.0035927103518788596,0.03528315255765456,0.010094380222487185,-0.008783785231487505,0.015085496347831979,0.0009377223226718334,0.02037582610509232,0.012253046962511178,0.006545964418618766
2014-01,-0.02805177509323572,-0.039436750426714504,-0.020762817407553664,-0.041011588638560845,-0.023840445009936914,-0.040907600970906524,-0.03669798195583768,-0.018062132698411587,-0.033883314586052045,-0.030023635431127894,-0.0156478432957341
2014-02,0.029430811721443195,0.03410490931385304,0.027362510420804922,0.04147738576895126,0.017397632800252662,0.016110294733793787,0.03484850089392338,0.026803821920412144,0.0322225397639961,0.029627212401977618,0.032309382792076624
2014-03,0.026364673064203595,0.024173449835978328,0.029132153647890294,0.00984817362328678,0.02713994799915417,0.030230186986757945,0.018560129415718152,0.023576330869064556,0.018269915944615977,0.021471524040300314,-0.0032488324965127546
2014-04,0.0029000074493502575,0.012174419517951493,-0.0026345365043975453,0.00723783464284544,0.023331523619608406,0.023162382278975914,0.007719667254423296,0.006309980964808305,-0.002944826501661786,0.006212042580866666,0.02039676346161734
2014-05,0.00188957409357088,0.00701760653000073,0.009788344242165872,0.02383687495480638,0.047174349877099626,-0.005967865837692435,0.011560560917642342,0.023019385894061634,0.01811531602665555,0.01537231589794057,0.02517003516858618
2014-06,0.015393085042375049,0.008466975283233447,0.006267398064595917,0.006459211173391642,-0.03355566952843981,-0.009410712592508572,0.006778065120748096,-0.01396851644034094,0.007590778955760293,0.0020692670300066105,-0.00028998936518698226
2014-07,0.0030163532401621495,0.0010183238243586382,-0.0005182317661765348,-0.0074737847067080365,-0.019889539503349696,-0.015705451937307144,-0.006560243138026529,-0.0017961886805728975,-0.004525963254654581,-0.005806519847064096,-0.03692517619018487
2014-08,0.037880633696686976,0.039894261139562064,0.026254284816352218,0.05228696087635647,0.011112986532750274,0.025469403575837483,0.03829708408649337,0.03598547466194849,0.037361119796437976,0.03561242923901179,0.056379424350202045
2014-09,0.004279436183252524,0.0011135168858125316,0.02739514166942555,-0.007247250763074338,0.06244010473060858,0.01696346166179302,0.00791724926165907,0.031568143970825906,0.006707461068139946,0.016438144490256514,-0.019665025065213726
2014-10,0.003973618584199292,0.008414325408266834,0.0022166145942820533,0.027286524645145773,0.01030189072315201,-0.003573877750317902,0.012531200499370268,0.028360639091905532,0.01419891850665452,0.012861857457707068,0.0036228378296276897
2014-11,0.041637141922027304,0.03659292656229865,0.04212942185782339,0.033456389241857724,0.056971510014239723,0.04928135457243047,0.03707878684239007,0.06228497357478611,0.03287701296382781,0.0418149558737588,0.009537838583180358
2014-12,-0.00919713180584916,-0.011749108619543367,-0.015772520652779502,-0.00024037159640565272,-0.023648889463367576,-0.014786691775442588,-0.010410648554072907,-0.01570625953587613,-0.003034684844588091,-0.012220414982993076,-0.021718780190420506
2015-01,-0.0525891807820753,-0.04472651676246326,-0.03656326513288,-0.049230338915231986,-0.011550701316144513,-0.0334314077150481,-0.03884029455245925,-0.011198832792375948,-0.04558008648308221,-0.0352171909794749,0.003992733055573128
2015-02,0.0525690648987052,0.05481596844292129,0.04957268332181528,0.06090009163537913,0.07366269980654051,0.032818995294270306,0.05340926986706299,0.03952820921380313,0.0586213123247737,0.05111383500191667,-0.06567773854626335
2015-03,-0.02955883087401739,-0.02720068216241343,-0.01529386345921233,-0.032977089199320984,-0.019149385952394463,-0.021702462160844968,-0.022893647211808168,-0.01346723162550222,-0.021207742810705137,-0.022656478338309496,-0.01472226272580568
2015-04,0.026881658459976508,0.024323105608999196,0.012609188592185874,0.014661873975988504,-0.003162470316949139,-0.010087445130986982,0.009934403693234428,-0.009371181076622988,0.012951626636264674,0.007285430455957725,0.08467088739737294
2015-05,0.003737392956809838,0.0013749229439246006,0.01860192304768475,0.007912390292616514,0.03544101965461026,-0.009757742054781535,0.007211584777047758,0.017873573974273624,0.013560664204880826,0.01078711553054171,0.0031918856582540123
2015-06,-0.03931027444574163,-0.03530839909482042,-0.022992460831782417,-0.028173242607632504,0.0027655239515528324,-0.025625619550308433,-0.027623172499664086,-0.020678163913111832,-0.022037908571985905,-0.025495192437426695,-0.016641722987462693
2015-07,0.021179889706669088,0.016351584480592422,0.018752282011151405,0.0045677285182642155,0.019178236974656475,0.006478823030493136,0.014583937516261799,0.015937597391207876,0.01075902030936288,0.015373670336717344,-0.05502027830081213
2015-08,-0.0718523061180045,-0.0715613545563889,-0.06651506720675396,-0.0720412540170069,-0.07401348815839025,-0.07523842459005106,-0.06886468708365982,-0.08648280421748428,-0.06741886355133633,-0.07233266282927528,0.0030486508808900137
2015-09,-0.013498303879033053,-0.012305792650881517,-0.0037007112353436822,-0.03752859044268186,0.01838510508085461,0.0005657653577966028,-0.015007496625083197,-0.01764488813551152,-0.022008392137992716,-0.014985028910865356,0.07075288348015629
2015-10,0.07753443995149757,0.08064604606365657,0.06806619662642052,0.10573633306655245,0.10443258068029987,0.030783800217225217,0.08382033411570869,0.04987370748073205,0.08120877926925468,0.07766735697818535,0.005007042655706062
2015-11,-0.009475854633956188,-0.006077920973288651,0.0018187165389933545,-0.02829297043780916,0.014347931908310048,0.005263209809742252,-0.009742750230948075,-0.006727128539315114,-0.009813311364058403,-0.008249541708466524,0.0007629275713922912
2015-12,-0.0008630348439381151,-0.005352179012820503,0.015272776427430322,-0.032629536637568214,0.005029449804200486,0.0321242071350938,-0.004108735794816315,0.007796086435790671,-0.009062692166421943,0.0024695998778533693,0.00802768282810118
2016-01,-0.047344620196706495,-0.0431702926975701,-0.014790639792442384,-0.10453779959906224,-0.016382283320544026,0.021220244820103887,-0.04301194967068878,-0.021825562238714926,-0.06346520245674436,-0.036805550597099584,0.028011727836992684
2016-02,-0.008514902506921844,-0.006980436154964404,-0.011383734897496922,0.012926697072158095,-0.01574943056390696,-0.004088440317508991,-0.0004376070267796792,-0.0019696504074476558,-0.006679444180851927,-0.0009977833135252727,-0.001701366735676224
2016-03,0.06896777157601625,0.07455231217750435,0.05470161740033653,0.08640744385206556,0.05181281426593423,0.05547425299652126,0.06790120138966962,0.053050385156549654,0.07439537680572372,0.0633452247991006,-0.005039432896687512
2016-04,0.0013930314108703955,-0.005021470201373355,-0.010521151511501825,0.017877276511298036,-0.0449136014972024,-0.01484808238428622,0.0033360720059952237,-0.014536403577870487,0.009561741363129064,-0.003012465450503561,-0.00905225268527965
2016-05,0.02797297089785,0.020937961366655267,0.02135915386997417,9.228624974564337e-05,0.0011924473770376842,0.01925075490114282,0.009539291021059205,0.02702511237550846,0.008159169766967081,0.01306625361965675,0.054080988093099025
2016-06,0.003703157714055724,0.003880535458260979,0.0168914805572453,-0.019215835840846907,-0.02261343786607609,0.026253460894873404,0.007435462442475097,0.0027104014474423005,-0.004876337269269378,0.006531028707008275,0.03341529148830902
2016-07,0.04535182063186287,0.040307646473427355,0.020477411280072015,0.05555069730981694,-0.0002849753667666892,0.0033797696196580154,0.03162181240683519,0.0237662206797,0.03526753329387773,0.02775918467563052,0.005135457885096173
2016-08,0.0018505726933953947,-0.001348427517752904,0.008554461778668934,0.01079363917658505,0.03209367042901431,-0.005665773089941482,0.0014157470583451533,0.01618003912636353,0.009917249609540086,0.006518402480837213,0.04773186186731948
2016-09,-0.00024897238615090284,0.001761858496176673,-0.0002841813728348415,0.0013593023354766,0.005794572411542803,0.006877222617501975,-0.0017582564796130142,0.008731060795171426,-0.0005437150246181718,0.0005711995108478423,-0.007160209568984444
2016-10,-0.022779167154562494,-0.01867769262419342,-0.027526607478376975,-0.006666272923803937,-0.0117589714846314,-0.02565366478850865,-0.021817562165686075,-0.0308796221385614,-0.007437673104522945,-0.02297843740159294,0.01341949609015436
2016-11,0.03448600726445392,0.029222659928794414,0.03217848570754979,0.0720932204230428,0.03525339206257925,0.01479902892276392,0.0391045506295949,0.0336980931271157,0.06704583170345992,0.03784248831723911,0.0032539799651489787
2016-12,0.02359942531628577,0.02683512635719629,0.023921424213469163,0.027872716113422027,0.03237051583910252,0.019098312224788045,0.025442274312504645,0.013493927338862483,0.03152194863507165,0.024567046574938217,0.016230457454429414
2017-01,0.00877226132160465,0.01160695992278016,0.0049436626346619,0.01923631987691473,0.011425946121056095,-0.006380521304393051,0.009542887613485108,0.0024363351655036164,0.00789162078120417,0.00688308839578406,0.025362968819599985
2017-02,0.04970496120476849,0.049649884531136564,0.043263939975415874,0.06865509884517115,0.05959731089665934,0.044115031995290745,0.05263798941210406,0.06646516460381752,0.0549292888612729,0.053437478092161116,0.0026028818991443714
2017-03,-0.004637168214379894,-0.0015847646574985606,-0.0018864532230734642,-0.008938775730075042,0.02403473632551889,0.0011980825311612786,-0.004128309117868723,0.0010971449165141623,-0.00814162678669665,-0.0025721830516658934,0.020821392284525952
2017-04,0.004848911560032869,0.0069507871674982175,0.002786980816933831,0.018547565852401502,0.02760253162943259,0.005316433581311448,0.009603386030422273,0.013517399040435522,0.011437916092130298,0.008670023122030674,0.04338969403827431
2017-05,-0.004739257127053944,0.0008992100681307879,0.011829326338969213,-0.01121522937524935,0.05039402114838279,0.027025197061366572,0.0032826958660384987,0.021248268022537643,-0.0034867428512690524,0.009074309751025212,0.038289806666655046
2017-06,0.006162759622463673,0.00514424043893368,0.013644584835843115,0.019784732727304,0.01113897779159418,-0.004937034222175216,0.012835972161165967,0.011106213489883021,0.019719938115922875,0.011922548993262422,0.01841066069004449
2017-07,0.022747739730782666,0.025248187826895058,0.01801403464018313,0.034314963376154826,0.008849650193049605,0.025798739094244967,0.02569904881480698,0.021845437285062955,0.031428748099139335,0.024642688228765756,0.05785659903508278
2017-08,0.003090774835182182,0.0043975636146102405,0.006097669243907112,0.006391212048892583,0.038251149896874795,0.005757288417370626,0.0023412450626962766,0.01980489854307491,0.004124658084574145,0.007823777786017965,-0.04283809297272323
2017-09,0.02789733202989314,0.021065891419129498,0.012981216694762335,0.036628475918874796,-0.011259933708794146,0.0060643821007243335,0.02118341022119554,0.015542393873592587,0.029696611477516593,0.019968653722609975,-0.037000383552011296
2017-10,0.04566476568915199,0.04421528015711579,0.03944298278035891,0.036630309755939144,0.04810026992068925,0.036746052824701524,0.03559548572227848,0.029140099739368982,0.03884693126328809,0.032445519800673825,0.0024909648588917754
2017-11,0.034249592261495876,0.034317493556890566,0.04189471830611148,0.03477888253354967,0.042835185495088954,0.05141814344785128,0.03877643938144483,0.05365091290007915,0.04261491729918911,0.040529513715119335,0.010457659700825461
2017-12,0.01613796797309524,0.015498748099930293,0.014426796774610243,0.0235476075349093,0.021232181507780605,0.01845585129789374,0.0165763972139293,0.019818191859613563,0.021229703766215993,0.018366877201431327,-0.005915422119410985
2018-01,0.05178184932155009,0.0464849097676917,0.0441612244154561,0.05731378433327142,0.02179825748733389,0.022775605006912957,0.04563115727875849,0.052041775933783306,0.05326064925229566,0.04596501591150678,0.04712457990697683
2018-02,-0.0420400978723975,-0.045347852918952415,-0.050361499646417895,-0.026787637192767094,-0.027878265926706194,-0.09295505208644825,-0.04915835831806221,-0.053233456338275066,-0.03936669837775572,-0.05018754797133844,0.021626043322910515
2018-03,-0.020473453693410866,-0.021254841911404622,-0.0044309156708540395,-0.04733251267111024,0.007810961664642923,0.0017139160638242946,-0.02303326489460631,-0.0058067502109475444,-0.02778820746615861,-0.01640077559747177,0.019006101332495362
2018-04,0.006344242946211203,0.006859171665157688,0.015694447575294663,0.0017817547254511655,0.03955956115583948,0.0018025230847003605,0.006348924396191489,0.03467169744767045,0.01353209592887044,0.01078684317472991,-0.05074209199302615
2018-05,-0.0027132518895854473,0.002519998032568889,-0.010264610249315246,0.012630301583162543,-0.017612078103576297,-0.036143789355223575,-0.0020408812737798907,-0.011375812623046256,-0.002290977941000847,-0.008161404118320186,0.016830070043669876
2018-06,0.004877146819386371,0.008523223761966986,0.012214109003085581,0.0009404290076070523,0.0172144856108098,0.028362924539604407,0.011042143780387849,0.028300374019738225,0.003718953281492121,0.014396490656047358,-0.08657530642019917
2018-07,0.04976525258977109,0.04661974832210853,0.04245094550556862,0.04549116625763994,0.00028135963254113916,0.03102870175730211,0.04527904624019537,0.02568343567212092,0.0450510867534753,0.040302151933218386,0.07168418679101785
2018-08,0.03115641778173689,0.03121274378924645,0.03920391516934033,0.02108877897775668,0.07605911232917859,0.036231047581836755,0.02567891961030318,0.06377802773952104,0.026830110232841216,0.03267600651404127,0.03665368382862666
2018-09,0.014222575691680483,0.017427879801072344,0.018272439189570076,0.016104961349958414,0.03434893462007083,0.012812035115332953,0.017946838646239617,0.023571756322899363,0.014139302764509533,0.019872593494950935,0.0004892730359622455
2018-10,-0.03580382070105591,-0.04043042542751165,-0.023409183497524192,-0.06988350775352872,-0.013362960050498918,0.009080104890972359,-0.038209742889743756,-0.024860993074195818,-0.04318848386832239,-0.03210568564218843,0.02561757868121317
2018-11,0.042017762072069365,0.03148402222164723,0.04558306739070947,0.01648199244706298,0.004032767764453099,0.040540654800549435,0.03592876754992345,0.015259792359441113,0.024888645967162278,0.03498620117773802,-0.0668550376773358
2018-12,-0.07580650487255312,-0.07697768051337557,-0.07098121087388619,-0.08652537475153682,-0.06955585929530335,-0.06177601703975141,-0.07408089334468604,-0.06906533200394305,-0.08448892740919764,-0.07317281380333969,0.07192895921183284
2019-01,0.04543416628816384,0.04887826978507272,0.03970050018437484,0.07062168203801933,0.02984486173741342,0.04108254694008683,0.049896318373991666,0.029131084367348705,0.0648125261216816,0.04488350656002625,0.009936481107490458
2019-02,0.03639188382813165,0.03434210488076305,0.034918264998245234,0.020861454903726276,0.027737023051772825,0.023103707802276705,0.027939818270762164,0.01988520149342837,0.02951982528586298,0.026037087274551243,-0.017159967495859796
2019-03,0.012258351971013772,0.017413899865741073,0.016112310262135058,0.0007513951103390812,0.030803492338480655,0.021653175880008264,0.011164675779341103,0.013680495332747308,0.004459861798624678,0.012189572680166967,0.01945023497080678
2019-04,0.025165403211363437,0.03126252105826427,0.015042904311044412,0.04150071442823968,0.03419782172258222,0.016303312998016073,0.025713295243207913,-0.0024322988041836375,0.03740162379144504,0.018819634301802446,0.004807401168711145
2019-05,-0.05493770581869496,-0.05750810942565057,-0.03940852097176711,-0.08036563312162195,-0.02857946879046418,-0.026894066798052833,-0.056193848307251985,-0.028291531872294697,-0.059769152544415644,-0.048143084784727036,0.03716525371558266
2019-06,0.07371736289146709,0.0769612085942485,0.061942291504211974,0.09219541945918217,0.06867913407106954,0.06778138512538229,0.07432030344140642,0.0767255460749423,0.07573937013648258,0.07271146095213417,0.01736205060636875
2019-07,0.005876495182918516,0.010537578194184055,0.006419205417850164,0.013441616843985881,0.023701275900217145,0.014731706618870098,0.007528888926656913,0.004677990930924701,0.011618840831650549,0.007880724384519108,-0.009895775662580042
2019-08,-0.028331208884927055,-0.017414959747553242,-0.00722390147250937,-0.035382589928641794,0.032221835037816705,0.016239746466018917,-0.015742726516760744,0.018680714913017593,-0.021779812281549252,-0.0046956162528156205,-0.10074557536922202
2019-09,0.025149918179728697,0.0219667166856279,0.022036538735773915,0.019105018518525235,0.0027469227042551067,0.018402737473160707,0.02027974413886043,0.0032584862305540373,0.020480045917878578,0.014871598383696954,-0.1374375427008
2019-10,0.015663208141816314,0.00875733542903999,0.007755484884477237,0.005652987290072519,-0.04818585724272423,-0.024691565140722956,0.0025327674925031116,0.009666495963866139,0.0060186625006192485,-0.0008925709398319644,0.11080632709712401
2019-11,0.024276571535100103,0.029604407223032054,0.03232941749431522,0.043202678298887076,0.04977535730020745,0.011231015475935255,0.030204059731762403,0.051848073431409736,0.0393613371187236,0.034038427996807605,0.04261077511776201
2019-12,0.02660896552669068,0.025536891955138325,0.03401346947491024,0.019301150711318535,0.047550916577750124,0.021142822866554497,0.023943030303301492,0.04074329397710212,0.0225740951228625,0.027189557593574394,0.016931337412948944
2020-01,-0.007489113658307458,-0.002475896622470188,0.0013069460232353178,-0.03576695667484446,0.045547223650586,0.004361779722791425,-0.01471452329543662,-0.025619030419741954,-0.01478487501627088,-0.011490976545951558,0.023842360867907697
2020-02,-0.09474137779800372,-0.09405562043722475,-0.07948072354320056,-0.10717882858868784,-0.06760869411328009,-0.07708705488041549,-0.09283331404577257,-0.06489062026567786,-0.09798010177093323,-0.08516439672197193,0.07574185570630299
2020-03,-0.07872043550922703,-0.09106103642751401,-0.0312639144334955,-0.16494452210840527,-0.008478089425875725,-0.02613577010572229,-0.09686533228199991,0.021476210308799846,-0.12189850462464984,-0.06636053130886065,-0.022805095312881885
2020-04,0.11287622834481853,0.1164621925860685,0.08963414689268387,0.11573587124041095,0.08722553700258019,0.09793242972155752,0.10671376264898992,0.09427269290636194,0.10255005092205827,0.0983473429867316,-0.04607709391433934
2020-05,0.023977248892481828,0.026443081010024794,0.013895133179915451,0.04446140597023291,0.020542465468248585,0.00047921467915823106,0.026530932242241043,0.01723732909568203,0.030147798178780112,0.02069609810305304,0.11837172095269732
2020-06,-0.012498090051740733,0.0023540142576365572,-0.01905998354554868,0.03572126839754196,0.03112552635886513,-0.01569733919415974,3.256698346860684e-08,0.005278010210408525,0.009936953883070514,0.0015574857574489147,0.03265466971493969
2020-07,0.0273213166102359,0.026951803499716005,0.022304000034485315,0.016041293296532918,0.03187390495725625,0.046661468066573536,0.024325031007542363,0.03662826708160536,0.014180902949921786,0.02390479047962395,-0.02038326524317724
2020-08,0.04305233514557495,0.045963421609121945,0.05754875643863516,0.04312129498792082,0.049601518306248676,0.052033340981743254,0.05341525525127792,0.0354318750249454,0.05184936738515417,0.049980964071766325,0.03167668469266527
2020-09,-0.026023053982039208,-0.029969252960720595,-0.004758680791427429,-0.03559560412458192,-0.011900650950120068,-0.008749491194220305,-0.017290909957629358,-0.022453066057014665,-0.02526759113139543,-0.017504463476953128,0.06624710618681995
2020-10,-0.05071847541947335,-0.05008614423243287,-0.04195117040513955,-0.04585695174359012,-0.03466913617707419,-0.03143013920505223,-0.043637734538740806,-0.042569041732733834,-0.04340256852767627,-0.043578265966550254,0.02708483985743526
2020-11,0.1130876292454405,0.11819023229244184,0.09359518343425029,0.1728556244288827,0.0783937042763102,0.07546899826569878,0.12125007575810576,0.10199344160055952,0.15457052697661663,0.11380521335825455,0.019324070807693605
2020-12,0.025917650543495332,0.033248333467527556,0.020475720865184146,0.0641024583745516,0.03946174262413469,-0.006224056831241425,0.035506348905188605,0.01305923504740285,0.04141039111516584,0.03031655595112208,-0.0007802035653621253
2021-01,-0.008012303232419502,-0.011513936063711556,-0.01957079737446016,-0.008850008632505346,-0.01634852074777131,-0.03383350680262665,-0.018759229308266054,-0.011703577086995086,-0.018326967609663618,-0.018542610576772485,0.01254865225747337
2021-02,0.01770453247076748,0.01778165135169341,0.0004415439246134872,0.06552053418764892,-0.009174439872526946,-0.0182917437511962,0.02147623658032597,-0.01760320534783728,0.05034248362622293,0.01412978625181413,0.012172728748174988
2021-03,0.07396193553174724,0.06858740594194208,0.06392027022660964,0.08683362347099323,0.06065142284380802,0.07545766742622173,0.07438863910922841,0.0676018402092569,0.07582299686798097,0.07515877872385276,-0.04289532484199299
2021-04,0.018737229674562574,0.020560145148617894,0.016595427268859583,0.019755952245193126,0.04068798759183918,0.020517372674859393,0.0162368316426618,0.02405000135793105,0.020987711613790268,0.017357556250896748,0.05837503457046345
2021-05,0.011633156970882028,0.00847078378917117,0.021392161711448296,0.01396871848761199,0.010917497489875994,0.015188427082834093,0.015214230205723378,0.015616742979158176,0.01881275594957525,0.016850639558036812,-0.03729359042936309
2021-06,0.0043663141220610215,0.008462989778671487,0.0014599807721672683,-0.005300735175592058,0.015581281235740223,-0.006597366314113116,-0.001747318366397552,0.012727501812537938,-0.004172777106946889,-0.0013682780647416997,0.05378132057678231
2021-07,0.015059708036042434,0.016016561359595838,0.01703406599873317,-0.004990225382222197,0.016104339987845294,0.014577176951349703,0.012747087183612163,0.003077240002808154,0.0025728213715522793,0.008325788899065047,-0.033200232261828444
2021-08,0.022338121454490753,0.012615168300667485,0.006294431880067005,0.01041888574446148,-0.02011811178996705,-0.0021912724732111853,0.006106388167462251,-0.005868025172235818,0.010493086030407928,0.0017757309379075681,-0.035274534283126546
2021-09,-0.04130078061865525,-0.04023739283733682,-0.043691854585126845,-0.04607851450178005,-0.043331419236071075,-0.029990086747698513,-0.04365951862032972,-0.05392253044873249,-0.03641913647378517,-0.044879636179037376,0.023183526787558417
2021-10,0.04783612987852694,0.04801878325677463,0.04634613759242162,0.05374026447957263,0.045452464132047815,0.03443106484036083,0.045475366669303866,0.07994272448836655,0.05100900072694351,0.04738442264249211,-0.0490548137382546
2021-11,-0.00822226101920334,-0.01611877827835924,-0.030959484467641567,-0.019670690398041625,-0.02534333708570905,-0.035685980425975344,-0.022735228980360577,-0.024854883555279733,-0.033980852246092465,-0.028604914801588596,0.00039148248138642927
2021-12,0.06890069021090721,0.0679915205545551,0.05123356234028327,0.06696974345389435,0.03432751933546413,0.0706239617615009,0.06534693846508187,0.038052685851338724,0.052136710880116316,0.059304325464769395,-0.06713191707092914
2022-01,-0.031684033847673154,-0.024175247269097092,-0.02983231895699467,-0.018655720973735808,-0.026960883021595904,-0.00862104435604213,-0.02458825373975125,-0.013017649680737093,-0.019505990322576876,-0.02063365441307552,0.06725170046364903
2022-02,-0.0354681803001068,-0.029539993195600033,-0.03617498113091706,-0.01611013030953026,-0.014651778877231039,-0.02191300589612244,-0.029577092499183433,-0.012770069869279905,-0.020196126400503233,-0.02338562739495465,-0.04063616128174852
2022-03,0.032037689972612644,0.030296657808434612,0.02113742786267474,0.00760659401838887,-0.023367783371802644,0.03055415013834439,0.01903014628189216,0.039602845851045336,0.006348854941300706,0.01635819266944492,-0.08838089483386935
2022-04,-0.044861271394849474,-0.04325027083071312,-0.029770055982862583,-0.0740957854496544,-0.05139036766186001,0.0065128918328850455,-0.041032503665677234,-0.024741014225901383,-0.061071377213711066,-0.03779062622343853,0.1395080539910345
2022-05,0.005525200300765893,0.003071666821825585,0.014186951042477388,0.011285945451042655,0.019471139300698215,-0.02309265776261449,0.008120609537040859,0.005466580272888149,0.013847744013296718,0.010979910977407751,0.056726326224797896
2022-06,-0.06671190067523708,-0.06802707559606744,-0.04757926603776326,-0.10931821462436458,-0.05685501148759217,-0.034797304895169204,-0.06978610546856971,-0.058611778189149054,-0.08174888771764291,-0.06284761743950226,-0.041703659781490265
2022-07,0.033421265387905186,0.04858218980099637,0.005672670695099698,0.09755111070091883,0.04860673083918455,0.010997609282197741,0.04620831027631599,0.03964035346719366,0.060066109153331854,0.03568369412217134,0.02832180648470084
2022-08,-0.04989038288256381,-0.04235061135079963,-0.030116725465323898,-0.03875160232258432,0.02992741817162505,-0.010911221118090775,-0.0402833115595877,0.003608794212028748,-0.02833420687790427,-0.026443875717706327,-0.041933295859536646
2022-09,-0.08278198871461491,-0.0868478923026595,-0.07623489838681609,-0.11333925088497736,-0.0950871917998374,-0.056423392904675865,-0.09041970218253008,-0.06013885033577439,-0.09890961317581987,-0.08349505733517651,0.01890729926783785
2022-10,0.10812264282125937,0.11517216120357363,0.11729520518002741,0.1548027593780411,0.16348928936690516,0.11496355304381041,0.12699104057820848,0.14615506540672887,0.13991966413237747,0.12931444239512255,0.02476426895953776
2022-11,0.07201380035713344,0.06363395089506989,0.06538615535040136,0.07398617771750331,0.01163772189101809,0.053968231109222095,0.06880346369505756,0.04653669347866315,0.06797488462224795,0.06320381572789924,-0.03489601784964369
2022-12,-0.04102533155862788,-0.04076019479247684,-0.012156007386761715,-0.0536964866406048,-0.00810770869327091,-0.016824107014797182,-0.02956311782763787,-0.016381372756426434,-0.03736591348723409,-0.02355362000079115,0.04556088788623658
2023-01,0.003530351932245854,0.01442350206473418,-0.011349963653904123,0.06101347413671012,0.037402150363000396,-0.01934844258324019,0.014646851000233439,-0.004471185785360437,0.03610937252458617,0.008854789927662582,0.03347894069914781
2023-02,-0.04108981141854786,-0.03915849134448413,-0.03581823344098232,-0.03888013731172401,-0.004512052075928081,-0.029627660901997897,-0.041319141762424384,-0.023461294738808473,-0.037602990374930124,-0.035906904800883405,-0.023555429444652276
2023-03,0.04206480460874802,0.043039302864074,0.03968461221992106,-0.0017739833556270582,0.04306072240985336,0.03420339964379728,0.025363998939032534,0.023414989593897925,0.00951441369814095,0.02491918708168394,-0.03497532249809998
2023-04,0.00848451250603082,0.01571049420356036,0.020258534415313525,0.0006388285451372002,0.01444743596417864,0.02295324627358077,0.01491645929293253,0.008847901440538004,0.013110192665582283,0.012103673793992187,-0.013568007162575446
2023-05,-0.025575451144004585,-0.031335563426098015,-0.03355875971095194,-0.04857541458551061,-0.03880840048856655,-0.04743378023703634,-0.04601247995804405,-0.04038386257709212,-0.040042382156990915,-0.04402455761925151,0.08767831658793912
2023-06,0.0426772397186514,0.049214117710499335,0.05919825179791975,0.056609682385570306,0.1003642440375096,0.06632940169780664,0.052713333291048096,0.07636652162327218,0.0559649606908162,0.06008526816366423,0.04836180689824365
2023-07,0.025562755717698595,0.025597291423277692,0.007940579114890484,0.05858111727647372,0.010071737965349046,0.017183787089984828,0.02819831475826627,0.021295006933571184,0.03362681533805527,0.026664966209474554,0.012225142572713787
2023-08,-0.012498181961492539,-0.015724023409318225,-0.01601595167683569,-0.024203905410920722,-0.02079789382121058,-0.0027367315042042695,-0.018843565982013217,0.003084956796268762,-0.027170157407416545,-0.012372804900465143,0.022177807251843262
2023-09,-0.04041635545122765,-0.040550342843635304,-0.024071865293473178,-0.05406604536200486,-0.027183286497041378,-0.028625146186458766,-0.04215380525485127,-0.006134969782367196,-0.0377228328385469,-0.034223992585386234,0.020796283963720796
2023-10,-0.007404289958374124,-0.008455626847392275,0.012825316026978128,-0.04029282738339963,-0.004227198025847922,0.004493805943665728,-0.010251304511802325,-0.012865983134363315,-0.014277053213185578,-0.008751855002599337,-0.05002716833591381
2023-11,0.06456254919373978,0.06839500296566735,0.05407586603355963,0.08920760771935211,0.04346840201022643,0.017941889055441664,0.06596144618898209,0.008016204621644945,0.08191962929567996,0.05410382152267554,0.02301676119475604
2023-12,0.03268744246530708,0.0321913252694504,0.009434355932122322,0.07283053934859549,-0.005125712985950868,0.0002720863679409768,0.03586279365271496,-0.0005757270506733014,0.04664886140399579,0.025900701648642194,0.011180696432227188
2024-01,0.009861958078024714,0.012077501237863147,0.02161769185419424,-0.023649022926064456,0.006341312137209166,0.047812863998103666,0.0019443820476824148,0.02456049567603833,0.0011618889207244075,0.011854379594206795,0.04406902450633776
2024-02,0.01513911783521715,0.018889223206576176,0.010647583486500304,0.025115512799615873,0.013578811976985983,0.01873169729342235,0.016534506659948937,0.009518308979914068,0.019305123921067043,0.013340646677758822,0.01763567082464257
2024-03,0.035585994631338595,0.027278010207984746,0.012772046813770923,0.050730735131451744,-0.029891375576261644,0.012026636661196357,0.029166946254808434,0.006001472070318218,0.03244365461280649,0.024532394887399504,0.01845556200358578
2024-04,-0.06893246450641695,-0.06062823709097827,-0.05720543975325581,-0.04649822218302643,-0.007120664016579289,-0.02633638289499165,-0.053961100688660404,-0.011515497052746631,-0.04909731575825289,-0.04443752445867637,-0.013387384641916023
2024-05,0.049830962419718176,0.044205961118462984,0.03456054817429587,0.06090051847652523,0.01858973178237046,0.03130557696660629,0.041610892826676425,0.06911294539828425,0.04548424206168376,0.04433527695780914,0.075357501509693
2024-06,0.00928460208717547,0.011365737603558055,0.006825922258714685,0.00106892115001531,0.01614036454465566,0.01419281957544333,0.0014061288241280997,0.01790741771611696,0.00553121943287812,0.008161029962159602,-0.05269195613957933
2024-07,0.03065718751261645,0.03280072714928375,0.020556831506104687,0.05751205213531616,0.03284095819491974,0.02911096707218915,0.0383141619274494,0.034369171246610396,0.03790431355965367,0.03722923253130786,0.047020253279999036
2024-08,0.005548666014378742,0.011965020631238998,0.013704519402072575,0.006165390640255638,0.017870226611514342,0.054185467345536524,0.018419123732775565,0.015857093162104298,0.006726932183795327,0.016334835813609914,-0.01579875118588847
2024-09,0.021092458392367605,0.02128249658324565,0.012868420747116643,0.01444173488569204,0.015739296268370485,0.026851576458431576,0.017283547820246846,0.0003664762815916285,0.010708562370241802,0.012610739723211554,-0.041950543453591616
2024-10,-0.027245347433566235,-0.028852160907032357,-0.03901814725420351,-0.014371982754347317,-0.03453745211332534,-0.0262437575045926,-0.031153076833085075,-0.023766167980197123,-0.01740149990681057,-0.029917720156508645,-0.031722480200829684
2024-11,0.053931299618744696,0.057447597509953284,0.051750319119584186,0.06663300601712928,0.033637639287349246,0.0646192335381133,0.05453832188620764,0.03591653907016182,0.07578703602801802,0.049636578398981904,0.03935911457667385
2024-12,-0.04655398796621664,-0.04202254500402414,-0.0493475625015878,-0.0420806838935185,-0.006830767144207798,-0.046764994922918454,-0.046265213226299395,-0.03795231638822934,-0.045214578031760655,-0.04379623160075243,0.04316765976493531
