Series,Mean monthly (%),Monthly SD (%),Skewness,Worst month (%),Worst date,Monthly Sharpe,Monthly utility (decimal),N
P5 Tangency,1.5983006405381084,3.9770302657788124,0.08048634954577717,-10.814737782443121,2008-01,0.40188294625037685,0.012028813971650912,251
P8 Most diversified,1.1694209650710323,3.4285088526760004,0.30390664315246524,-8.648280421748428,2015-08,0.34108734010072117,0.008755541412490898,251
P6 Min variance,0.7771737388775004,3.0956381154225987,-0.08535693136837369,-9.295505208644824,2018-02,0.25105445465527393,0.00537599355336071,251
P10 ERC,0.8550809004291973,3.6230885459519175,-0.05778648793214393,-10.096814841338333,2008-10,0.23600883323278987,0.005269116351339977,251
P3 Alpha higher,0.8069337769891164,3.429294286815024,-0.16042128362986324,-9.236964633451922,2008-06,0.23530607451557056,0.005129322943495623,251
P2 Cap Jun 2014,0.8052996074286287,3.8979160861331676,-0.2323897834546811,-12.207688177088157,2008-10,0.20659747147802415,0.004254558620652358,251
P9 Group budget,0.8874972225052054,4.397084697885987,-0.11802845029167963,-13.576566616058983,2008-10,0.20183764550450728,0.004041383764956278,251
P7 Inverse vol,0.7782192768032837,3.8909217411507027,-0.19909919417020838,-12.165582330773104,2008-10,0.20000897694054698,0.003997374769093034,251
P1 Cap Jan 2004,0.6572286971592909,3.987761254951184,-0.23977151833146237,-13.002113928054374,2008-10,0.16481144560579675,0.0025967270149704486,251
DJIA price index,0.6743006168465779,4.163798779050505,-0.39493489491193484,-14.060435033444962,2008-04,0.16194361270271146,0.0024087011003601604,251
P4 Alpha lower,0.9136838819102723,5.288584077990521,-0.08437749180216714,-16.494452210840528,2020-03,0.17276531268789824,0.002144558431609012,251
