Month,Ticker,Price return (%),In estimation sample,Previous price,Current price,Phase
2004-12,CRM,40.26334026334026,True,14.43,20.24,Estimation
2005-02,AAPL,-41.66449934980495,True,76.9,44.86,Estimation
2005-05,UNH,-48.598031954290555,True,94.51,48.58,Estimation
2005-07,CAT,-43.437204910292735,True,95.31,53.91,Estimation
2009-01,BAC,-53.26704545454546,True,28.16,13.16,Estimation
2009-03,BAC,72.65822784810128,True,7.9,13.64,Estimation
2009-04,AXP,85.03301540718999,True,13.63,25.22,Estimation
2015-11,HPQ,-53.486646884273,False,26.96,12.54,Candidate OOS
2020-03,BA,-45.788955173892454,False,275.10999,149.14,Candidate OOS
2020-11,BA,45.931165593185156,False,144.39,210.71001,Candidate OOS
